Datetime,load,baseline,xgb_weather,xgb_no_weather
2017-01-01 00:00:00,10500.0,10194.0,10623.659,10416.6
2017-01-01 01:00:00,10197.0,9755.0,10318.602,10113.701
2017-01-01 02:00:00,9893.0,9348.0,10042.079,9587.21
2017-01-01 03:00:00,9654.0,9079.0,9757.607,9455.413
2017-01-01 04:00:00,9437.0,8880.0,9480.851,9268.877
2017-01-01 05:00:00,9370.0,8782.0,9445.037,9203.517
2017-01-01 06:00:00,9322.0,8800.0,9463.233,9215.811
2017-01-01 07:00:00,9459.0,8912.0,9540.68,9197.526
2017-01-01 08:00:00,9602.0,9155.0,9982.914,9406.595
2017-01-01 09:00:00,9587.0,9384.0,10116.293,9671.506
2017-01-01 10:00:00,9530.0,9581.0,10239.0625,9879.9795
2017-01-01 11:00:00,9513.0,9870.0,10256.261,10305.867
2017-01-01 12:00:00,9477.0,9974.0,10187.338,10252.73
2017-01-01 13:00:00,9511.0,10052.0,10033.78,10306.095
2017-01-01 14:00:00,9459.0,10049.0,10013.185,10325.312
2017-01-01 15:00:00,9367.0,9992.0,9935.571,10247.338
2017-01-01 16:00:00,9328.0,9949.0,9988.171,10217.63
2017-01-01 17:00:00,9428.0,10086.0,10064.95,10298.065
2017-01-01 18:00:00,10134.0,10599.0,10749.759,10769.475
2017-01-01 19:00:00,10851.0,10890.0,11335.942,11078.436
2017-01-01 20:00:00,10882.0,10837.0,11298.005,11261.25
2017-01-01 21:00:00,10831.0,10769.0,11156.052,11233.702
2017-01-01 22:00:00,10691.0,10709.0,11085.481,11204.674
2017-01-01 23:00:00,10484.0,10518.0,10966.318,10947.731
2017-01-02 00:00:00,10114.0,10135.0,10477.346,10489.72
2017-01-02 01:00:00,9678.0,9677.0,10007.78,9922.476
2017-01-02 02:00:00,9296.0,9222.0,9623.032,9515.835
2017-01-02 03:00:00,9076.0,8820.0,9260.909,9411.658
2017-01-02 04:00:00,8995.0,8636.0,9149.099,9443.347
2017-01-02 05:00:00,8960.0,8498.0,9116.25,9395.415
2017-01-02 06:00:00,9119.0,8613.0,9072.224,9540.477
2017-01-02 07:00:00,9399.0,8848.0,9400.953,9780.688
2017-01-02 08:00:00,9747.0,9187.0,9715.2295,10259.835
2017-01-02 09:00:00,9866.0,9326.0,9770.959,10767.782
2017-01-02 10:00:00,9978.0,9417.0,9997.0,11008.511
2017-01-02 11:00:00,10222.0,9519.0,10168.119,11124.443
2017-01-02 12:00:00,10367.0,9732.0,10334.204,11351.923
2017-01-02 13:00:00,10458.0,9709.0,10422.168,11307.716
2017-01-02 14:00:00,10503.0,9635.0,10530.826,11283.368
2017-01-02 15:00:00,10629.0,9576.0,10352.286,11166.261
2017-01-02 16:00:00,10674.0,9522.0,10273.838,11108.425
2017-01-02 17:00:00,10878.0,9611.0,10421.313,11162.714
2017-01-02 18:00:00,11381.0,10417.0,11027.387,11246.529
2017-01-02 19:00:00,11686.0,11279.0,11342.403,11667.811
2017-01-02 20:00:00,11508.0,11431.0,11456.081,11686.452
2017-01-02 21:00:00,11355.0,11436.0,11436.997,11704.967
2017-01-02 22:00:00,11070.0,11335.0,11356.7705,11766.019
2017-01-02 23:00:00,10666.0,11144.0,10984.397,11481.385
2017-01-03 00:00:00,10106.0,10617.0,10367.839,10572.38
2017-01-03 01:00:00,9519.0,10095.0,9830.307,9959.366
2017-01-03 02:00:00,9133.0,9700.0,9304.952,9602.736
2017-01-03 03:00:00,8918.0,9524.0,9059.589,9368.292
2017-01-03 04:00:00,8810.0,9399.0,8931.932,9309.95
2017-01-03 05:00:00,8832.0,9432.0,8804.858,9185.477
2017-01-03 06:00:00,9080.0,9659.0,9115.454,9433.22
2017-01-03 07:00:00,9796.0,10313.0,9759.696,9837.838
2017-01-03 08:00:00,10746.0,11115.0,10475.541,10643.942
2017-01-03 09:00:00,11421.0,11560.0,11014.978,11286.716
2017-01-03 10:00:00,11591.0,11743.0,11140.697,11548.535
2017-01-03 11:00:00,11744.0,11900.0,11333.093,11578.404
2017-01-03 12:00:00,11957.0,12075.0,11379.745,11486.611
2017-01-03 13:00:00,12074.0,12146.0,11383.762,11481.638
2017-01-03 14:00:00,12203.0,12060.0,11395.123,11501.254
2017-01-03 15:00:00,12206.0,11995.0,11404.205,11518.086
2017-01-03 16:00:00,12182.0,11915.0,11304.447,11496.767
2017-01-03 17:00:00,12143.0,11929.0,11435.809,11549.563
2017-01-03 18:00:00,12640.0,12508.0,11818.017,11841.279
2017-01-03 19:00:00,13032.0,13086.0,12055.182,11889.208
2017-01-03 20:00:00,12830.0,12919.0,12030.312,12025.706
2017-01-03 21:00:00,12672.0,12724.0,12097.458,12321.613
2017-01-03 22:00:00,12413.0,12459.0,12111.902,12193.233
2017-01-03 23:00:00,12071.0,12038.0,11945.806,12133.74
2017-01-04 00:00:00,11484.0,11360.0,11371.498,10860.453
2017-01-04 01:00:00,11005.0,10693.0,10690.349,9963.789
2017-01-04 02:00:00,10672.0,10244.0,10304.843,9538.687
2017-01-04 03:00:00,10492.0,9967.0,10215.358,9322.635
2017-01-04 04:00:00,10502.0,9820.0,10216.46,9269.684
2017-01-04 05:00:00,10568.0,9836.0,10204.607,9254.616
2017-01-04 06:00:00,10854.0,10109.0,10488.822,9403.228
2017-01-04 07:00:00,11517.0,10653.0,11125.097,10073.381
2017-01-04 08:00:00,12547.0,11432.0,12419.984,11285.003
2017-01-04 09:00:00,13031.0,11805.0,12820.661,12135.434
2017-01-04 10:00:00,13065.0,11856.0,12950.599,12656.279
2017-01-04 11:00:00,13163.0,11878.0,12981.28,12896.831
2017-01-04 12:00:00,13207.0,11845.0,13093.0625,12816.55
2017-01-04 13:00:00,13161.0,11758.0,13011.71,12789.553
2017-01-04 14:00:00,13105.0,11727.0,12984.248,12607.255
2017-01-04 15:00:00,13046.0,11703.0,12911.073,12640.063
2017-01-04 16:00:00,12954.0,11568.0,12887.982,12619.748
2017-01-04 17:00:00,12966.0,11644.0,12959.8955,12721.449
2017-01-04 18:00:00,13631.0,12216.0,13094.889,12695.312
2017-01-04 19:00:00,14300.0,12699.0,14036.056,13330.746
2017-01-04 20:00:00,14197.0,12476.0,14103.945,13481.37
2017-01-04 21:00:00,14028.0,12292.0,13905.33,13419.745
2017-01-04 22:00:00,13801.0,11993.0,13610.999,13335.333
2017-01-04 23:00:00,13330.0,11596.0,13164.535,13589.141
2017-01-05 00:00:00,12635.0,10987.0,12741.675,12467.692
2017-01-05 01:00:00,12018.0,10387.0,11983.985,11436.8
2017-01-05 02:00:00,11622.0,9969.0,11716.215,11155.349
2017-01-05 03:00:00,11363.0,9694.0,11368.229,10693.953
2017-01-05 04:00:00,11281.0,9529.0,11256.915,10501.281
2017-01-05 05:00:00,11264.0,9567.0,11272.013,10458.408
2017-01-05 06:00:00,11527.0,9770.0,11479.884,10815.534
2017-01-05 07:00:00,12109.0,10340.0,12003.347,11623.557
2017-01-05 08:00:00,12983.0,11180.0,13023.185,12612.025
2017-01-05 09:00:00,13550.0,11573.0,13385.502,13233.898
2017-01-05 10:00:00,13682.0,11632.0,13471.434,13298.341
2017-01-05 11:00:00,13650.0,11755.0,13616.391,13440.004
2017-01-05 12:00:00,13683.0,11844.0,13533.447,13492.405
2017-01-05 13:00:00,13707.0,12104.0,13463.973,13430.497
2017-01-05 14:00:00,13777.0,12226.0,13378.396,13353.278
2017-01-05 15:00:00,13772.0,12241.0,13331.583,13334.426
2017-01-05 16:00:00,13636.0,12251.0,13259.778,13297.842
2017-01-05 17:00:00,13597.0,12198.0,13245.834,13454.23
2017-01-05 18:00:00,14110.0,12693.0,13631.33,13575.591
2017-01-05 19:00:00,14681.0,13087.0,14883.267,14164.27
2017-01-05 20:00:00,14580.0,12797.0,14920.4375,14286.464
2017-01-05 21:00:00,14455.0,12599.0,14744.786,14249.79
2017-01-05 22:00:00,14209.0,12293.0,14356.191,13955.844
2017-01-05 23:00:00,13787.0,11900.0,13819.184,13433.771
2017-01-06 00:00:00,13111.0,11254.0,12975.388,12783.794
2017-01-06 01:00:00,12485.0,10596.0,12332.516,11953.089
2017-01-06 02:00:00,12072.0,10137.0,11951.844,11474.533
2017-01-06 03:00:00,11820.0,9838.0,11817.067,11156.015
2017-01-06 04:00:00,11666.0,9715.0,11676.417,10873.857
2017-01-06 05:00:00,11646.0,9657.0,11665.559,10897.969
2017-01-06 06:00:00,11903.0,9885.0,11870.397,11307.042
2017-01-06 07:00:00,12518.0,10392.0,12548.78,12025.751
2017-01-06 08:00:00,13386.0,11013.0,13321.3545,12950.112
2017-01-06 09:00:00,13946.0,11286.0,13920.914,13477.213
2017-01-06 10:00:00,13981.0,11457.0,14119.37,13701.969
2017-01-06 11:00:00,13997.0,11507.0,14020.327,14023.379
2017-01-06 12:00:00,14022.0,11576.0,14090.295,14040.626
2017-01-06 13:00:00,13967.0,11506.0,13997.845,13965.513
2017-01-06 14:00:00,13894.0,11367.0,13971.34,13876.939
2017-01-06 15:00:00,13851.0,11331.0,13841.996,13742.596
2017-01-06 16:00:00,13729.0,11369.0,13808.196,13656.106
2017-01-06 17:00:00,13643.0,11363.0,13762.627,13617.633
2017-01-06 18:00:00,14064.0,11930.0,14076.413,13776.754
2017-01-06 19:00:00,14730.0,12533.0,15028.549,14439.578
2017-01-06 20:00:00,14675.0,12375.0,14968.068,14480.577
2017-01-06 21:00:00,14490.0,12229.0,14776.489,14373.959
2017-01-06 22:00:00,14224.0,11982.0,14486.232,14285.064
2017-01-06 23:00:00,13866.0,11613.0,14056.709,13783.685
2017-01-07 00:00:00,13231.0,11056.0,13376.663,13000.948
2017-01-07 01:00:00,12667.0,10419.0,12797.071,11970.805
2017-01-07 02:00:00,12204.0,9940.0,12269.769,11589.057
2017-01-07 03:00:00,11951.0,9604.0,11939.021,11284.28
2017-01-07 04:00:00,11724.0,9318.0,11733.515,10966.733
2017-01-07 05:00:00,11679.0,9224.0,11737.203,10872.587
2017-01-07 06:00:00,11716.0,9209.0,11701.603,11014.977
2017-01-07 07:00:00,12017.0,9343.0,12014.54,11087.766
2017-01-07 08:00:00,12348.0,9715.0,12477.967,11876.904
2017-01-07 09:00:00,12573.0,9809.0,12735.63,12167.885
2017-01-07 10:00:00,12664.0,9974.0,12657.634,12326.046
2017-01-07 11:00:00,12742.0,10087.0,12595.111,12462.105
2017-01-07 12:00:00,12755.0,10187.0,12758.422,12668.129
2017-01-07 13:00:00,12618.0,10299.0,12761.028,12760.632
2017-01-07 14:00:00,12501.0,10385.0,12648.968,12745.973
2017-01-07 15:00:00,12304.0,10261.0,12438.779,12626.665
2017-01-07 16:00:00,12147.0,10313.0,12484.604,12435.213
2017-01-07 17:00:00,12100.0,10416.0,12525.183,12376.45
2017-01-07 18:00:00,12615.0,11037.0,12721.989,12605.554
2017-01-07 19:00:00,13377.0,11587.0,13500.408,13515.674
2017-01-07 20:00:00,13458.0,11549.0,13455.08,13421.873
2017-01-07 21:00:00,13358.0,11273.0,13434.143,13212.943
2017-01-07 22:00:00,13187.0,11085.0,13313.843,13106.827
2017-01-07 23:00:00,12970.0,10801.0,12907.452,12882.333
2017-01-08 00:00:00,12551.0,10500.0,12598.6455,12402.119
2017-01-08 01:00:00,12029.0,10197.0,12172.274,11646.499
2017-01-08 02:00:00,11636.0,9893.0,11805.095,11217.959
2017-01-08 03:00:00,11406.0,9654.0,11553.942,11061.416
2017-01-08 04:00:00,11233.0,9437.0,11409.149,10833.463
2017-01-08 05:00:00,11190.0,9370.0,11381.865,10760.156
2017-01-08 06:00:00,11215.0,9322.0,11411.209,10764.823
2017-01-08 07:00:00,11396.0,9459.0,11613.362,10837.433
2017-01-08 08:00:00,11683.0,9602.0,11946.808,11101.981
2017-01-08 09:00:00,11763.0,9587.0,11987.637,11358.442
2017-01-08 10:00:00,11804.0,9530.0,12006.91,11452.507
2017-01-08 11:00:00,11879.0,9513.0,11892.015,11492.758
2017-01-08 12:00:00,11871.0,9477.0,11784.494,11573.611
2017-01-08 13:00:00,11834.0,9511.0,11668.432,11796.326
2017-01-08 14:00:00,11777.0,9459.0,11595.891,11603.949
2017-01-08 15:00:00,11664.0,9367.0,11517.196,11572.283
2017-01-08 16:00:00,11690.0,9328.0,11573.111,11724.048
2017-01-08 17:00:00,11829.0,9428.0,11626.886,11673.944
2017-01-08 18:00:00,12509.0,10134.0,12201.77,12354.931
2017-01-08 19:00:00,13243.0,10851.0,13170.829,13140.7
2017-01-08 20:00:00,13335.0,10882.0,13176.199,13310.842
2017-01-08 21:00:00,13181.0,10831.0,13142.145,13234.3955
2017-01-08 22:00:00,13051.0,10691.0,12897.884,13151.715
2017-01-08 23:00:00,12651.0,10484.0,12671.611,12897.894
2017-01-09 00:00:00,12044.0,10114.0,12140.805,12285.718
2017-01-09 01:00:00,11518.0,9678.0,11421.154,12055.021
2017-01-09 02:00:00,11116.0,9296.0,10972.658,11523.4375
2017-01-09 03:00:00,10919.0,9076.0,10846.457,11437.376
2017-01-09 04:00:00,10798.0,8995.0,10652.702,11206.669
2017-01-09 05:00:00,10807.0,8960.0,10551.45,11130.498
2017-01-09 06:00:00,10991.0,9119.0,10720.869,11222.56
2017-01-09 07:00:00,11609.0,9399.0,11373.819,12055.52
2017-01-09 08:00:00,12668.0,9747.0,11824.363,12706.017
2017-01-09 09:00:00,13214.0,9866.0,12152.452,13274.864
2017-01-09 10:00:00,13247.0,9978.0,12278.897,13598.954
2017-01-09 11:00:00,13248.0,10222.0,12639.424,13752.553
2017-01-09 12:00:00,13255.0,10367.0,13063.948,13873.711
2017-01-09 13:00:00,13219.0,10458.0,12687.903,13608.387
2017-01-09 14:00:00,13205.0,10503.0,12707.403,13633.679
2017-01-09 15:00:00,13090.0,10629.0,12809.714,13890.537
2017-01-09 16:00:00,13061.0,10674.0,12819.938,13744.393
2017-01-09 17:00:00,13144.0,10878.0,12726.926,13529.016
2017-01-09 18:00:00,13638.0,11381.0,13481.449,14356.557
2017-01-09 19:00:00,13973.0,11686.0,13712.299,14482.486
2017-01-09 20:00:00,13804.0,11508.0,13713.561,14427.733
2017-01-09 21:00:00,13622.0,11355.0,13546.923,14313.743
2017-01-09 22:00:00,13216.0,11070.0,13182.351,14056.23
2017-01-09 23:00:00,12602.0,10666.0,12654.371,13690.28
2017-01-10 00:00:00,11888.0,10106.0,11815.652,12362.598
2017-01-10 01:00:00,11132.0,9519.0,11117.914,11721.278
2017-01-10 02:00:00,10601.0,9133.0,10433.342,11148.821
2017-01-10 03:00:00,10310.0,8918.0,9947.27,10611.973
2017-01-10 04:00:00,10134.0,8810.0,9679.682,10504.077
2017-01-10 05:00:00,10113.0,8832.0,9671.542,10498.423
2017-01-10 06:00:00,10274.0,9080.0,9845.224,10664.718
2017-01-10 07:00:00,10973.0,9796.0,10471.811,11299.398
2017-01-10 08:00:00,11939.0,10746.0,11657.888,12624.883
2017-01-10 09:00:00,12682.0,11421.0,12311.759,12940.176
2017-01-10 10:00:00,12794.0,11591.0,12390.118,12964.842
2017-01-10 11:00:00,12836.0,11744.0,12554.129,13101.511
2017-01-10 12:00:00,12934.0,11957.0,12513.049,13142.18
2017-01-10 13:00:00,12844.0,12074.0,12484.179,13090.832
2017-01-10 14:00:00,12770.0,12203.0,12472.405,13049.26
2017-01-10 15:00:00,12700.0,12206.0,12453.606,12870.687
2017-01-10 16:00:00,12563.0,12182.0,12361.905,12793.995
2017-01-10 17:00:00,12483.0,12143.0,12299.942,12750.246
2017-01-10 18:00:00,12927.0,12640.0,12746.539,12967.715
2017-01-10 19:00:00,13310.0,13032.0,13254.891,13358.565
2017-01-10 20:00:00,13204.0,12830.0,13338.683,13450.342
2017-01-10 21:00:00,13148.0,12672.0,13275.094,13397.582
2017-01-10 22:00:00,12885.0,12413.0,13028.319,13061.819
2017-01-10 23:00:00,12445.0,12071.0,12533.775,12458.046
2017-01-11 00:00:00,11776.0,11484.0,11872.061,11810.464
2017-01-11 01:00:00,11036.0,11005.0,11126.994,10963.099
2017-01-11 02:00:00,10570.0,10672.0,10707.745,10540.166
2017-01-11 03:00:00,10322.0,10492.0,10439.596,10333.775
2017-01-11 04:00:00,10178.0,10502.0,10320.548,10135.345
2017-01-11 05:00:00,10128.0,10568.0,10300.681,10142.448
2017-01-11 06:00:00,10353.0,10854.0,10496.92,10325.873
2017-01-11 07:00:00,11075.0,11517.0,11073.131,11067.924
2017-01-11 08:00:00,12157.0,12547.0,12092.898,12226.329
2017-01-11 09:00:00,12769.0,13031.0,12513.457,12773.926
2017-01-11 10:00:00,12793.0,13065.0,12628.199,12894.21
2017-01-11 11:00:00,12735.0,13163.0,12550.353,12875.028
2017-01-11 12:00:00,12772.0,13207.0,12408.659,12803.876
2017-01-11 13:00:00,12734.0,13161.0,12290.199,12795.506
2017-01-11 14:00:00,12620.0,13105.0,12223.514,12673.657
2017-01-11 15:00:00,12585.0,13046.0,12221.187,12692.267
2017-01-11 16:00:00,12410.0,12954.0,12220.174,12601.918
2017-01-11 17:00:00,12399.0,12966.0,12218.383,12629.313
2017-01-11 18:00:00,12789.0,13631.0,12456.163,12862.383
2017-01-11 19:00:00,13012.0,14300.0,13264.393,13463.533
2017-01-11 20:00:00,12946.0,14197.0,13243.978,13502.614
2017-01-11 21:00:00,12807.0,14028.0,13143.737,13273.486
2017-01-11 22:00:00,12540.0,13801.0,12881.577,13050.796
2017-01-11 23:00:00,12002.0,13330.0,12429.37,12507.731
2017-01-12 00:00:00,11348.0,12635.0,11544.095,11615.643
2017-01-12 01:00:00,10671.0,12018.0,10889.79,10890.821
2017-01-12 02:00:00,10285.0,11622.0,10356.719,10534.7295
2017-01-12 03:00:00,10092.0,11363.0,10106.766,10253.802
2017-01-12 04:00:00,9997.0,11281.0,10027.204,10135.574
2017-01-12 05:00:00,10025.0,11264.0,9933.626,10108.217
2017-01-12 06:00:00,10327.0,11527.0,10267.802,10282.388
2017-01-12 07:00:00,11149.0,12109.0,11045.359,11037.061
2017-01-12 08:00:00,12266.0,12983.0,12139.422,12167.261
2017-01-12 09:00:00,12968.0,13550.0,12662.442,12579.967
2017-01-12 10:00:00,13124.0,13682.0,12820.17,12755.224
2017-01-12 11:00:00,13185.0,13650.0,12838.492,12743.237
2017-01-12 12:00:00,13288.0,13683.0,12837.028,12714.072
2017-01-12 13:00:00,13232.0,13707.0,12819.333,12711.418
2017-01-12 14:00:00,13219.0,13777.0,12701.132,12754.07
2017-01-12 15:00:00,13204.0,13772.0,12675.279,12834.414
2017-01-12 16:00:00,13109.0,13636.0,12634.075,12687.952
2017-01-12 17:00:00,13001.0,13597.0,12684.944,12779.772
2017-01-12 18:00:00,13288.0,14110.0,13006.142,12963.78
2017-01-12 19:00:00,13859.0,14681.0,13763.064,13478.192
2017-01-12 20:00:00,13726.0,14580.0,13734.032,13501.482
2017-01-12 21:00:00,13497.0,14455.0,13650.679,13349.422
2017-01-12 22:00:00,13248.0,14209.0,13275.921,13200.498
2017-01-12 23:00:00,12767.0,13787.0,12822.945,12829.801
2017-01-13 00:00:00,12049.0,13111.0,11888.545,11948.982
2017-01-13 01:00:00,11321.0,12485.0,11199.038,11138.741
2017-01-13 02:00:00,10937.0,12072.0,10960.714,10804.242
2017-01-13 03:00:00,10715.0,11820.0,10703.118,10327.677
2017-01-13 04:00:00,10576.0,11666.0,10499.586,10144.827
2017-01-13 05:00:00,10571.0,11646.0,10622.776,10158.954
2017-01-13 06:00:00,10842.0,11903.0,10847.455,10517.554
2017-01-13 07:00:00,11506.0,12518.0,11523.676,11212.347
2017-01-13 08:00:00,12537.0,13386.0,12515.735,12547.946
2017-01-13 09:00:00,13074.0,13946.0,13014.293,13098.079
2017-01-13 10:00:00,13123.0,13981.0,13002.171,13115.542
2017-01-13 11:00:00,13179.0,13997.0,13087.783,13149.636
2017-01-13 12:00:00,13243.0,14022.0,13088.565,13127.131
2017-01-13 13:00:00,13175.0,13967.0,13018.278,13048.427
2017-01-13 14:00:00,13118.0,13894.0,12949.181,13039.361
2017-01-13 15:00:00,13077.0,13851.0,12964.0625,13016.068
2017-01-13 16:00:00,12977.0,13729.0,12941.141,12936.462
2017-01-13 17:00:00,12916.0,13643.0,12868.048,12920.666
2017-01-13 18:00:00,13278.0,14064.0,13091.328,13088.344
2017-01-13 19:00:00,13613.0,14730.0,13608.174,13775.949
2017-01-13 20:00:00,13402.0,14675.0,13602.154,13755.864
2017-01-13 21:00:00,13127.0,14490.0,13433.879,13545.905
2017-01-13 22:00:00,12805.0,14224.0,13157.491,13362.623
2017-01-13 23:00:00,12350.0,13866.0,12681.281,12846.887
2017-01-14 00:00:00,11693.0,13231.0,11963.155,12071.783
2017-01-14 01:00:00,11074.0,12667.0,11219.196,11267.37
2017-01-14 02:00:00,10558.0,12204.0,10707.122,10828.04
2017-01-14 03:00:00,10296.0,11951.0,10287.825,10350.447
2017-01-14 04:00:00,10081.0,11724.0,10026.284,10301.123
2017-01-14 05:00:00,9986.0,11679.0,10009.25,10285.536
2017-01-14 06:00:00,10059.0,11716.0,10126.76,10369.553
2017-01-14 07:00:00,10302.0,12017.0,10506.75,10862.362
2017-01-14 08:00:00,10748.0,12348.0,10953.609,11051.436
2017-01-14 09:00:00,11014.0,12573.0,11326.559,11507.796
2017-01-14 10:00:00,11229.0,12664.0,11439.133,11606.24
2017-01-14 11:00:00,11439.0,12742.0,11623.075,11623.321
2017-01-14 12:00:00,11563.0,12755.0,11543.094,11617.993
2017-01-14 13:00:00,11472.0,12618.0,11377.322,11415.147
2017-01-14 14:00:00,11304.0,12501.0,11322.794,11580.198
2017-01-14 15:00:00,11049.0,12304.0,11197.14,11500.788
2017-01-14 16:00:00,10929.0,12147.0,11061.6875,11443.636
2017-01-14 17:00:00,10851.0,12100.0,11123.42,11424.296
2017-01-14 18:00:00,11127.0,12615.0,11714.424,11733.147
2017-01-14 19:00:00,11825.0,13377.0,12176.775,12098.343
2017-01-14 20:00:00,11791.0,13458.0,12119.555,12161.364
2017-01-14 21:00:00,11711.0,13358.0,12139.091,11896.992
2017-01-14 22:00:00,11532.0,13187.0,11934.309,11940.737
2017-01-14 23:00:00,11328.0,12970.0,11731.813,11579.061
2017-01-15 00:00:00,10863.0,12551.0,11245.402,11094.616
2017-01-15 01:00:00,10395.0,12029.0,10836.764,10511.411
2017-01-15 02:00:00,10046.0,11636.0,10320.774,10197.206
2017-01-15 03:00:00,9849.0,11406.0,10084.002,9870.964
2017-01-15 04:00:00,9709.0,11233.0,9888.25,9675.884
2017-01-15 05:00:00,9670.0,11190.0,9909.43,9628.097
2017-01-15 06:00:00,9713.0,11215.0,9878.006,9648.72
2017-01-15 07:00:00,9865.0,11396.0,10143.118,9725.912
2017-01-15 08:00:00,10168.0,11683.0,10313.437,10051.331
2017-01-15 09:00:00,10271.0,11763.0,10664.055,10383.113
2017-01-15 10:00:00,10407.0,11804.0,10894.031,10709.658
2017-01-15 11:00:00,10672.0,11879.0,11018.952,10876.665
2017-01-15 12:00:00,10700.0,11871.0,10951.297,11035.574
2017-01-15 13:00:00,10614.0,11834.0,10890.161,11033.902
2017-01-15 14:00:00,10520.0,11777.0,10855.856,10986.268
2017-01-15 15:00:00,10363.0,11664.0,10747.221,10935.87
2017-01-15 16:00:00,10312.0,11690.0,10774.4,10940.824
2017-01-15 17:00:00,10404.0,11829.0,10815.888,10974.352
2017-01-15 18:00:00,10905.0,12509.0,11360.101,11498.187
2017-01-15 19:00:00,11554.0,13243.0,11950.326,11871.656
2017-01-15 20:00:00,11526.0,13335.0,11972.04,11937.871
2017-01-15 21:00:00,11418.0,13181.0,11960.775,11972.827
2017-01-15 22:00:00,11212.0,13051.0,11685.514,11893.326
2017-01-15 23:00:00,10930.0,12651.0,11438.598,11914.281
2017-01-16 00:00:00,10492.0,12044.0,10894.566,10778.933
2017-01-16 01:00:00,10021.0,11518.0,10545.696,10373.949
2017-01-16 02:00:00,9678.0,11116.0,10093.738,9882.95
2017-01-16 03:00:00,9486.0,10919.0,9973.728,9875.2
2017-01-16 04:00:00,9408.0,10798.0,9887.273,9859.131
2017-01-16 05:00:00,9421.0,10807.0,9909.263,9895.817
2017-01-16 06:00:00,9619.0,10991.0,9945.711,9969.629
2017-01-16 07:00:00,10236.0,11609.0,10303.053,10298.801
2017-01-16 08:00:00,11083.0,12668.0,11146.22,11571.093
2017-01-16 09:00:00,11646.0,13214.0,11526.726,11957.944
2017-01-16 10:00:00,11891.0,13247.0,11689.688,12130.417
2017-01-16 11:00:00,12113.0,13248.0,11934.879,12195.301
2017-01-16 12:00:00,12316.0,13255.0,12046.3955,12069.283
2017-01-16 13:00:00,12417.0,13219.0,12057.308,12105.481
2017-01-16 14:00:00,12399.0,13205.0,12187.081,12024.499
2017-01-16 15:00:00,12479.0,13090.0,12167.14,12105.323
2017-01-16 16:00:00,12487.0,13061.0,12076.327,12100.347
2017-01-16 17:00:00,12417.0,13144.0,11962.037,12244.79
2017-01-16 18:00:00,12774.0,13638.0,12248.753,12614.964
2017-01-16 19:00:00,12984.0,13973.0,12955.855,12978.265
2017-01-16 20:00:00,12738.0,13804.0,12978.848,13012.861
2017-01-16 21:00:00,12507.0,13622.0,12742.582,12937.603
2017-01-16 22:00:00,12160.0,13216.0,12363.137,12715.925
2017-01-16 23:00:00,11572.0,12602.0,11775.335,12333.926
2017-01-17 00:00:00,10888.0,11888.0,11020.94,11347.914
2017-01-17 01:00:00,10210.0,11132.0,10106.608,10555.337
2017-01-17 02:00:00,9802.0,10601.0,9451.206,9960.715
2017-01-17 03:00:00,9587.0,10310.0,9340.076,9867.975
2017-01-17 04:00:00,9394.0,10134.0,9286.456,9775.751
2017-01-17 05:00:00,9281.0,10113.0,9279.978,9775.751
2017-01-17 06:00:00,9548.0,10274.0,9527.391,9920.933
2017-01-17 07:00:00,10273.0,10973.0,10085.477,10489.589
2017-01-17 08:00:00,11376.0,11939.0,11209.927,11547.904
2017-01-17 09:00:00,12004.0,12682.0,11925.68,12270.174
2017-01-17 10:00:00,12021.0,12794.0,12195.247,12364.513
2017-01-17 11:00:00,12110.0,12836.0,12203.1045,12401.985
2017-01-17 12:00:00,12193.0,12934.0,12224.477,12367.812
2017-01-17 13:00:00,12156.0,12844.0,12235.792,12298.221
2017-01-17 14:00:00,12161.0,12770.0,12191.641,12215.929
2017-01-17 15:00:00,12151.0,12700.0,12149.851,12229.165
2017-01-17 16:00:00,12159.0,12563.0,12068.089,12099.342
2017-01-17 17:00:00,12094.0,12483.0,12187.649,12104.617
2017-01-17 18:00:00,12526.0,12927.0,12347.2705,12270.526
2017-01-17 19:00:00,12920.0,13310.0,12705.918,12595.592
2017-01-17 20:00:00,12684.0,13204.0,12689.5625,12683.084
2017-01-17 21:00:00,12505.0,13148.0,12506.232,12612.204
2017-01-17 22:00:00,12180.0,12885.0,12251.217,12298.909
2017-01-17 23:00:00,11697.0,12445.0,11869.523,12139.24
2017-01-18 00:00:00,10990.0,11776.0,11120.66,11130.683
2017-01-18 01:00:00,10305.0,11036.0,10365.155,10337.791
2017-01-18 02:00:00,9865.0,10570.0,9776.334,9762.364
2017-01-18 03:00:00,9649.0,10322.0,9460.692,9526.581
2017-01-18 04:00:00,9480.0,10178.0,9357.406,9482.788
2017-01-18 05:00:00,9498.0,10128.0,9222.385,9382.109
2017-01-18 06:00:00,9774.0,10353.0,9409.853,9535.077
2017-01-18 07:00:00,10467.0,11075.0,10246.398,10364.66
2017-01-18 08:00:00,11521.0,12157.0,11443.184,11426.819
2017-01-18 09:00:00,12156.0,12769.0,12058.743,12100.435
2017-01-18 10:00:00,12199.0,12793.0,12198.564,12354.54
2017-01-18 11:00:00,12243.0,12735.0,12226.523,12427.473
2017-01-18 12:00:00,12285.0,12772.0,12212.309,12363.7295
2017-01-18 13:00:00,12330.0,12734.0,12161.83,12369.772
2017-01-18 14:00:00,12339.0,12620.0,12117.432,12172.194
2017-01-18 15:00:00,12341.0,12585.0,12045.0205,12170.637
2017-01-18 16:00:00,12159.0,12410.0,11933.633,12070.463
2017-01-18 17:00:00,12045.0,12399.0,11917.052,12065.877
2017-01-18 18:00:00,12391.0,12789.0,12240.132,12353.168
2017-01-18 19:00:00,12910.0,13012.0,12812.76,12626.784
2017-01-18 20:00:00,12731.0,12946.0,12817.279,12739.83
2017-01-18 21:00:00,12571.0,12807.0,12590.218,12646.511
2017-01-18 22:00:00,12273.0,12540.0,12331.028,12341.237
2017-01-18 23:00:00,11775.0,12002.0,11878.769,11916.804
2017-01-19 00:00:00,11087.0,11348.0,11305.981,11228.787
2017-01-19 01:00:00,10470.0,10671.0,10541.111,10390.999
2017-01-19 02:00:00,10030.0,10285.0,10052.808,9853.221
2017-01-19 03:00:00,9780.0,10092.0,9732.594,9671.401
2017-01-19 04:00:00,9599.0,9997.0,9546.733,9553.502
2017-01-19 05:00:00,9562.0,10025.0,9573.385,9553.502
2017-01-19 06:00:00,9780.0,10327.0,9881.338,9732.035
2017-01-19 07:00:00,10479.0,11149.0,10521.217,10543.49
2017-01-19 08:00:00,11525.0,12266.0,11646.294,11509.147
2017-01-19 09:00:00,12060.0,12968.0,12112.164,12170.767
2017-01-19 10:00:00,12089.0,13124.0,12207.517,12338.607
2017-01-19 11:00:00,12105.0,13185.0,12218.188,12456.25
2017-01-19 12:00:00,12145.0,13288.0,12198.365,12474.743
2017-01-19 13:00:00,12083.0,13232.0,12131.202,12360.641
2017-01-19 14:00:00,11966.0,13219.0,12059.127,12307.324
2017-01-19 15:00:00,11976.0,13204.0,12034.769,12309.63
2017-01-19 16:00:00,11917.0,13109.0,11966.492,12262.643
2017-01-19 17:00:00,12011.0,13001.0,12020.139,12201.336
2017-01-19 18:00:00,12393.0,13288.0,12201.614,12427.219
2017-01-19 19:00:00,12756.0,13859.0,12671.406,12665.693
2017-01-19 20:00:00,12559.0,13726.0,12629.151,12773.189
2017-01-19 21:00:00,12337.0,13497.0,12484.564,12661.383
2017-01-19 22:00:00,12115.0,13248.0,12244.821,12450.688
2017-01-19 23:00:00,11580.0,12767.0,11737.99,11956.147
2017-01-20 00:00:00,10827.0,12049.0,11007.267,11014.935
2017-01-20 01:00:00,10184.0,11321.0,10280.2,10427.2705
2017-01-20 02:00:00,9768.0,10937.0,9702.856,9781.746
2017-01-20 03:00:00,9509.0,10715.0,9430.89,9486.028
2017-01-20 04:00:00,9378.0,10576.0,9092.145,9302.458
2017-01-20 05:00:00,9351.0,10571.0,9090.461,9277.595
2017-01-20 06:00:00,9593.0,10842.0,9522.6,9644.218
2017-01-20 07:00:00,10230.0,11506.0,10074.408,10454.229
2017-01-20 08:00:00,11236.0,12537.0,11188.499,11523.229
2017-01-20 09:00:00,11862.0,13074.0,11742.982,12014.595
2017-01-20 10:00:00,11950.0,13123.0,11904.882,12201.373
2017-01-20 11:00:00,12040.0,13179.0,11960.742,12209.288
2017-01-20 12:00:00,12035.0,13243.0,11906.217,12160.426
2017-01-20 13:00:00,11980.0,13175.0,11882.468,12041.6875
2017-01-20 14:00:00,11909.0,13118.0,11766.944,11975.188
2017-01-20 15:00:00,11831.0,13077.0,11777.779,11954.918
2017-01-20 16:00:00,11765.0,12977.0,11662.287,11832.103
2017-01-20 17:00:00,11739.0,12916.0,11707.527,11860.696
2017-01-20 18:00:00,12033.0,13278.0,11942.179,12021.467
2017-01-20 19:00:00,12342.0,13613.0,12402.787,12392.218
2017-01-20 20:00:00,12133.0,13402.0,12341.099,12436.613
2017-01-20 21:00:00,11904.0,13127.0,11968.685,12220.503
2017-01-20 22:00:00,11508.0,12805.0,11744.765,12006.76
2017-01-20 23:00:00,11168.0,12350.0,11394.877,11600.614
2017-01-21 00:00:00,10509.0,11693.0,10704.469,10945.716
2017-01-21 01:00:00,9855.0,11074.0,9948.978,10192.905
2017-01-21 02:00:00,9405.0,10558.0,9286.851,9731.251
2017-01-21 03:00:00,9063.0,10296.0,8905.177,9433.322
2017-01-21 04:00:00,8905.0,10081.0,8708.689,9372.11
2017-01-21 05:00:00,8765.0,9986.0,8622.464,9337.132
2017-01-21 06:00:00,8865.0,10059.0,8680.952,9490.139
2017-01-21 07:00:00,9080.0,10302.0,9179.536,9774.696
2017-01-21 08:00:00,9496.0,10748.0,9560.45,10110.268
2017-01-21 09:00:00,9754.0,11014.0,9927.36,10270.421
2017-01-21 10:00:00,9869.0,11229.0,10078.222,10442.904
2017-01-21 11:00:00,10007.0,11439.0,10240.765,10588.338
2017-01-21 12:00:00,10016.0,11563.0,10608.293,10825.823
2017-01-21 13:00:00,9909.0,11472.0,10606.394,10776.564
2017-01-21 14:00:00,9812.0,11304.0,10642.381,10634.217
2017-01-21 15:00:00,9635.0,11049.0,10497.577,10446.563
2017-01-21 16:00:00,9483.0,10929.0,10359.839,10418.401
2017-01-21 17:00:00,9414.0,10851.0,10124.042,10358.467
2017-01-21 18:00:00,9613.0,11127.0,10305.531,10615.679
2017-01-21 19:00:00,10302.0,11825.0,10667.288,10470.105
2017-01-21 20:00:00,10347.0,11791.0,10669.74,10818.701
2017-01-21 21:00:00,10246.0,11711.0,10626.671,10786.326
2017-01-21 22:00:00,10098.0,11532.0,10404.4375,10614.179
2017-01-21 23:00:00,9858.0,11328.0,10277.01,10346.562
2017-01-22 00:00:00,9477.0,10863.0,9809.217,9777.254
2017-01-22 01:00:00,9009.0,10395.0,9419.156,9335.622
2017-01-22 02:00:00,8673.0,10046.0,9012.811,8965.586
2017-01-22 03:00:00,8416.0,9849.0,8709.053,8664.144
2017-01-22 04:00:00,8272.0,9709.0,8584.2,8538.936
2017-01-22 05:00:00,8218.0,9670.0,8510.264,8439.08
2017-01-22 06:00:00,8289.0,9713.0,8692.507,8507.977
2017-01-22 07:00:00,8401.0,9865.0,8571.178,8704.388
2017-01-22 08:00:00,8720.0,10168.0,8827.307,8967.746
2017-01-22 09:00:00,8813.0,10271.0,9065.161,9247.897
2017-01-22 10:00:00,9079.0,10407.0,9209.106,9403.548
2017-01-22 11:00:00,9300.0,10672.0,9189.301,9448.719
2017-01-22 12:00:00,9440.0,10700.0,9257.906,9590.851
2017-01-22 13:00:00,9610.0,10614.0,9407.221,9618.851
2017-01-22 14:00:00,9668.0,10520.0,9367.076,9540.666
2017-01-22 15:00:00,9654.0,10363.0,9295.879,9389.71
2017-01-22 16:00:00,9678.0,10312.0,9241.47,9270.039
2017-01-22 17:00:00,9744.0,10404.0,9400.776,9422.769
2017-01-22 18:00:00,10187.0,10905.0,9604.385,9754.774
2017-01-22 19:00:00,10840.0,11554.0,10304.71,10262.327
2017-01-22 20:00:00,10890.0,11526.0,10438.181,10402.66
2017-01-22 21:00:00,10739.0,11418.0,10368.851,10518.8545
2017-01-22 22:00:00,10567.0,11212.0,10330.638,10520.298
2017-01-22 23:00:00,10172.0,10930.0,10181.51,10432.896
2017-01-23 00:00:00,9708.0,10492.0,9600.631,9827.969
2017-01-23 01:00:00,9561.0,10021.0,9221.6045,9427.862
2017-01-23 02:00:00,8914.0,9678.0,8845.984,9099.774
2017-01-23 03:00:00,8781.0,9486.0,8598.945,8864.508
2017-01-23 04:00:00,8687.0,9408.0,8495.09,8763.612
2017-01-23 05:00:00,8771.0,9421.0,8507.363,8763.612
2017-01-23 06:00:00,9052.0,9619.0,8694.987,9001.985
2017-01-23 07:00:00,9872.0,10236.0,9515.246,9786.272
2017-01-23 08:00:00,11056.0,11083.0,10839.034,10997.4375
2017-01-23 09:00:00,11711.0,11646.0,11298.74,11665.655
2017-01-23 10:00:00,11737.0,11891.0,11476.043,11846.626
2017-01-23 11:00:00,11866.0,12113.0,11531.381,11763.342
2017-01-23 12:00:00,11949.0,12316.0,11533.672,11780.912
2017-01-23 13:00:00,11891.0,12417.0,11593.078,11964.464
2017-01-23 14:00:00,11870.0,12399.0,11668.494,11967.468
2017-01-23 15:00:00,11839.0,12479.0,11781.96,12106.875
2017-01-23 16:00:00,11691.0,12487.0,11716.1,12042.914
2017-01-23 17:00:00,11608.0,12417.0,11704.169,12020.384
2017-01-23 18:00:00,11886.0,12774.0,11855.729,12033.22
2017-01-23 19:00:00,12371.0,12984.0,12066.382,12008.87
2017-01-23 20:00:00,12239.0,12738.0,12076.169,12209.735
2017-01-23 21:00:00,12013.0,12507.0,12050.018,12257.61
2017-01-23 22:00:00,11720.0,12160.0,12029.393,12161.182
2017-01-23 23:00:00,11213.0,11572.0,11587.847,11869.6045
2017-01-24 00:00:00,10516.0,10888.0,10504.954,10908.502
2017-01-24 01:00:00,9845.0,10210.0,9938.477,10200.353
2017-01-24 02:00:00,9427.0,9802.0,9395.123,9685.002
2017-01-24 03:00:00,9159.0,9587.0,9141.629,9383.253
2017-01-24 04:00:00,9058.0,9394.0,9003.34,9323.692
2017-01-24 05:00:00,9076.0,9281.0,9006.0625,9331.863
2017-01-24 06:00:00,9368.0,9548.0,9314.69,9534.183
2017-01-24 07:00:00,10043.0,10273.0,10206.38,10349.61
2017-01-24 08:00:00,11089.0,11376.0,11265.723,11399.788
2017-01-24 09:00:00,11785.0,12004.0,11762.187,11846.277
2017-01-24 10:00:00,11928.0,12021.0,11884.74,11983.626
2017-01-24 11:00:00,11994.0,12110.0,11995.359,12036.973
2017-01-24 12:00:00,12062.0,12193.0,11974.548,12010.264
2017-01-24 13:00:00,12090.0,12156.0,11929.6875,11948.588
2017-01-24 14:00:00,12009.0,12161.0,11894.4,11880.636
2017-01-24 15:00:00,11999.0,12151.0,11804.068,11907.365
2017-01-24 16:00:00,11954.0,12159.0,11679.672,11876.216
2017-01-24 17:00:00,11905.0,12094.0,11732.982,11959.507
2017-01-24 18:00:00,12156.0,12526.0,12025.245,11978.918
2017-01-24 19:00:00,12640.0,12920.0,12477.009,12235.347
2017-01-24 20:00:00,12532.0,12684.0,12475.525,12333.254
2017-01-24 21:00:00,12346.0,12505.0,12310.267,12212.344
2017-01-24 22:00:00,12023.0,12180.0,12153.45,12253.271
2017-01-24 23:00:00,11532.0,11697.0,11820.729,12144.171
2017-01-25 00:00:00,10834.0,10990.0,10867.315,10923.771
2017-01-25 01:00:00,10165.0,10305.0,10021.499,10183.642
2017-01-25 02:00:00,9755.0,9865.0,9510.5,9694.912
2017-01-25 03:00:00,9514.0,9649.0,9278.851,9562.663
2017-01-25 04:00:00,9441.0,9480.0,9162.284,9398.616
2017-01-25 05:00:00,9414.0,9498.0,9147.555,9409.476
2017-01-25 06:00:00,9685.0,9774.0,9351.134,9620.064
2017-01-25 07:00:00,10381.0,10467.0,9994.645,10068.204
2017-01-25 08:00:00,11397.0,11521.0,11179.819,11293.579
2017-01-25 09:00:00,11901.0,12156.0,11791.331,11913.243
2017-01-25 10:00:00,11961.0,12199.0,12003.432,12109.527
2017-01-25 11:00:00,12003.0,12243.0,12013.902,12186.374
2017-01-25 12:00:00,12064.0,12285.0,11880.41,12178.0205
2017-01-25 13:00:00,12060.0,12330.0,11880.106,12105.7
2017-01-25 14:00:00,12116.0,12339.0,11858.778,12022.4795
2017-01-25 15:00:00,12169.0,12341.0,11985.647,11984.584
2017-01-25 16:00:00,12172.0,12159.0,11884.905,11984.469
2017-01-25 17:00:00,12175.0,12045.0,11921.409,11970.148
2017-01-25 18:00:00,12481.0,12391.0,12066.423,12030.258
2017-01-25 19:00:00,12794.0,12910.0,12532.705,12499.977
2017-01-25 20:00:00,12624.0,12731.0,12504.769,12617.89
2017-01-25 21:00:00,12425.0,12571.0,12399.471,12464.449
2017-01-25 22:00:00,12131.0,12273.0,12197.472,12254.243
2017-01-25 23:00:00,11592.0,11775.0,11799.911,11932.031
2017-01-26 00:00:00,10928.0,11087.0,11065.509,11157.798
2017-01-26 01:00:00,10307.0,10470.0,10249.422,10290.7295
2017-01-26 02:00:00,9869.0,10030.0,9782.199,9884.387
2017-01-26 03:00:00,9608.0,9780.0,9389.654,9607.3125
2017-01-26 04:00:00,9505.0,9599.0,9257.224,9528.382
2017-01-26 05:00:00,9457.0,9562.0,9308.616,9546.004
2017-01-26 06:00:00,9775.0,9780.0,9656.918,9803.867
2017-01-26 07:00:00,10536.0,10479.0,10467.045,10435.11
2017-01-26 08:00:00,11625.0,11525.0,11512.34,11420.93
2017-01-26 09:00:00,12158.0,12060.0,12098.328,12001.805
2017-01-26 10:00:00,12290.0,12089.0,12216.786,12174.1875
2017-01-26 11:00:00,12343.0,12105.0,12294.497,12273.2705
2017-01-26 12:00:00,12443.0,12145.0,12276.295,12278.519
2017-01-26 13:00:00,12451.0,12083.0,12276.964,12243.598
2017-01-26 14:00:00,12388.0,11966.0,12212.686,12151.457
2017-01-26 15:00:00,12360.0,11976.0,12189.362,12063.641
2017-01-26 16:00:00,12287.0,11917.0,12138.479,12016.864
2017-01-26 17:00:00,12290.0,12011.0,12167.5625,12022.621
2017-01-26 18:00:00,12533.0,12393.0,12370.895,12210.268
2017-01-26 19:00:00,12973.0,12756.0,12880.829,12612.892
2017-01-26 20:00:00,12870.0,12559.0,12887.523,12654.812
2017-01-26 21:00:00,12632.0,12337.0,12647.724,12551.781
2017-01-26 22:00:00,12356.0,12115.0,12506.907,12356.207
2017-01-26 23:00:00,11821.0,11580.0,12137.06,11949.302
2017-01-27 00:00:00,11097.0,10827.0,11265.47,11242.652
2017-01-27 01:00:00,10437.0,10184.0,10470.823,10300.923
2017-01-27 02:00:00,10076.0,9768.0,10151.557,9914.833
2017-01-27 03:00:00,9847.0,9509.0,9976.319,9757.712
2017-01-27 04:00:00,9766.0,9378.0,9756.481,9687.951
2017-01-27 05:00:00,9790.0,9351.0,9753.728,9661.427
2017-01-27 06:00:00,10045.0,9593.0,9940.7705,9807.233
2017-01-27 07:00:00,10740.0,10230.0,10557.345,10536.06
2017-01-27 08:00:00,11812.0,11236.0,11590.898,11550.508
2017-01-27 09:00:00,12469.0,11862.0,12118.7,12295.333
2017-01-27 10:00:00,12610.0,11950.0,12401.338,12310.571
2017-01-27 11:00:00,12777.0,12040.0,12448.356,12287.041
2017-01-27 12:00:00,12873.0,12035.0,12439.73,12160.128
2017-01-27 13:00:00,12851.0,11980.0,12466.6875,12116.934
2017-01-27 14:00:00,12773.0,11909.0,12391.757,12025.651
2017-01-27 15:00:00,12765.0,11831.0,12367.8545,12008.365
2017-01-27 16:00:00,12749.0,11765.0,12330.784,11949.756
2017-01-27 17:00:00,12752.0,11739.0,12309.261,11925.198
2017-01-27 18:00:00,12954.0,12033.0,12502.52,12112.173
2017-01-27 19:00:00,13351.0,12342.0,13136.991,12664.156
2017-01-27 20:00:00,13160.0,12133.0,13096.661,12785.941
2017-01-27 21:00:00,12905.0,11904.0,12889.537,12679.164
2017-01-27 22:00:00,12627.0,11508.0,12596.983,12590.018
2017-01-27 23:00:00,12218.0,11168.0,12185.371,12238.406
2017-01-28 00:00:00,11554.0,10509.0,11322.744,11269.258
2017-01-28 01:00:00,10962.0,9855.0,10752.181,10854.416
2017-01-28 02:00:00,10510.0,9405.0,10435.793,10456.439
2017-01-28 03:00:00,10265.0,9063.0,10140.4795,10159.354
2017-01-28 04:00:00,10058.0,8905.0,9899.403,9888.01
2017-01-28 05:00:00,9984.0,8765.0,9823.529,9803.882
2017-01-28 06:00:00,10020.0,8865.0,9917.117,9861.986
2017-01-28 07:00:00,10248.0,9080.0,10227.869,10144.5625
2017-01-28 08:00:00,10637.0,9496.0,10645.204,10529.131
2017-01-28 09:00:00,10973.0,9754.0,10871.872,10922.874
2017-01-28 10:00:00,11264.0,9869.0,10980.046,11052.823
2017-01-28 11:00:00,11501.0,10007.0,11160.867,11063.85
2017-01-28 12:00:00,11644.0,10016.0,11199.697,11060.768
2017-01-28 13:00:00,11638.0,9909.0,11167.746,11113.509
2017-01-28 14:00:00,11580.0,9812.0,11144.3,11292.765
2017-01-28 15:00:00,11389.0,9635.0,11147.785,11340.827
2017-01-28 16:00:00,11300.0,9483.0,10986.359,11283.383
2017-01-28 17:00:00,11239.0,9414.0,11053.387,11281.249
2017-01-28 18:00:00,11573.0,9613.0,11393.04,11433.257
2017-01-28 19:00:00,11958.0,10302.0,11977.301,11795.309
2017-01-28 20:00:00,11932.0,10347.0,11851.361,11882.887
2017-01-28 21:00:00,11784.0,10246.0,11772.779,11904.205
2017-01-28 22:00:00,11585.0,10098.0,11529.777,11947.669
2017-01-28 23:00:00,11238.0,9858.0,11396.509,11564.836
2017-01-29 00:00:00,10798.0,9477.0,11088.458,11173.641
2017-01-29 01:00:00,10278.0,9009.0,10492.623,10363.36
2017-01-29 02:00:00,9955.0,8673.0,10081.537,10036.155
2017-01-29 03:00:00,9629.0,8416.0,9715.996,9683.083
2017-01-29 04:00:00,9460.0,8272.0,9572.492,9447.437
2017-01-29 05:00:00,9395.0,8218.0,9586.694,9440.3545
2017-01-29 06:00:00,9445.0,8289.0,9657.543,9428.038
2017-01-29 07:00:00,9527.0,8401.0,9772.63,9505.366
2017-01-29 08:00:00,9863.0,8720.0,10054.067,9736.606
2017-01-29 09:00:00,10015.0,8813.0,10156.639,9958.37
2017-01-29 10:00:00,10276.0,9079.0,10289.818,10084.668
2017-01-29 11:00:00,10511.0,9300.0,10448.741,10346.347
2017-01-29 12:00:00,10712.0,9440.0,10467.909,10450.501
2017-01-29 13:00:00,10774.0,9610.0,10558.029,10508.164
2017-01-29 14:00:00,10850.0,9668.0,10556.812,10529.884
2017-01-29 15:00:00,10827.0,9654.0,10592.9795,10537.678
2017-01-29 16:00:00,10906.0,9678.0,10558.257,10559.521
2017-01-29 17:00:00,10998.0,9744.0,10607.106,10601.291
2017-01-29 18:00:00,11424.0,10187.0,10986.917,10938.869
2017-01-29 19:00:00,11967.0,10840.0,11998.313,11918.882
2017-01-29 20:00:00,11977.0,10890.0,12053.246,12081.503
2017-01-29 21:00:00,11908.0,10739.0,11932.905,11859.646
2017-01-29 22:00:00,11678.0,10567.0,11616.663,11675.983
2017-01-29 23:00:00,11328.0,10172.0,11451.784,11531.157
2017-01-30 00:00:00,10890.0,9708.0,10960.713,10983.984
2017-01-30 01:00:00,10393.0,9561.0,10426.229,10387.033
2017-01-30 02:00:00,10145.0,8914.0,10202.576,10056.211
2017-01-30 03:00:00,10031.0,8781.0,10109.893,9851.152
2017-01-30 04:00:00,10003.0,8687.0,9985.467,9849.547
2017-01-30 05:00:00,10079.0,8771.0,10042.083,9864.756
2017-01-30 06:00:00,10506.0,9052.0,10353.394,10114.662
2017-01-30 07:00:00,11263.0,9872.0,11279.9795,10897.084
2017-01-30 08:00:00,12420.0,11056.0,12417.134,11999.675
2017-01-30 09:00:00,12850.0,11711.0,13157.847,12622.176
2017-01-30 10:00:00,12889.0,11737.0,13160.706,12886.925
2017-01-30 11:00:00,12728.0,11866.0,13013.615,12951.319
2017-01-30 12:00:00,12706.0,11949.0,13036.077,12896.904
2017-01-30 13:00:00,12640.0,11891.0,12974.48,12950.799
2017-01-30 14:00:00,12617.0,11870.0,12858.266,12843.297
2017-01-30 15:00:00,12710.0,11839.0,12895.991,12897.175
2017-01-30 16:00:00,12678.0,11691.0,12846.106,12736.688
2017-01-30 17:00:00,12601.0,11608.0,12878.352,12711.551
2017-01-30 18:00:00,12959.0,11886.0,13081.449,12993.014
2017-01-30 19:00:00,13457.0,12371.0,13453.312,13104.661
2017-01-30 20:00:00,13267.0,12239.0,13472.371,13092.838
2017-01-30 21:00:00,12973.0,12013.0,13248.763,13432.714
2017-01-30 22:00:00,12631.0,11720.0,12990.137,13301.727
2017-01-30 23:00:00,12072.0,11213.0,11954.711,12686.556
2017-01-31 00:00:00,11272.0,10516.0,11394.476,11589.072
2017-01-31 01:00:00,10529.0,9845.0,10361.791,10810.013
2017-01-31 02:00:00,10109.0,9427.0,9967.248,10513.885
2017-01-31 03:00:00,9815.0,9159.0,9678.396,10264.654
2017-01-31 04:00:00,9748.0,9058.0,9511.393,10178.008
2017-01-31 05:00:00,9735.0,9076.0,9576.599,10157.632
2017-01-31 06:00:00,9958.0,9368.0,9797.026,10419.694
2017-01-31 07:00:00,10645.0,10043.0,10639.624,11002.785
2017-01-31 08:00:00,11719.0,11089.0,11767.205,12080.701
2017-01-31 09:00:00,12298.0,11785.0,12208.219,12463.837
2017-01-31 10:00:00,12382.0,11928.0,12346.133,12496.012
2017-01-31 11:00:00,12440.0,11994.0,12413.618,12559.047
2017-01-31 12:00:00,12486.0,12062.0,12360.171,12476.031
2017-01-31 13:00:00,12490.0,12090.0,12313.501,12462.5205
2017-01-31 14:00:00,12389.0,12009.0,12229.341,12387.955
2017-01-31 15:00:00,12343.0,11999.0,12245.234,12375.806
2017-01-31 16:00:00,12086.0,11954.0,12120.398,12315.858
2017-01-31 17:00:00,12130.0,11905.0,12237.451,12299.135
2017-01-31 18:00:00,12308.0,12156.0,12628.978,12516.398
2017-01-31 19:00:00,12785.0,12640.0,13143.0625,12890.542
2017-01-31 20:00:00,12735.0,12532.0,13070.356,13049.587
2017-01-31 21:00:00,12497.0,12346.0,12877.689,12854.817
2017-01-31 22:00:00,12224.0,12023.0,12566.941,12562.165
2017-01-31 23:00:00,11691.0,11532.0,12042.943,12053.454
2017-02-01 00:00:00,10996.0,10834.0,11137.321,11207.635
2017-02-01 01:00:00,10366.0,10165.0,10393.001,10437.704
2017-02-01 02:00:00,9909.0,9755.0,9937.436,10063.397
2017-02-01 03:00:00,9669.0,9514.0,9581.212,9791.037
2017-02-01 04:00:00,9510.0,9441.0,9555.654,9711.631
2017-02-01 05:00:00,9514.0,9414.0,9584.016,9690.724
2017-02-01 06:00:00,9796.0,9685.0,9848.434,9867.629
2017-02-01 07:00:00,10513.0,10381.0,10686.632,10512.758
2017-02-01 08:00:00,11592.0,11397.0,11671.555,11582.545
2017-02-01 09:00:00,12014.0,11901.0,12118.078,12049.982
2017-02-01 10:00:00,12092.0,11961.0,12187.101,12238.403
2017-02-01 11:00:00,12140.0,12003.0,12193.2705,12257.011
2017-02-01 12:00:00,12132.0,12064.0,12144.722,12231.762
2017-02-01 13:00:00,11985.0,12060.0,12096.934,12179.914
2017-02-01 14:00:00,11971.0,12116.0,12113.597,12080.66
2017-02-01 15:00:00,12013.0,12169.0,12110.942,12043.591
2017-02-01 16:00:00,11990.0,12172.0,11996.811,12028.973
2017-02-01 17:00:00,11920.0,12175.0,12044.189,12022.407
2017-02-01 18:00:00,12114.0,12481.0,12179.007,12105.467
2017-02-01 19:00:00,12760.0,12794.0,12577.88,12469.156
2017-02-01 20:00:00,12894.0,12624.0,12619.2295,12588.457
2017-02-01 21:00:00,12768.0,12425.0,12500.924,12397.756
2017-02-01 22:00:00,12499.0,12131.0,12372.217,12207.025
2017-02-01 23:00:00,12087.0,11592.0,12060.863,11869.164
2017-02-02 00:00:00,11453.0,10928.0,11384.737,11198.847
2017-02-02 01:00:00,10880.0,10307.0,10720.738,10321.191
2017-02-02 02:00:00,10551.0,9869.0,10547.892,9870.175
2017-02-02 03:00:00,10404.0,9608.0,10252.982,9686.858
2017-02-02 04:00:00,10355.0,9505.0,10144.759,9585.203
2017-02-02 05:00:00,10396.0,9457.0,10163.168,9589.279
2017-02-02 06:00:00,10696.0,9775.0,10573.697,9878.637
2017-02-02 07:00:00,11401.0,10536.0,11139.921,10582.078
2017-02-02 08:00:00,12497.0,11625.0,12183.093,11697.611
2017-02-02 09:00:00,12868.0,12158.0,12484.246,12434.359
2017-02-02 10:00:00,12884.0,12290.0,12642.402,12596.817
2017-02-02 11:00:00,12862.0,12343.0,12717.901,12708.333
2017-02-02 12:00:00,12810.0,12443.0,12735.209,12740.974
2017-02-02 13:00:00,12707.0,12451.0,12725.571,12832.154
2017-02-02 14:00:00,12594.0,12388.0,12685.375,12660.474
2017-02-02 15:00:00,12518.0,12360.0,12651.433,12651.228
2017-02-02 16:00:00,12460.0,12287.0,12610.461,12576.298
2017-02-02 17:00:00,12520.0,12290.0,12597.41,12544.884
2017-02-02 18:00:00,12683.0,12533.0,12774.351,12690.759
2017-02-02 19:00:00,13361.0,12973.0,13399.843,13079.618
2017-02-02 20:00:00,13427.0,12870.0,13437.071,13266.929
2017-02-02 21:00:00,13275.0,12632.0,13446.127,13165.923
2017-02-02 22:00:00,13065.0,12356.0,13170.507,12885.979
2017-02-02 23:00:00,12585.0,11821.0,12662.02,12836.1455
2017-02-03 00:00:00,11869.0,11097.0,11952.313,11849.894
2017-02-03 01:00:00,11305.0,10437.0,11184.331,11039.474
2017-02-03 02:00:00,10909.0,10076.0,10821.455,10578.843
2017-02-03 03:00:00,10684.0,9847.0,10653.381,10289.293
2017-02-03 04:00:00,10575.0,9766.0,10557.976,10242.941
2017-02-03 05:00:00,10613.0,9790.0,10595.894,10241.0625
2017-02-03 06:00:00,10844.0,10045.0,10761.078,10577.943
2017-02-03 07:00:00,11552.0,10740.0,11364.02,11278.829
2017-02-03 08:00:00,12530.0,11812.0,12504.683,12199.102
2017-02-03 09:00:00,12987.0,12469.0,12743.978,12701.131
2017-02-03 10:00:00,13018.0,12610.0,12809.255,12877.821
2017-02-03 11:00:00,12882.0,12777.0,12924.501,12847.597
2017-02-03 12:00:00,12817.0,12873.0,12835.968,12774.316
2017-02-03 13:00:00,12658.0,12851.0,12722.051,12655.316
2017-02-03 14:00:00,12490.0,12773.0,12647.187,12696.195
2017-02-03 15:00:00,12410.0,12765.0,12608.783,12716.69
2017-02-03 16:00:00,12227.0,12749.0,12566.877,12641.156
2017-02-03 17:00:00,12098.0,12752.0,12530.927,12631.314
2017-02-03 18:00:00,12267.0,12954.0,12600.635,12627.56
2017-02-03 19:00:00,12926.0,13351.0,13254.342,13234.495
2017-02-03 20:00:00,13034.0,13160.0,13362.274,13396.941
2017-02-03 21:00:00,12847.0,12905.0,13242.365,13214.835
2017-02-03 22:00:00,12640.0,12627.0,13120.639,13012.778
2017-02-03 23:00:00,12314.0,12218.0,12648.037,12385.177
2017-02-04 00:00:00,11732.0,11554.0,11966.472,11828.462
2017-02-04 01:00:00,11167.0,10962.0,11251.2295,11034.743
2017-02-04 02:00:00,10735.0,10510.0,10723.256,10506.127
2017-02-04 03:00:00,10549.0,10265.0,10474.434,10291.834
2017-02-04 04:00:00,10364.0,10058.0,10331.896,10169.129
2017-02-04 05:00:00,10344.0,9984.0,10303.505,10145.869
2017-02-04 06:00:00,10393.0,10020.0,10314.062,10269.401
2017-02-04 07:00:00,10753.0,10248.0,10545.744,10425.42
2017-02-04 08:00:00,11170.0,10637.0,11000.603,10880.568
2017-02-04 09:00:00,11322.0,10973.0,11053.186,10951.819
2017-02-04 10:00:00,11535.0,11264.0,11021.701,11003.544
2017-02-04 11:00:00,11687.0,11501.0,11230.42,11022.0205
2017-02-04 12:00:00,11767.0,11644.0,11149.71,11052.832
2017-02-04 13:00:00,11726.0,11638.0,11080.635,11158.742
2017-02-04 14:00:00,11626.0,11580.0,11048.083,11209.287
2017-02-04 15:00:00,11477.0,11389.0,11027.471,11043.837
2017-02-04 16:00:00,11344.0,11300.0,10977.659,10957.75
2017-02-04 17:00:00,11299.0,11239.0,10921.927,11013.503
2017-02-04 18:00:00,11507.0,11573.0,11391.693,11352.016
2017-02-04 19:00:00,12003.0,11958.0,12027.046,11964.108
2017-02-04 20:00:00,11959.0,11932.0,12122.119,12091.589
2017-02-04 21:00:00,11796.0,11784.0,11872.559,12011.59
2017-02-04 22:00:00,11543.0,11585.0,11785.942,11894.133
2017-02-04 23:00:00,11269.0,11238.0,11506.742,11650.434
2017-02-05 00:00:00,10726.0,10798.0,10888.11,11166.609
2017-02-05 01:00:00,10256.0,10278.0,10298.14,10622.816
2017-02-05 02:00:00,9883.0,9955.0,10020.868,10269.468
2017-02-05 03:00:00,9652.0,9629.0,9755.787,10062.746
2017-02-05 04:00:00,9422.0,9460.0,9640.289,9929.344
2017-02-05 05:00:00,9394.0,9395.0,9579.93,9843.014
2017-02-05 06:00:00,9423.0,9445.0,9632.349,9846.492
2017-02-05 07:00:00,9555.0,9527.0,9793.322,9803.035
2017-02-05 08:00:00,9827.0,9863.0,9967.613,10069.136
2017-02-05 09:00:00,9829.0,10015.0,10023.875,10215.814
2017-02-05 10:00:00,9904.0,10276.0,10147.371,10431.211
2017-02-05 11:00:00,9969.0,10511.0,10330.254,10620.371
2017-02-05 12:00:00,9994.0,10712.0,10396.698,10654.192
2017-02-05 13:00:00,10016.0,10774.0,10348.572,10630.349
2017-02-05 14:00:00,9996.0,10850.0,10345.388,10655.494
2017-02-05 15:00:00,9944.0,10827.0,10265.725,10699.9
2017-02-05 16:00:00,9835.0,10906.0,10226.064,10644.336
2017-02-05 17:00:00,9843.0,10998.0,10368.369,10783.397
2017-02-05 18:00:00,10114.0,11424.0,10822.955,11050.088
2017-02-05 19:00:00,10829.0,11967.0,11448.008,11444.751
2017-02-05 20:00:00,11036.0,11977.0,11504.014,11585.478
2017-02-05 21:00:00,10925.0,11908.0,11401.271,11452.735
2017-02-05 22:00:00,10821.0,11678.0,11225.903,11396.371
2017-02-05 23:00:00,10602.0,11328.0,11055.165,11015.846
2017-02-06 00:00:00,10238.0,10890.0,10636.255,10516.444
2017-02-06 01:00:00,9754.0,10393.0,9977.456,9821.295
2017-02-06 02:00:00,9482.0,10145.0,9842.727,9636.424
2017-02-06 03:00:00,9328.0,10031.0,9842.333,9591.174
2017-02-06 04:00:00,9298.0,10003.0,9685.368,9560.573
2017-02-06 05:00:00,9419.0,10079.0,9677.407,9537.394
2017-02-06 06:00:00,9724.0,10506.0,9803.739,9588.616
2017-02-06 07:00:00,10501.0,11263.0,10480.957,10225.522
2017-02-06 08:00:00,11565.0,12420.0,11659.049,11638.029
2017-02-06 09:00:00,11963.0,12850.0,12005.003,12105.983
2017-02-06 10:00:00,11963.0,12889.0,11859.651,12298.437
2017-02-06 11:00:00,11831.0,12728.0,11730.476,12154.427
2017-02-06 12:00:00,11698.0,12706.0,11777.278,12178.82
2017-02-06 13:00:00,11512.0,12640.0,11784.936,12231.929
2017-02-06 14:00:00,11373.0,12617.0,11768.225,12243.887
2017-02-06 15:00:00,11263.0,12710.0,11729.681,12186.481
2017-02-06 16:00:00,11112.0,12678.0,11727.324,12061.729
2017-02-06 17:00:00,11079.0,12601.0,11650.902,12007.641
2017-02-06 18:00:00,11413.0,12959.0,11707.761,11889.035
2017-02-06 19:00:00,11995.0,13457.0,11854.524,12050.045
2017-02-06 20:00:00,11970.0,13267.0,12027.952,12277.082
2017-02-06 21:00:00,11765.0,12973.0,11941.838,12141.24
2017-02-06 22:00:00,11449.0,12631.0,11841.322,12119.05
2017-02-06 23:00:00,10924.0,12072.0,11397.835,11620.294
2017-02-07 00:00:00,10229.0,11272.0,10540.157,10781.623
2017-02-07 01:00:00,9561.0,10529.0,9773.88,10148.958
2017-02-07 02:00:00,9150.0,10109.0,9436.2705,9780.087
2017-02-07 03:00:00,8951.0,9815.0,9163.971,9518.446
2017-02-07 04:00:00,8825.0,9748.0,9049.953,9468.948
2017-02-07 05:00:00,8806.0,9735.0,9028.14,9509.508
2017-02-07 06:00:00,9047.0,9958.0,9376.381,9814.379
2017-02-07 07:00:00,9781.0,10645.0,10267.806,10503.345
2017-02-07 08:00:00,10832.0,11719.0,11144.398,11362.578
2017-02-07 09:00:00,11401.0,12298.0,11550.075,11666.487
2017-02-07 10:00:00,11484.0,12382.0,11546.552,11734.205
2017-02-07 11:00:00,11637.0,12440.0,11521.205,11708.237
2017-02-07 12:00:00,11705.0,12486.0,11554.029,11751.0625
2017-02-07 13:00:00,11607.0,12490.0,11508.009,11739.419
2017-02-07 14:00:00,11572.0,12389.0,11464.769,11651.872
2017-02-07 15:00:00,11592.0,12343.0,11488.266,11588.634
2017-02-07 16:00:00,11571.0,12086.0,11301.337,11452.997
2017-02-07 17:00:00,11644.0,12130.0,11216.613,11433.839
2017-02-07 18:00:00,11839.0,12308.0,11496.794,11554.143
2017-02-07 19:00:00,12311.0,12785.0,11789.523,11785.904
2017-02-07 20:00:00,12258.0,12735.0,11816.797,11906.546
2017-02-07 21:00:00,12085.0,12497.0,11844.414,11835.262
2017-02-07 22:00:00,11864.0,12224.0,11746.815,11721.871
2017-02-07 23:00:00,11380.0,11691.0,11357.45,11686.213
2017-02-08 00:00:00,10716.0,10996.0,10596.788,10494.133
2017-02-08 01:00:00,10052.0,10366.0,9920.332,9782.283
2017-02-08 02:00:00,9655.0,9909.0,9637.115,9402.223
2017-02-08 03:00:00,9454.0,9669.0,9396.405,9112.835
2017-02-08 04:00:00,9337.0,9510.0,9294.785,9054.754
2017-02-08 05:00:00,9328.0,9514.0,9289.223,9054.754
2017-02-08 06:00:00,9631.0,9796.0,9531.918,9209.474
2017-02-08 07:00:00,10418.0,10513.0,10046.131,9747.148
2017-02-08 08:00:00,11595.0,11592.0,11276.35,11039.256
2017-02-08 09:00:00,12071.0,12014.0,11904.658,11661.997
2017-02-08 10:00:00,12233.0,12092.0,12155.239,11942.737
2017-02-08 11:00:00,12323.0,12140.0,12212.96,12029.239
2017-02-08 12:00:00,12448.0,12132.0,12186.216,12027.218
2017-02-08 13:00:00,12502.0,11985.0,12239.857,12008.024
2017-02-08 14:00:00,12528.0,11971.0,12216.928,11923.52
2017-02-08 15:00:00,12526.0,12013.0,12207.543,11883.696
2017-02-08 16:00:00,12405.0,11990.0,12137.972,11902.825
2017-02-08 17:00:00,12327.0,11920.0,12119.571,11942.365
2017-02-08 18:00:00,12392.0,12114.0,12108.113,11952.264
2017-02-08 19:00:00,12879.0,12760.0,12536.276,12292.941
2017-02-08 20:00:00,13053.0,12894.0,12593.954,12482.861
2017-02-08 21:00:00,12910.0,12768.0,12545.396,12499.081
2017-02-08 22:00:00,12663.0,12499.0,12498.517,12363.561
2017-02-08 23:00:00,12234.0,12087.0,12302.147,11890.151
2017-02-09 00:00:00,11551.0,11453.0,11558.496,11164.581
2017-02-09 01:00:00,10965.0,10880.0,10846.855,10348.147
2017-02-09 02:00:00,10650.0,10551.0,10313.642,9855.536
2017-02-09 03:00:00,10499.0,10404.0,10045.728,9661.381
2017-02-09 04:00:00,10415.0,10355.0,10023.183,9575.651
2017-02-09 05:00:00,10453.0,10396.0,10034.681,9582.062
2017-02-09 06:00:00,10772.0,10696.0,10321.379,9724.219
2017-02-09 07:00:00,11557.0,11401.0,11111.267,10551.838
2017-02-09 08:00:00,12572.0,12497.0,12466.995,11966.35
2017-02-09 09:00:00,12947.0,12868.0,12761.426,12614.739
2017-02-09 10:00:00,12970.0,12884.0,12877.604,12821.951
2017-02-09 11:00:00,12937.0,12862.0,12889.638,12858.082
2017-02-09 12:00:00,12870.0,12810.0,12899.851,12744.725
2017-02-09 13:00:00,12771.0,12707.0,12830.9,12704.119
2017-02-09 14:00:00,12657.0,12594.0,12750.088,12681.592
2017-02-09 15:00:00,12578.0,12518.0,12688.438,12647.294
2017-02-09 16:00:00,12400.0,12460.0,12620.942,12547.224
2017-02-09 17:00:00,12300.0,12520.0,12650.924,12573.3545
2017-02-09 18:00:00,12459.0,12683.0,12828.739,12768.068
2017-02-09 19:00:00,13145.0,13361.0,13457.934,13295.756
2017-02-09 20:00:00,13371.0,13427.0,13644.314,13431.799
2017-02-09 21:00:00,13265.0,13275.0,13497.653,13300.426
2017-02-09 22:00:00,13043.0,13065.0,13271.695,13051.595
2017-02-09 23:00:00,12562.0,12585.0,12832.687,12711.617
2017-02-10 00:00:00,11841.0,11869.0,11941.191,11890.511
2017-02-10 01:00:00,11200.0,11305.0,11302.566,11114.012
2017-02-10 02:00:00,10806.0,10909.0,10832.6,10671.623
2017-02-10 03:00:00,10587.0,10684.0,10635.542,10574.176
2017-02-10 04:00:00,10455.0,10575.0,10420.773,10404.435
2017-02-10 05:00:00,10402.0,10613.0,10403.1875,10378.837
2017-02-10 06:00:00,10694.0,10844.0,10733.686,10811.157
2017-02-10 07:00:00,11349.0,11552.0,11317.2,11351.86
2017-02-10 08:00:00,12386.0,12530.0,12412.551,12406.282
2017-02-10 09:00:00,12834.0,12987.0,12476.2705,12859.188
2017-02-10 10:00:00,12854.0,13018.0,12622.196,12884.208
2017-02-10 11:00:00,12761.0,12882.0,12546.653,12821.944
2017-02-10 12:00:00,12719.0,12817.0,12489.6875,12724.685
2017-02-10 13:00:00,12522.0,12658.0,12391.027,12649.271
2017-02-10 14:00:00,12324.0,12490.0,12207.282,12518.052
2017-02-10 15:00:00,12109.0,12410.0,12226.69,12474.69
2017-02-10 16:00:00,11853.0,12227.0,12191.267,12352.785
2017-02-10 17:00:00,11636.0,12098.0,12193.929,12338.728
2017-02-10 18:00:00,11746.0,12267.0,12281.455,12330.273
2017-02-10 19:00:00,12302.0,12926.0,12915.002,12974.633
2017-02-10 20:00:00,12366.0,13034.0,12926.325,13181.079
2017-02-10 21:00:00,12136.0,12847.0,12826.951,13070.555
2017-02-10 22:00:00,11827.0,12640.0,12653.961,12831.058
2017-02-10 23:00:00,11390.0,12314.0,12066.439,12174.762
2017-02-11 00:00:00,10740.0,11732.0,11168.162,11370.095
2017-02-11 01:00:00,10065.0,11167.0,10478.792,10732.6045
2017-02-11 02:00:00,9573.0,10735.0,9959.474,10276.64
2017-02-11 03:00:00,9311.0,10549.0,9782.55,10056.313
2017-02-11 04:00:00,9134.0,10364.0,9646.4375,9916.325
2017-02-11 05:00:00,9067.0,10344.0,9562.564,9784.889
2017-02-11 06:00:00,9161.0,10393.0,9726.53,9900.89
2017-02-11 07:00:00,9365.0,10753.0,9868.6045,10125.862
2017-02-11 08:00:00,9878.0,11170.0,10231.824,10374.051
2017-02-11 09:00:00,10064.0,11322.0,10337.493,10389.167
2017-02-11 10:00:00,10378.0,11535.0,10388.321,10539.432
2017-02-11 11:00:00,10421.0,11687.0,10493.228,10465.625
2017-02-11 12:00:00,10399.0,11767.0,10619.26,10527.001
2017-02-11 13:00:00,10312.0,11726.0,10633.56,10724.44
2017-02-11 14:00:00,10136.0,11626.0,10578.502,10669.292
2017-02-11 15:00:00,9940.0,11477.0,10461.537,10580.662
2017-02-11 16:00:00,9875.0,11344.0,10415.106,10499.449
2017-02-11 17:00:00,9895.0,11299.0,10321.115,10486.251
2017-02-11 18:00:00,10059.0,11507.0,10585.086,10685.712
2017-02-11 19:00:00,10647.0,12003.0,11013.24,10790.367
2017-02-11 20:00:00,10804.0,11959.0,10938.268,10909.509
2017-02-11 21:00:00,10725.0,11796.0,10787.4375,10916.707
2017-02-11 22:00:00,10544.0,11543.0,10684.846,10954.827
2017-02-11 23:00:00,10327.0,11269.0,10458.182,10538.974
2017-02-12 00:00:00,9899.0,10726.0,10177.585,10187.968
2017-02-12 01:00:00,9431.0,10256.0,9602.713,9556.784
2017-02-12 02:00:00,9089.0,9883.0,9138.611,9131.226
2017-02-12 03:00:00,8849.0,9652.0,8831.691,8854.825
2017-02-12 04:00:00,8729.0,9422.0,8621.257,8660.806
2017-02-12 05:00:00,8665.0,9394.0,8536.448,8560.008
2017-02-12 06:00:00,8666.0,9423.0,8627.147,8699.028
2017-02-12 07:00:00,8836.0,9555.0,8756.831,8802.354
2017-02-12 08:00:00,9105.0,9827.0,9078.751,9136.212
2017-02-12 09:00:00,9160.0,9829.0,9199.424,9253.652
2017-02-12 10:00:00,9319.0,9904.0,9472.851,9518.094
2017-02-12 11:00:00,9403.0,9969.0,9401.299,9693.227
2017-02-12 12:00:00,9478.0,9994.0,9414.779,9616.984
2017-02-12 13:00:00,9559.0,10016.0,9500.248,9671.04
2017-02-12 14:00:00,9526.0,9996.0,9468.784,9565.923
2017-02-12 15:00:00,9476.0,9944.0,9418.0205,9494.833
2017-02-12 16:00:00,9444.0,9835.0,9388.928,9478.411
2017-02-12 17:00:00,9469.0,9843.0,9433.145,9557.243
2017-02-12 18:00:00,9680.0,10114.0,9629.087,9750.644
2017-02-12 19:00:00,10460.0,10829.0,10138.19,10194.749
2017-02-12 20:00:00,10942.0,11036.0,10416.998,10449.397
2017-02-12 21:00:00,10890.0,10925.0,10541.009,10527.276
2017-02-12 22:00:00,10744.0,10821.0,10542.55,10540.465
2017-02-12 23:00:00,10429.0,10602.0,10528.156,10314.837
2017-02-13 00:00:00,9976.0,10238.0,10135.606,9991.975
2017-02-13 01:00:00,9572.0,9754.0,9728.734,9463.731
2017-02-13 02:00:00,9305.0,9482.0,9310.84,9266.071
2017-02-13 03:00:00,9181.0,9328.0,9154.298,8961.581
2017-02-13 04:00:00,9066.0,9298.0,9091.456,8916.319
2017-02-13 05:00:00,9172.0,9419.0,9081.542,8887.849
2017-02-13 06:00:00,9512.0,9724.0,9354.631,9102.8125
2017-02-13 07:00:00,10343.0,10501.0,10096.999,9877.548
2017-02-13 08:00:00,11453.0,11565.0,11471.119,11165.234
2017-02-13 09:00:00,11832.0,11963.0,11924.951,11691.549
2017-02-13 10:00:00,11818.0,11963.0,11776.566,11855.214
2017-02-13 11:00:00,11738.0,11831.0,11602.942,11832.704
2017-02-13 12:00:00,11672.0,11698.0,11552.199,11804.706
2017-02-13 13:00:00,11580.0,11512.0,11582.737,11902.198
2017-02-13 14:00:00,11460.0,11373.0,11546.54,11803.194
2017-02-13 15:00:00,11369.0,11263.0,11616.129,11936.764
2017-02-13 16:00:00,11226.0,11112.0,11495.519,11784.273
2017-02-13 17:00:00,11088.0,11079.0,11441.405,11736.162
2017-02-13 18:00:00,11212.0,11413.0,11602.123,11835.453
2017-02-13 19:00:00,11836.0,11995.0,12016.472,11893.453
2017-02-13 20:00:00,12155.0,11970.0,12058.886,12007.784
2017-02-13 21:00:00,12012.0,11765.0,12059.647,12027.358
2017-02-13 22:00:00,11773.0,11449.0,11985.897,12026.962
2017-02-13 23:00:00,11296.0,10924.0,11521.768,11691.719
2017-02-14 00:00:00,10661.0,10229.0,10590.516,10981.708
2017-02-14 01:00:00,9992.0,9561.0,9881.488,10012.265
2017-02-14 02:00:00,9594.0,9150.0,9473.499,9688.602
2017-02-14 03:00:00,9370.0,8951.0,9256.25,9468.758
2017-02-14 04:00:00,9264.0,8825.0,9159.356,9317.542
2017-02-14 05:00:00,9273.0,8806.0,9099.202,9334.313
2017-02-14 06:00:00,9569.0,9047.0,9405.503,9524.245
2017-02-14 07:00:00,10296.0,9781.0,10355.599,10305.567
2017-02-14 08:00:00,11299.0,10832.0,11384.823,11487.456
2017-02-14 09:00:00,11640.0,11401.0,11624.175,11689.643
2017-02-14 10:00:00,11645.0,11484.0,11691.551,11850.414
2017-02-14 11:00:00,11562.0,11637.0,11675.072,11922.806
2017-02-14 12:00:00,11517.0,11705.0,11642.4,11864.192
2017-02-14 13:00:00,11387.0,11607.0,11623.998,11811.557
2017-02-14 14:00:00,11244.0,11572.0,11584.322,11731.559
2017-02-14 15:00:00,11190.0,11592.0,11565.563,11793.191
2017-02-14 16:00:00,11023.0,11571.0,11456.726,11705.035
2017-02-14 17:00:00,10917.0,11644.0,11338.534,11659.929
2017-02-14 18:00:00,11016.0,11839.0,11456.281,11727.635
2017-02-14 19:00:00,11609.0,12311.0,11661.069,11632.681
2017-02-14 20:00:00,11853.0,12258.0,11871.601,11831.948
2017-02-14 21:00:00,11769.0,12085.0,11826.157,11862.658
2017-02-14 22:00:00,11514.0,11864.0,11685.793,11757.223
2017-02-14 23:00:00,11106.0,11380.0,11413.783,11616.6
2017-02-15 00:00:00,10474.0,10716.0,10679.477,10725.726
2017-02-15 01:00:00,9848.0,10052.0,10014.214,10061.137
2017-02-15 02:00:00,9513.0,9655.0,9536.7,9636.051
2017-02-15 03:00:00,9351.0,9454.0,9408.98,9332.586
2017-02-15 04:00:00,9218.0,9337.0,9434.688,9188.156
2017-02-15 05:00:00,9292.0,9328.0,9450.5205,9188.156
2017-02-15 06:00:00,9628.0,9631.0,9673.999,9438.962
2017-02-15 07:00:00,10440.0,10418.0,10441.964,10223.794
2017-02-15 08:00:00,11425.0,11595.0,11515.131,11257.036
2017-02-15 09:00:00,11836.0,12071.0,11950.459,11584.378
2017-02-15 10:00:00,11854.0,12233.0,12046.899,11735.147
2017-02-15 11:00:00,11873.0,12323.0,12060.241,11792.129
2017-02-15 12:00:00,11885.0,12448.0,11867.07,11806.916
2017-02-15 13:00:00,11840.0,12502.0,11816.949,11749.265
2017-02-15 14:00:00,11770.0,12528.0,11783.801,11684.919
2017-02-15 15:00:00,11697.0,12526.0,11718.616,11712.242
2017-02-15 16:00:00,11540.0,12405.0,11516.162,11512.395
2017-02-15 17:00:00,11534.0,12327.0,11473.542,11367.809
2017-02-15 18:00:00,11607.0,12392.0,11674.183,11537.045
2017-02-15 19:00:00,12227.0,12879.0,12127.069,11838.573
2017-02-15 20:00:00,12438.0,13053.0,12165.798,12005.311
2017-02-15 21:00:00,12255.0,12910.0,12235.509,11989.514
2017-02-15 22:00:00,11971.0,12663.0,12202.293,11976.077
2017-02-15 23:00:00,11427.0,12234.0,11724.212,11490.081
2017-02-16 00:00:00,10762.0,11551.0,10874.979,10865.127
2017-02-16 01:00:00,10129.0,10965.0,10144.873,10159.4795
2017-02-16 02:00:00,9711.0,10650.0,9633.711,9493.406
2017-02-16 03:00:00,9514.0,10499.0,9489.246,9323.141
2017-02-16 04:00:00,9398.0,10415.0,9441.536,9129.463
2017-02-16 05:00:00,9383.0,10453.0,9432.697,9164.046
2017-02-16 06:00:00,9655.0,10772.0,9742.702,9424.819
2017-02-16 07:00:00,10324.0,11557.0,10468.117,10381.365
2017-02-16 08:00:00,11374.0,12572.0,11577.618,11453.417
2017-02-16 09:00:00,11784.0,12947.0,11937.656,11854.16
2017-02-16 10:00:00,11969.0,12970.0,12084.283,12134.242
2017-02-16 11:00:00,11987.0,12937.0,12143.826,12228.595
2017-02-16 12:00:00,11902.0,12870.0,12133.217,12165.296
2017-02-16 13:00:00,11773.0,12771.0,12037.709,12117.093
2017-02-16 14:00:00,11648.0,12657.0,11954.434,12041.31
2017-02-16 15:00:00,11603.0,12578.0,11908.113,11953.031
2017-02-16 16:00:00,11419.0,12400.0,11710.737,11829.163
2017-02-16 17:00:00,11459.0,12300.0,11693.671,11780.438
2017-02-16 18:00:00,11623.0,12459.0,11761.058,11847.432
2017-02-16 19:00:00,12122.0,13145.0,12148.343,12115.902
2017-02-16 20:00:00,12167.0,13371.0,12386.863,12439.469
2017-02-16 21:00:00,11963.0,13265.0,12313.771,12262.88
2017-02-16 22:00:00,11721.0,13043.0,12104.4375,12024.272
2017-02-16 23:00:00,11218.0,12562.0,11523.244,11544.471
2017-02-17 00:00:00,10523.0,11841.0,10777.088,10847.654
2017-02-17 01:00:00,9893.0,11200.0,10072.171,10195.333
2017-02-17 02:00:00,9543.0,10806.0,9542.933,9618.992
2017-02-17 03:00:00,9298.0,10587.0,9191.454,9254.657
2017-02-17 04:00:00,9178.0,10455.0,9269.058,9186.1
2017-02-17 05:00:00,9171.0,10402.0,9306.238,9222.023
2017-02-17 06:00:00,9461.0,10694.0,9523.8545,9398.1045
2017-02-17 07:00:00,10175.0,11349.0,10262.511,10223.137
2017-02-17 08:00:00,11126.0,12386.0,11383.877,11292.32
2017-02-17 09:00:00,11376.0,12834.0,11571.549,11703.877
2017-02-17 10:00:00,11388.0,12854.0,11698.735,11934.906
2017-02-17 11:00:00,11283.0,12761.0,11505.376,11979.256
2017-02-17 12:00:00,11179.0,12719.0,11466.061,11894.272
2017-02-17 13:00:00,11110.0,12522.0,11564.859,11703.69
2017-02-17 14:00:00,10920.0,12324.0,11738.093,11469.945
2017-02-17 15:00:00,10855.0,12109.0,11916.705,11408.311
2017-02-17 16:00:00,10739.0,11853.0,11869.676,11283.771
2017-02-17 17:00:00,10613.0,11636.0,11804.655,11309.992
2017-02-17 18:00:00,10554.0,11746.0,11426.536,11256.346
2017-02-17 19:00:00,10874.0,12302.0,11443.438,11435.092
2017-02-17 20:00:00,11146.0,12366.0,11465.474,11581.608
2017-02-17 21:00:00,10950.0,12136.0,11429.882,11459.64
2017-02-17 22:00:00,10679.0,11827.0,11300.478,11345.378
2017-02-17 23:00:00,10266.0,11390.0,10994.836,11011.443
2017-02-18 00:00:00,9753.0,10740.0,10132.619,10357.75
2017-02-18 01:00:00,9146.0,10065.0,9533.106,9769.504
2017-02-18 02:00:00,8699.0,9573.0,8957.502,9394.619
2017-02-18 03:00:00,8454.0,9311.0,8670.619,9067.033
2017-02-18 04:00:00,8299.0,9134.0,8417.093,8924.769
2017-02-18 05:00:00,8289.0,9067.0,8444.315,8845.936
2017-02-18 06:00:00,8299.0,9161.0,8547.92,8936.314
2017-02-18 07:00:00,8672.0,9365.0,8730.585,9184.406
2017-02-18 08:00:00,9005.0,9878.0,9270.891,9515.773
2017-02-18 09:00:00,9105.0,10064.0,9299.763,9660.136
2017-02-18 10:00:00,9335.0,10378.0,9615.079,9782.583
2017-02-18 11:00:00,9448.0,10421.0,9575.842,9818.874
2017-02-18 12:00:00,9490.0,10399.0,9874.055,9722.147
2017-02-18 13:00:00,9421.0,10312.0,9837.956,9627.103
2017-02-18 14:00:00,9354.0,10136.0,9884.624,9534.55
2017-02-18 15:00:00,9192.0,9940.0,9928.503,9498.403
2017-02-18 16:00:00,9078.0,9875.0,9877.111,9307.481
2017-02-18 17:00:00,8994.0,9895.0,9760.341,9249.441
2017-02-18 18:00:00,9030.0,10059.0,9510.551,9373.827
2017-02-18 19:00:00,9398.0,10647.0,9543.562,9518.3955
2017-02-18 20:00:00,9806.0,10804.0,9809.638,9599.006
2017-02-18 21:00:00,9677.0,10725.0,9855.273,9752.315
2017-02-18 22:00:00,9546.0,10544.0,9837.534,9745.708
2017-02-18 23:00:00,9281.0,10327.0,9668.737,9707.689
2017-02-19 00:00:00,8871.0,9899.0,9224.746,9239.806
2017-02-19 01:00:00,8474.0,9431.0,8681.26,8622.481
2017-02-19 02:00:00,8192.0,9089.0,8260.182,8316.546
2017-02-19 03:00:00,7974.0,8849.0,8060.5312,8047.0864
2017-02-19 04:00:00,7886.0,8729.0,7940.243,7998.194
2017-02-19 05:00:00,7783.0,8665.0,8025.244,7887.763
2017-02-19 06:00:00,7904.0,8666.0,7814.4604,7936.6187
2017-02-19 07:00:00,8060.0,8836.0,8327.274,8121.558
2017-02-19 08:00:00,8272.0,9105.0,8433.194,8287.832
2017-02-19 09:00:00,8311.0,9160.0,8308.56,8272.39
2017-02-19 10:00:00,8460.0,9319.0,8417.12,8520.467
2017-02-19 11:00:00,8608.0,9403.0,8597.817,8704.712
2017-02-19 12:00:00,8689.0,9478.0,8760.189,8779.588
2017-02-19 13:00:00,8728.0,9559.0,8745.628,8788.688
2017-02-19 14:00:00,8693.0,9526.0,8704.69,8758.987
2017-02-19 15:00:00,8649.0,9476.0,8668.305,8710.227
2017-02-19 16:00:00,8612.0,9444.0,8630.211,8654.639
2017-02-19 17:00:00,8592.0,9469.0,8585.778,8482.689
2017-02-19 18:00:00,8742.0,9680.0,8612.875,8551.512
2017-02-19 19:00:00,9278.0,10460.0,9008.045,8879.799
2017-02-19 20:00:00,9754.0,10942.0,9484.861,9423.933
2017-02-19 21:00:00,9683.0,10890.0,9485.375,9502.879
2017-02-19 22:00:00,9547.0,10744.0,9421.835,9397.065
2017-02-19 23:00:00,9297.0,10429.0,9253.256,9093.9795
2017-02-20 00:00:00,8914.0,9976.0,8970.364,9135.105
2017-02-20 01:00:00,8529.0,9572.0,8269.032,8553.109
2017-02-20 02:00:00,8244.0,9305.0,8018.2144,8336.967
2017-02-20 03:00:00,8065.0,9181.0,7849.3857,8172.4863
2017-02-20 04:00:00,7991.0,9066.0,7799.8613,8133.9775
2017-02-20 05:00:00,8033.0,9172.0,7776.0015,8108.9443
2017-02-20 06:00:00,8302.0,9512.0,7923.651,8305.129
2017-02-20 07:00:00,8917.0,10343.0,8514.541,8619.888
2017-02-20 08:00:00,9734.0,11453.0,9440.966,9848.068
2017-02-20 09:00:00,10112.0,11832.0,9777.24,10321.445
2017-02-20 10:00:00,10350.0,11818.0,9623.833,10548.513
2017-02-20 11:00:00,10485.0,11738.0,10061.318,10645.483
2017-02-20 12:00:00,10606.0,11672.0,10247.986,10593.178
2017-02-20 13:00:00,10665.0,11580.0,10559.485,10724.7
2017-02-20 14:00:00,10609.0,11460.0,10887.232,10812.053
2017-02-20 15:00:00,10645.0,11369.0,11193.091,10867.922
2017-02-20 16:00:00,10554.0,11226.0,11140.03,10839.707
2017-02-20 17:00:00,10494.0,11088.0,10833.297,10788.659
2017-02-20 18:00:00,10523.0,11212.0,10496.625,10793.523
2017-02-20 19:00:00,11023.0,11836.0,10273.52,11036.39
2017-02-20 20:00:00,11235.0,12155.0,10290.922,11208.1045
2017-02-20 21:00:00,11046.0,12012.0,10270.649,11234.405
2017-02-20 22:00:00,10681.0,11773.0,10410.477,11274.803
2017-02-20 23:00:00,10165.0,11296.0,10514.169,10993.142
2017-02-21 00:00:00,9472.0,10661.0,9791.609,9947.356
2017-02-21 01:00:00,8858.0,9992.0,9178.885,9135.082
2017-02-21 02:00:00,8403.0,9594.0,8553.644,8671.722
2017-02-21 03:00:00,8122.0,9370.0,8337.105,8482.814
2017-02-21 04:00:00,7995.0,9264.0,8196.315,8453.922
2017-02-21 05:00:00,8008.0,9273.0,8192.541,8453.922
2017-02-21 06:00:00,8251.0,9569.0,8315.784,8563.238
2017-02-21 07:00:00,8903.0,10296.0,9243.321,9457.51
2017-02-21 08:00:00,9923.0,11299.0,9958.691,10498.981
2017-02-21 09:00:00,10435.0,11640.0,10548.077,10980.704
2017-02-21 10:00:00,10686.0,11645.0,10828.584,11053.416
2017-02-21 11:00:00,10797.0,11562.0,11137.035,11119.871
2017-02-21 12:00:00,10878.0,11517.0,11549.071,11022.529
2017-02-21 13:00:00,10896.0,11387.0,11621.869,11043.32
2017-02-21 14:00:00,10895.0,11244.0,11891.166,10941.817
2017-02-21 15:00:00,10975.0,11190.0,11934.402,10922.152
2017-02-21 16:00:00,10890.0,11023.0,11455.991,10774.5625
2017-02-21 17:00:00,10757.0,10917.0,10860.814,10681.932
2017-02-21 18:00:00,10720.0,11016.0,10704.407,10655.054
2017-02-21 19:00:00,10982.0,11609.0,11299.662,10856.125
2017-02-21 20:00:00,11321.0,11853.0,11053.631,10934.477
2017-02-21 21:00:00,11121.0,11769.0,10961.68,11010.938
2017-02-21 22:00:00,10774.0,11514.0,10826.533,10920.537
2017-02-21 23:00:00,10267.0,11106.0,10633.71,10647.906
2017-02-22 00:00:00,9630.0,10474.0,9610.927,9543.862
2017-02-22 01:00:00,9018.0,9848.0,8978.208,8945.282
2017-02-22 02:00:00,8654.0,9513.0,8554.384,8639.971
2017-02-22 03:00:00,8374.0,9351.0,8283.036,8412.975
2017-02-22 04:00:00,8257.0,9218.0,8179.965,8384.902
2017-02-22 05:00:00,8225.0,9292.0,8173.9956,8378.803
2017-02-22 06:00:00,8442.0,9628.0,8283.845,8436.711
2017-02-22 07:00:00,9020.0,10440.0,8947.189,9065.719
2017-02-22 08:00:00,10036.0,11425.0,9738.651,10291.457
2017-02-22 09:00:00,10477.0,11836.0,10363.035,10725.98
2017-02-22 10:00:00,10723.0,11854.0,10691.895,10975.3545
2017-02-22 11:00:00,10826.0,11873.0,10904.76,10981.923
2017-02-22 12:00:00,10900.0,11885.0,11092.588,11041.3
2017-02-22 13:00:00,10867.0,11840.0,11247.5625,11035.56
2017-02-22 14:00:00,10855.0,11770.0,11526.109,10969.752
2017-02-22 15:00:00,10858.0,11697.0,11667.939,10948.942
2017-02-22 16:00:00,10795.0,11540.0,11589.001,10828.503
2017-02-22 17:00:00,10748.0,11534.0,11432.764,10628.5
2017-02-22 18:00:00,10686.0,11607.0,11260.397,10562.92
2017-02-22 19:00:00,10927.0,12227.0,11181.987,10747.845
2017-02-22 20:00:00,11331.0,12438.0,11407.974,10884.617
2017-02-22 21:00:00,11133.0,12255.0,11378.972,10918.966
2017-02-22 22:00:00,10825.0,11971.0,11071.866,10771.309
2017-02-22 23:00:00,10318.0,11427.0,10614.937,10503.565
2017-02-23 00:00:00,9566.0,10762.0,9743.927,9660.691
2017-02-23 01:00:00,8943.0,10129.0,9105.795,9080.101
2017-02-23 02:00:00,8502.0,9711.0,8557.256,8681.481
2017-02-23 03:00:00,8236.0,9514.0,8302.957,8474.858
2017-02-23 04:00:00,8093.0,9398.0,8146.83,8353.884
2017-02-23 05:00:00,8067.0,9383.0,8181.831,8353.884
2017-02-23 06:00:00,8231.0,9655.0,8304.249,8466.293
2017-02-23 07:00:00,8902.0,10324.0,9193.628,9129.135
2017-02-23 08:00:00,9841.0,11374.0,9986.117,10123.897
2017-02-23 09:00:00,10268.0,11784.0,10395.822,10598.93
2017-02-23 10:00:00,10470.0,11969.0,10606.618,10729.104
2017-02-23 11:00:00,10655.0,11987.0,10811.6455,10823.571
2017-02-23 12:00:00,10819.0,11902.0,10951.326,10882.797
2017-02-23 13:00:00,10916.0,11773.0,10981.118,10887.517
2017-02-23 14:00:00,10962.0,11648.0,10942.769,10821.709
2017-02-23 15:00:00,11091.0,11603.0,10941.474,10776.015
2017-02-23 16:00:00,11035.0,11419.0,10781.549,10584.932
2017-02-23 17:00:00,11096.0,11459.0,10693.027,10485.392
2017-02-23 18:00:00,11356.0,11623.0,10646.3,10438.8
2017-02-23 19:00:00,11749.0,12122.0,10981.226,10605.63
2017-02-23 20:00:00,11852.0,12167.0,11155.932,10697.363
2017-02-23 21:00:00,11691.0,11963.0,11120.024,10934.106
2017-02-23 22:00:00,11423.0,11721.0,10834.399,10775.825
2017-02-23 23:00:00,10917.0,11218.0,10386.825,10411.258
2017-02-24 00:00:00,10196.0,10523.0,9696.633,9649.564
2017-02-24 01:00:00,9599.0,9893.0,9190.679,9059.916
2017-02-24 02:00:00,9201.0,9543.0,8735.916,8758.318
2017-02-24 03:00:00,8965.0,9298.0,8490.356,8518.387
2017-02-24 04:00:00,8755.0,9178.0,8341.751,8461.874
2017-02-24 05:00:00,8768.0,9171.0,8316.7705,8470.006
2017-02-24 06:00:00,8946.0,9461.0,8425.497,8544.196
2017-02-24 07:00:00,9629.0,10175.0,9078.672,9067.52
2017-02-24 08:00:00,10637.0,11126.0,9890.573,10150.299
2017-02-24 09:00:00,11124.0,11376.0,10455.188,10808.359
2017-02-24 10:00:00,11364.0,11388.0,10683.823,10934.614
2017-02-24 11:00:00,11553.0,11283.0,10850.485,11036.803
2017-02-24 12:00:00,11679.0,11179.0,11067.959,11146.177
2017-02-24 13:00:00,11626.0,11110.0,11099.889,11119.492
2017-02-24 14:00:00,11613.0,10920.0,11089.285,11112.168
2017-02-24 15:00:00,11463.0,10855.0,11066.228,11092.046
2017-02-24 16:00:00,11373.0,10739.0,10910.781,10961.41
2017-02-24 17:00:00,11294.0,10613.0,10877.934,10923.889
2017-02-24 18:00:00,11382.0,10554.0,10995.513,11010.332
2017-02-24 19:00:00,11649.0,10874.0,11207.485,11198.457
2017-02-24 20:00:00,11741.0,11146.0,11377.074,11430.71
2017-02-24 21:00:00,11463.0,10950.0,11316.449,11372.108
2017-02-24 22:00:00,11276.0,10679.0,11114.907,11231.52
2017-02-24 23:00:00,10893.0,10266.0,10870.772,11240.266
2017-02-25 00:00:00,10320.0,9753.0,10223.954,10252.728
2017-02-25 01:00:00,9781.0,9146.0,9650.857,9646.025
2017-02-25 02:00:00,9420.0,8699.0,9341.702,9249.758
2017-02-25 03:00:00,9195.0,8454.0,9135.925,8888.647
2017-02-25 04:00:00,9025.0,8299.0,8893.092,8704.421
2017-02-25 05:00:00,9039.0,8289.0,8923.365,8674.226
2017-02-25 06:00:00,9173.0,8299.0,8988.234,8715.374
2017-02-25 07:00:00,9564.0,8672.0,9429.158,9039.513
2017-02-25 08:00:00,10031.0,9005.0,10026.709,9410.738
2017-02-25 09:00:00,10280.0,9105.0,10222.116,9664.246
2017-02-25 10:00:00,10791.0,9335.0,10482.448,9898.217
2017-02-25 11:00:00,11081.0,9448.0,10542.915,10095.762
2017-02-25 12:00:00,11211.0,9490.0,10588.3125,10104.732
2017-02-25 13:00:00,11119.0,9421.0,10533.28,10161.773
2017-02-25 14:00:00,10989.0,9354.0,10403.641,10075.954
2017-02-25 15:00:00,10802.0,9192.0,10248.175,10154.754
2017-02-25 16:00:00,10676.0,9078.0,10142.586,10049.126
2017-02-25 17:00:00,10709.0,8994.0,10066.976,9958.144
2017-02-25 18:00:00,10713.0,9030.0,10143.172,10057.666
2017-02-25 19:00:00,11133.0,9398.0,10517.143,10289.124
2017-02-25 20:00:00,11509.0,9806.0,10687.232,10607.554
2017-02-25 21:00:00,11441.0,9677.0,10749.628,10886.688
2017-02-25 22:00:00,11230.0,9546.0,10667.076,10823.064
2017-02-25 23:00:00,10982.0,9281.0,10798.331,11031.926
2017-02-26 00:00:00,10542.0,8871.0,10593.37,10672.5625
2017-02-26 01:00:00,10032.0,8474.0,9958.024,9917.886
2017-02-26 02:00:00,9684.0,8192.0,9513.2295,9383.464
2017-02-26 03:00:00,9418.0,7974.0,9449.878,9074.23
2017-02-26 04:00:00,9357.0,7886.0,9178.242,8893.869
2017-02-26 05:00:00,9241.0,7783.0,9131.884,8845.575
2017-02-26 06:00:00,9288.0,7904.0,9280.999,8899.724
2017-02-26 07:00:00,9361.0,8060.0,9371.96,8936.032
2017-02-26 08:00:00,9620.0,8272.0,9637.078,9161.763
2017-02-26 09:00:00,9600.0,8311.0,9576.083,9351.851
2017-02-26 10:00:00,9846.0,8460.0,9821.177,9660.912
2017-02-26 11:00:00,10023.0,8608.0,9814.288,10015.685
2017-02-26 12:00:00,9932.0,8689.0,9754.751,9947.896
2017-02-26 13:00:00,9932.0,8728.0,9676.591,10275.405
2017-02-26 14:00:00,9673.0,8693.0,9645.811,10465.724
2017-02-26 15:00:00,9534.0,8649.0,9542.456,10342.7705
2017-02-26 16:00:00,9373.0,8612.0,9400.768,10520.869
2017-02-26 17:00:00,9347.0,8592.0,9434.213,10537.85
2017-02-26 18:00:00,9461.0,8742.0,9556.353,10337.701
2017-02-26 19:00:00,10044.0,9278.0,10088.266,10457.875
2017-02-26 20:00:00,10641.0,9754.0,10403.207,10817.462
2017-02-26 21:00:00,10530.0,9683.0,10393.569,10995.39
2017-02-26 22:00:00,10373.0,9547.0,10340.14,10818.329
2017-02-26 23:00:00,10049.0,9297.0,10217.373,10785.939
2017-02-27 00:00:00,9640.0,8914.0,9766.624,10201.888
2017-02-27 01:00:00,9218.0,8529.0,9343.073,9503.546
2017-02-27 02:00:00,8884.0,8244.0,9185.678,9411.217
2017-02-27 03:00:00,8783.0,8065.0,9023.141,9158.959
2017-02-27 04:00:00,8664.0,7991.0,9017.675,9052.156
2017-02-27 05:00:00,8718.0,8033.0,9056.527,9034.6455
2017-02-27 06:00:00,9036.0,8302.0,9358.668,9239.8125
2017-02-27 07:00:00,9864.0,8917.0,10023.078,9821.524
2017-02-27 08:00:00,10862.0,9734.0,10829.289,10641.721
2017-02-27 09:00:00,11237.0,10112.0,10984.806,11257.704
2017-02-27 10:00:00,11299.0,10350.0,11028.048,11508.623
2017-02-27 11:00:00,11234.0,10485.0,10940.15,11096.099
2017-02-27 12:00:00,11182.0,10606.0,11015.13,11080.698
2017-02-27 13:00:00,11079.0,10665.0,11151.534,11290.975
2017-02-27 14:00:00,11012.0,10609.0,11098.667,11285.975
2017-02-27 15:00:00,10938.0,10645.0,11045.949,11309.629
2017-02-27 16:00:00,10788.0,10554.0,10888.53,11182.952
2017-02-27 17:00:00,10705.0,10494.0,10859.489,11117.369
2017-02-27 18:00:00,10779.0,10523.0,10825.154,11105.415
2017-02-27 19:00:00,11174.0,11023.0,11189.855,11347.406
2017-02-27 20:00:00,11534.0,11235.0,11290.6045,11403.57
2017-02-27 21:00:00,11410.0,11046.0,11266.967,11403.154
2017-02-27 22:00:00,11162.0,10681.0,11246.5625,11531.38
2017-02-27 23:00:00,10692.0,10165.0,10567.877,10561.545
2017-02-28 00:00:00,9967.0,9472.0,9925.877,10334.703
2017-02-28 01:00:00,9356.0,8858.0,9368.268,9712.316
2017-02-28 02:00:00,8960.0,8403.0,8878.6,9176.529
2017-02-28 03:00:00,8723.0,8122.0,8594.412,8841.436
2017-02-28 04:00:00,8622.0,7995.0,8460.178,8726.899
2017-02-28 05:00:00,8575.0,8008.0,8429.026,8732.689
2017-02-28 06:00:00,8763.0,8251.0,8620.97,9063.728
2017-02-28 07:00:00,9462.0,8903.0,9154.416,9788.952
2017-02-28 08:00:00,10354.0,9923.0,10192.848,10693.668
2017-02-28 09:00:00,10796.0,10435.0,10697.397,11142.026
2017-02-28 10:00:00,11065.0,10686.0,10879.795,11239.205
2017-02-28 11:00:00,11131.0,10797.0,11002.503,11289.26
2017-02-28 12:00:00,11216.0,10878.0,11201.114,11263.574
2017-02-28 13:00:00,11186.0,10896.0,11171.494,11229.254
2017-02-28 14:00:00,11120.0,10895.0,11171.835,11158.7705
2017-02-28 15:00:00,11121.0,10975.0,11311.739,11111.862
2017-02-28 16:00:00,11017.0,10890.0,11236.8125,10975.78
2017-02-28 17:00:00,11007.0,10757.0,11144.873,10860.349
2017-02-28 18:00:00,11182.0,10720.0,11033.857,10846.597
2017-02-28 19:00:00,11639.0,10982.0,11210.426,11045.533
2017-02-28 20:00:00,11595.0,11321.0,11256.682,11297.239
2017-02-28 21:00:00,11328.0,11121.0,11234.824,11247.522
2017-02-28 22:00:00,10994.0,10774.0,11048.18,11156.987
2017-02-28 23:00:00,10552.0,10267.0,10688.659,10995.632
2017-03-01 00:00:00,9869.0,9630.0,10034.256,10044.15
2017-03-01 01:00:00,9285.0,9018.0,9277.1455,9426.948
2017-03-01 02:00:00,8782.0,8654.0,8792.843,8937.202
2017-03-01 03:00:00,8517.0,8374.0,8432.233,8694.179
2017-03-01 04:00:00,8381.0,8257.0,8250.29,8489.526
2017-03-01 05:00:00,8335.0,8225.0,8233.366,8496.452
2017-03-01 06:00:00,8615.0,8442.0,8483.192,8557.701
2017-03-01 07:00:00,9343.0,9020.0,9493.72,9327.841
2017-03-01 08:00:00,10378.0,10036.0,10348.533,10290.251
2017-03-01 09:00:00,10996.0,10477.0,10868.725,10794.126
2017-03-01 10:00:00,11279.0,10723.0,11048.075,11008.163
2017-03-01 11:00:00,11428.0,10826.0,11089.854,11140.975
2017-03-01 12:00:00,11579.0,10900.0,11127.731,11219.415
2017-03-01 13:00:00,11597.0,10867.0,11154.131,11230.377
2017-03-01 14:00:00,11593.0,10855.0,11056.943,11157.658
2017-03-01 15:00:00,11680.0,10858.0,11043.552,11123.701
2017-03-01 16:00:00,11650.0,10795.0,10912.798,10998.122
2017-03-01 17:00:00,11700.0,10748.0,10909.045,10931.474
2017-03-01 18:00:00,11860.0,10686.0,11019.101,10984.16
2017-03-01 19:00:00,12204.0,10927.0,11288.257,11084.998
2017-03-01 20:00:00,12437.0,11331.0,11444.118,11265.42
2017-03-01 21:00:00,12264.0,11133.0,11317.198,11248.642
2017-03-01 22:00:00,11959.0,10825.0,11086.537,11186.391
2017-03-01 23:00:00,11459.0,10318.0,10815.194,10995.873
2017-03-02 00:00:00,10700.0,9566.0,10330.149,10319.429
2017-03-02 01:00:00,10061.0,8943.0,9838.629,9594.0
2017-03-02 02:00:00,9641.0,8502.0,9454.614,9139.619
2017-03-02 03:00:00,9423.0,8236.0,9329.433,8995.75
2017-03-02 04:00:00,9308.0,8093.0,9145.139,8790.051
2017-03-02 05:00:00,9316.0,8067.0,9119.729,8799.607
2017-03-02 06:00:00,9593.0,8231.0,9282.6875,8937.171
2017-03-02 07:00:00,10287.0,8902.0,9863.914,9465.46
2017-03-02 08:00:00,11240.0,9841.0,10697.362,10429.3955
2017-03-02 09:00:00,11690.0,10268.0,11272.099,11237.68
2017-03-02 10:00:00,11855.0,10470.0,11584.519,11570.887
2017-03-02 11:00:00,11791.0,10655.0,11580.302,11734.076
2017-03-02 12:00:00,11744.0,10819.0,11635.921,11832.103
2017-03-02 13:00:00,11746.0,10916.0,11733.275,11869.267
2017-03-02 14:00:00,11816.0,10962.0,11710.422,11788.99
2017-03-02 15:00:00,11831.0,11091.0,11684.833,11781.566
2017-03-02 16:00:00,11799.0,11035.0,11573.78,11722.29
2017-03-02 17:00:00,11820.0,11096.0,11645.993,11690.718
2017-03-02 18:00:00,11878.0,11356.0,11821.001,11791.8955
2017-03-02 19:00:00,12170.0,11749.0,12066.5,11916.182
2017-03-02 20:00:00,12487.0,11852.0,12216.097,12116.769
2017-03-02 21:00:00,12366.0,11691.0,12141.076,12085.321
2017-03-02 22:00:00,12106.0,11423.0,12057.377,11967.384
2017-03-02 23:00:00,11651.0,10917.0,11810.822,11634.564
2017-03-03 00:00:00,10946.0,10196.0,11022.278,10766.634
2017-03-03 01:00:00,10366.0,9599.0,10378.659,10101.097
2017-03-03 02:00:00,9984.0,9201.0,9974.988,9725.945
2017-03-03 03:00:00,9805.0,8965.0,9761.327,9374.397
2017-03-03 04:00:00,9720.0,8755.0,9725.924,9282.992
2017-03-03 05:00:00,9723.0,8768.0,9678.34,9274.905
2017-03-03 06:00:00,10007.0,8946.0,9981.847,9402.669
2017-03-03 07:00:00,10763.0,9629.0,10507.785,10145.042
2017-03-03 08:00:00,11630.0,10637.0,11335.093,11169.283
2017-03-03 09:00:00,11991.0,11124.0,11668.607,11642.917
2017-03-03 10:00:00,12101.0,11364.0,11946.588,11878.859
2017-03-03 11:00:00,12115.0,11553.0,11926.827,11952.718
2017-03-03 12:00:00,12079.0,11679.0,11944.395,11956.514
2017-03-03 13:00:00,11967.0,11626.0,11937.475,11879.284
2017-03-03 14:00:00,11814.0,11613.0,11854.881,11797.135
2017-03-03 15:00:00,11706.0,11463.0,11703.472,11735.423
2017-03-03 16:00:00,11485.0,11373.0,11603.179,11665.924
2017-03-03 17:00:00,11315.0,11294.0,11582.306,11648.724
2017-03-03 18:00:00,11324.0,11382.0,11712.97,11720.629
2017-03-03 19:00:00,11725.0,11649.0,11891.889,11780.309
2017-03-03 20:00:00,12220.0,11741.0,12044.464,12015.962
2017-03-03 21:00:00,12052.0,11463.0,11982.345,11977.053
2017-03-03 22:00:00,11772.0,11276.0,11814.643,11844.655
2017-03-03 23:00:00,11395.0,10893.0,11585.664,11430.756
2017-03-04 00:00:00,10775.0,10320.0,10850.7705,10803.162
2017-03-04 01:00:00,10174.0,9781.0,10295.002,10314.785
2017-03-04 02:00:00,9761.0,9420.0,9940.109,9833.046
2017-03-04 03:00:00,9563.0,9195.0,9636.489,9587.081
2017-03-04 04:00:00,9405.0,9025.0,9459.157,9372.208
2017-03-04 05:00:00,9377.0,9039.0,9476.44,9349.233
2017-03-04 06:00:00,9476.0,9173.0,9486.153,9409.982
2017-03-04 07:00:00,9794.0,9564.0,9795.422,9605.7
2017-03-04 08:00:00,10099.0,10031.0,10048.996,10178.306
2017-03-04 09:00:00,10290.0,10280.0,10280.036,10274.076
2017-03-04 10:00:00,10550.0,10791.0,10568.764,10480.743
2017-03-04 11:00:00,10632.0,11081.0,10796.368,10665.78
2017-03-04 12:00:00,10597.0,11211.0,10704.331,10743.742
2017-03-04 13:00:00,10401.0,11119.0,10687.552,10676.882
2017-03-04 14:00:00,10209.0,10989.0,10459.844,10446.404
2017-03-04 15:00:00,10013.0,10802.0,10274.139,10350.399
2017-03-04 16:00:00,9867.0,10676.0,10137.927,10360.246
2017-03-04 17:00:00,9794.0,10709.0,10060.652,10290.998
2017-03-04 18:00:00,9877.0,10713.0,10210.67,10451.747
2017-03-04 19:00:00,10299.0,11133.0,10570.454,10686.247
2017-03-04 20:00:00,11020.0,11509.0,10870.272,10923.445
2017-03-04 21:00:00,11003.0,11441.0,10855.102,10907.963
2017-03-04 22:00:00,10926.0,11230.0,10690.899,10890.305
2017-03-04 23:00:00,10672.0,10982.0,10595.293,10753.812
2017-03-05 00:00:00,10237.0,10542.0,10284.238,10284.643
2017-03-05 01:00:00,9794.0,10032.0,9731.753,9775.319
2017-03-05 02:00:00,9425.0,9684.0,9369.358,9451.479
2017-03-05 03:00:00,9183.0,9418.0,9100.838,9125.178
2017-03-05 04:00:00,9056.0,9357.0,8943.38,8948.544
2017-03-05 05:00:00,8979.0,9241.0,8894.433,8881.643
2017-03-05 06:00:00,8999.0,9288.0,8898.005,8883.936
2017-03-05 07:00:00,9172.0,9361.0,9099.591,8981.859
2017-03-05 08:00:00,9188.0,9620.0,9293.697,9243.159
2017-03-05 09:00:00,9245.0,9600.0,9259.374,9216.992
2017-03-05 10:00:00,9419.0,9846.0,9351.098,9650.645
2017-03-05 11:00:00,9565.0,10023.0,9470.106,9805.655
2017-03-05 12:00:00,9521.0,9932.0,9536.443,9815.923
2017-03-05 13:00:00,9458.0,9932.0,9522.55,9771.232
2017-03-05 14:00:00,9408.0,9673.0,9459.727,9710.253
2017-03-05 15:00:00,9318.0,9534.0,9383.851,9504.354
2017-03-05 16:00:00,9282.0,9373.0,9331.146,9470.398
2017-03-05 17:00:00,9278.0,9347.0,9278.603,9508.156
2017-03-05 18:00:00,9458.0,9461.0,9365.255,9599.52
2017-03-05 19:00:00,9742.0,10044.0,9691.675,10100.755
2017-03-05 20:00:00,10315.0,10641.0,10214.491,10616.797
2017-03-05 21:00:00,10251.0,10530.0,10289.816,10710.545
2017-03-05 22:00:00,10063.0,10373.0,10328.09,10759.068
2017-03-05 23:00:00,9698.0,10049.0,10207.543,10462.389
2017-03-06 00:00:00,9259.0,9640.0,9616.932,9822.82
2017-03-06 01:00:00,8817.0,9218.0,9155.335,9432.061
2017-03-06 02:00:00,8515.0,8884.0,8685.178,9033.347
2017-03-06 03:00:00,8351.0,8783.0,8561.269,8899.274
2017-03-06 04:00:00,8275.0,8664.0,8436.927,8818.357
2017-03-06 05:00:00,8319.0,8718.0,8452.205,8807.66
2017-03-06 06:00:00,8621.0,9036.0,8663.802,9090.515
2017-03-06 07:00:00,9367.0,9864.0,9527.753,9932.781
2017-03-06 08:00:00,10276.0,10862.0,10218.73,10703.772
2017-03-06 09:00:00,10757.0,11237.0,10815.335,11273.103
2017-03-06 10:00:00,11077.0,11299.0,11129.777,11379.221
2017-03-06 11:00:00,11135.0,11234.0,11211.773,11380.426
2017-03-06 12:00:00,11182.0,11182.0,11214.221,11330.937
2017-03-06 13:00:00,11193.0,11079.0,11203.202,11306.489
2017-03-06 14:00:00,11152.0,11012.0,11203.035,11269.096
2017-03-06 15:00:00,11170.0,10938.0,11267.931,11239.053
2017-03-06 16:00:00,11101.0,10788.0,11123.35,11044.876
2017-03-06 17:00:00,11020.0,10705.0,11051.023,10907.119
2017-03-06 18:00:00,11079.0,10779.0,11111.054,10968.552
2017-03-06 19:00:00,11378.0,11174.0,11092.3125,11107.669
2017-03-06 20:00:00,11544.0,11534.0,11334.9795,11124.059
2017-03-06 21:00:00,11334.0,11410.0,11397.797,11252.576
2017-03-06 22:00:00,10997.0,11162.0,11331.714,11230.861
2017-03-06 23:00:00,10509.0,10692.0,11054.837,10794.351
2017-03-07 00:00:00,9771.0,9967.0,10418.658,9946.7295
2017-03-07 01:00:00,9124.0,9356.0,9560.502,9295.275
2017-03-07 02:00:00,8665.0,8960.0,9199.358,8925.87
2017-03-07 03:00:00,8417.0,8723.0,8836.236,8638.204
2017-03-07 04:00:00,8285.0,8622.0,8429.626,8444.263
2017-03-07 05:00:00,8219.0,8575.0,8224.172,8493.246
2017-03-07 06:00:00,8448.0,8763.0,8434.781,8707.784
2017-03-07 07:00:00,9188.0,9462.0,9255.337,9533.842
2017-03-07 08:00:00,10144.0,10354.0,10297.492,10495.887
2017-03-07 09:00:00,10696.0,10796.0,10723.469,10923.538
2017-03-07 10:00:00,10938.0,11065.0,11005.968,11135.435
2017-03-07 11:00:00,11001.0,11131.0,11081.203,11198.277
2017-03-07 12:00:00,11062.0,11216.0,11170.616,11304.767
2017-03-07 13:00:00,11035.0,11186.0,11167.516,11289.429
2017-03-07 14:00:00,10954.0,11120.0,11048.578,11167.577
2017-03-07 15:00:00,10903.0,11121.0,11075.78,11130.337
2017-03-07 16:00:00,10756.0,11017.0,10961.086,10991.047
2017-03-07 17:00:00,10633.0,11007.0,10863.29,10896.785
2017-03-07 18:00:00,10652.0,11182.0,10878.242,10880.435
2017-03-07 19:00:00,10911.0,11639.0,11065.581,11027.578
2017-03-07 20:00:00,11416.0,11595.0,11051.061,11035.723
2017-03-07 21:00:00,11386.0,11328.0,11091.533,11156.667
2017-03-07 22:00:00,11145.0,10994.0,10862.162,10977.98
2017-03-07 23:00:00,10698.0,10552.0,10519.984,10512.634
2017-03-08 00:00:00,10033.0,9869.0,9837.22,9855.537
2017-03-08 01:00:00,9410.0,9285.0,9147.633,9249.979
2017-03-08 02:00:00,9012.0,8782.0,8720.731,8792.891
2017-03-08 03:00:00,8801.0,8517.0,8467.332,8537.202
2017-03-08 04:00:00,8704.0,8381.0,8270.254,8377.647
2017-03-08 05:00:00,8718.0,8335.0,8288.412,8381.485
2017-03-08 06:00:00,9043.0,8615.0,8507.153,8540.745
2017-03-08 07:00:00,9809.0,9343.0,9196.36,9212.766
2017-03-08 08:00:00,10662.0,10378.0,10219.26,10257.186
2017-03-08 09:00:00,11087.0,10996.0,10880.414,10860.515
2017-03-08 10:00:00,11215.0,11279.0,11043.481,11140.787
2017-03-08 11:00:00,11251.0,11428.0,11187.133,11222.511
2017-03-08 12:00:00,11214.0,11579.0,11223.368,11296.207
2017-03-08 13:00:00,11253.0,11597.0,11221.732,11288.977
2017-03-08 14:00:00,11118.0,11593.0,11178.51,11221.001
2017-03-08 15:00:00,11061.0,11680.0,11149.946,11201.471
2017-03-08 16:00:00,10871.0,11650.0,10974.681,10995.981
2017-03-08 17:00:00,10747.0,11700.0,10826.8545,10912.727
2017-03-08 18:00:00,10748.0,11860.0,10827.678,10900.183
2017-03-08 19:00:00,10951.0,12204.0,11012.94,10987.298
2017-03-08 20:00:00,11502.0,12437.0,11197.578,11195.446
2017-03-08 21:00:00,11507.0,12264.0,11207.849,11232.425
2017-03-08 22:00:00,11235.0,11959.0,11143.28,11181.835
2017-03-08 23:00:00,10786.0,11459.0,10739.573,10877.213
2017-03-09 00:00:00,10134.0,10700.0,10111.77,10040.102
2017-03-09 01:00:00,9516.0,10061.0,9518.188,9535.148
2017-03-09 02:00:00,9155.0,9641.0,9099.899,9094.776
2017-03-09 03:00:00,8924.0,9423.0,8915.015,8751.301
2017-03-09 04:00:00,8849.0,9308.0,8823.929,8671.148
2017-03-09 05:00:00,8878.0,9316.0,8980.854,8671.148
2017-03-09 06:00:00,9167.0,9593.0,9021.92,8902.086
2017-03-09 07:00:00,9905.0,10287.0,9880.362,9826.155
2017-03-09 08:00:00,10779.0,11240.0,10593.792,10471.303
2017-03-09 09:00:00,11270.0,11690.0,11181.476,11109.197
2017-03-09 10:00:00,11377.0,11855.0,11372.259,11338.341
2017-03-09 11:00:00,11412.0,11791.0,11463.749,11385.102
2017-03-09 12:00:00,11429.0,11744.0,11391.19,11433.937
2017-03-09 13:00:00,11366.0,11746.0,11434.419,11388.23
2017-03-09 14:00:00,11235.0,11816.0,11339.189,11319.043
2017-03-09 15:00:00,11250.0,11831.0,11312.279,11262.08
2017-03-09 16:00:00,11187.0,11799.0,11173.066,11134.613
2017-03-09 17:00:00,11181.0,11820.0,10999.915,11028.868
2017-03-09 18:00:00,11389.0,11878.0,11034.408,11022.866
2017-03-09 19:00:00,11716.0,12170.0,11261.744,11131.384
2017-03-09 20:00:00,11990.0,12487.0,11617.868,11434.744
2017-03-09 21:00:00,11855.0,12366.0,11611.574,11504.047
2017-03-09 22:00:00,11607.0,12106.0,11484.718,11398.993
2017-03-09 23:00:00,11142.0,11651.0,10945.296,11228.335
2017-03-10 00:00:00,10467.0,10946.0,10346.628,10353.509
2017-03-10 01:00:00,9853.0,10366.0,9655.292,9682.321
2017-03-10 02:00:00,9514.0,9984.0,9217.439,9174.567
2017-03-10 03:00:00,9345.0,9805.0,9131.545,8886.817
2017-03-10 04:00:00,9286.0,9720.0,9076.447,8799.764
2017-03-10 05:00:00,9337.0,9723.0,9084.511,8869.765
2017-03-10 06:00:00,9646.0,10007.0,9346.708,9099.464
2017-03-10 07:00:00,10401.0,10763.0,9966.154,9792.93
2017-03-10 08:00:00,11203.0,11630.0,10969.474,10774.604
2017-03-10 09:00:00,11581.0,11991.0,11559.819,11316.965
2017-03-10 10:00:00,11771.0,12101.0,11698.476,11471.14
2017-03-10 11:00:00,11785.0,12115.0,11706.647,11485.396
2017-03-10 12:00:00,11832.0,12079.0,11735.306,11549.66
2017-03-10 13:00:00,11768.0,11967.0,11697.905,11485.265
2017-03-10 14:00:00,11668.0,11814.0,11639.599,11433.889
2017-03-10 15:00:00,11629.0,11706.0,11614.954,11432.272
2017-03-10 16:00:00,11445.0,11485.0,11432.324,11356.139
2017-03-10 17:00:00,11319.0,11315.0,11374.668,11315.245
2017-03-10 18:00:00,11378.0,11324.0,11479.38,11285.769
2017-03-10 19:00:00,11691.0,11725.0,11665.198,11528.99
2017-03-10 20:00:00,12258.0,12220.0,11929.382,11735.787
2017-03-10 21:00:00,12207.0,12052.0,11869.976,11746.249
2017-03-10 22:00:00,12000.0,11772.0,11802.725,11610.014
2017-03-10 23:00:00,11665.0,11395.0,11515.101,11360.386
2017-03-11 00:00:00,11076.0,10775.0,10886.803,10695.549
2017-03-11 01:00:00,10473.0,10174.0,10362.504,10103.029
2017-03-11 02:00:00,10122.0,9761.0,9923.419,9502.163
2017-03-11 03:00:00,9871.0,9563.0,9672.875,9273.737
2017-03-11 04:00:00,9775.0,9405.0,9768.947,9175.073
2017-03-11 05:00:00,9728.0,9377.0,9634.926,9156.329
2017-03-11 06:00:00,9875.0,9476.0,9753.696,9259.866
2017-03-11 07:00:00,10179.0,9794.0,10150.619,9686.601
2017-03-11 08:00:00,10419.0,10099.0,10325.48,10005.631
2017-03-11 09:00:00,10579.0,10290.0,10442.893,10293.276
2017-03-11 10:00:00,10861.0,10550.0,10720.661,10341.806
2017-03-11 11:00:00,10926.0,10632.0,10938.786,10607.94
2017-03-11 12:00:00,10892.0,10597.0,10920.368,10563.509
2017-03-11 13:00:00,10825.0,10401.0,10827.19,10552.371
2017-03-11 14:00:00,10584.0,10209.0,10558.676,10353.826
2017-03-11 15:00:00,10329.0,10013.0,10456.262,10317.374
2017-03-11 16:00:00,10122.0,9867.0,10406.89,10202.079
2017-03-11 17:00:00,10076.0,9794.0,10397.066,10181.073
2017-03-11 18:00:00,10188.0,9877.0,10434.573,10278.161
2017-03-11 19:00:00,10598.0,10299.0,10595.643,10476.365
2017-03-11 20:00:00,11220.0,11020.0,11228.598,11143.142
2017-03-11 21:00:00,11198.0,11003.0,11239.284,11128.294
2017-03-11 22:00:00,11093.0,10926.0,11153.607,11089.987
2017-03-11 23:00:00,10795.0,10672.0,10938.903,10884.53
2017-03-12 00:00:00,10385.0,10237.0,10649.667,10530.109
2017-03-12 01:00:00,9870.0,9794.0,10332.725,10069.423
2017-03-12 02:00:00,9582.0,9425.0,9881.638,9531.916
2017-03-12 03:00:00,9523.0,9183.0,9698.069,9293.094
2017-03-12 04:00:00,9464.0,9056.0,9671.7295,9229.675
2017-03-12 05:00:00,9373.0,8979.0,9636.422,9094.16
2017-03-12 06:00:00,9405.0,8999.0,9607.475,9050.122
2017-03-12 07:00:00,9537.0,9172.0,9717.516,9234.873
2017-03-12 08:00:00,9799.0,9188.0,9843.146,9322.879
2017-03-12 09:00:00,9797.0,9245.0,9873.14,9403.741
2017-03-12 10:00:00,9876.0,9419.0,10022.313,9710.72
2017-03-12 11:00:00,9912.0,9565.0,10076.189,9929.384
2017-03-12 12:00:00,9985.0,9521.0,10093.184,9819.275
2017-03-12 13:00:00,9925.0,9458.0,10031.729,10005.049
2017-03-12 14:00:00,9897.0,9408.0,9974.841,10063.482
2017-03-12 15:00:00,9778.0,9318.0,9852.911,9934.382
2017-03-12 16:00:00,9683.0,9282.0,9811.996,9914.933
2017-03-12 17:00:00,9596.0,9278.0,9861.19,9945.193
2017-03-12 18:00:00,9667.0,9458.0,9979.042,10179.796
2017-03-12 19:00:00,9907.0,9742.0,10260.966,10402.052
2017-03-12 20:00:00,10355.0,10315.0,10685.428,10839.664
2017-03-12 21:00:00,11001.0,10251.0,10663.048,10935.116
2017-03-12 22:00:00,10948.0,10063.0,10664.385,10874.357
2017-03-12 23:00:00,10666.0,9698.0,10595.435,10868.357
2017-03-13 00:00:00,10304.0,9259.0,10195.606,10218.72
2017-03-13 01:00:00,9872.0,8817.0,9698.9375,9521.924
2017-03-13 02:00:00,9554.0,8515.0,9449.748,9295.617
2017-03-13 03:00:00,9408.0,8351.0,9420.102,9153.2295
2017-03-13 04:00:00,9354.0,8275.0,9340.454,9115.082
2017-03-13 05:00:00,9414.0,8319.0,9325.756,9122.709
2017-03-13 06:00:00,9746.0,8621.0,9496.183,9337.65
2017-03-13 07:00:00,10475.0,9367.0,10263.359,10012.953
2017-03-13 08:00:00,11619.0,10276.0,11131.842,10822.695
2017-03-13 09:00:00,12166.0,10757.0,11688.331,11553.05
2017-03-13 10:00:00,12289.0,11077.0,11781.911,11840.158
2017-03-13 11:00:00,12336.0,11135.0,11867.075,11943.351
2017-03-13 12:00:00,12414.0,11182.0,12050.544,12075.101
2017-03-13 13:00:00,12378.0,11193.0,12072.062,12065.286
2017-03-13 14:00:00,12324.0,11152.0,12057.555,12049.028
2017-03-13 15:00:00,12290.0,11170.0,12155.906,12031.303
2017-03-13 16:00:00,12168.0,11101.0,11992.278,11952.657
2017-03-13 17:00:00,12047.0,11020.0,12019.8,11942.48
2017-03-13 18:00:00,12062.0,11079.0,11977.402,11930.368
2017-03-13 19:00:00,12183.0,11378.0,12144.36,12074.368
2017-03-13 20:00:00,12327.0,11544.0,12424.173,12318.02
2017-03-13 21:00:00,12643.0,11334.0,12444.937,12409.058
2017-03-13 22:00:00,12476.0,10997.0,12168.101,12254.081
2017-03-13 23:00:00,12038.0,10509.0,11616.579,11948.508
2017-03-14 00:00:00,11335.0,9771.0,11079.612,11056.808
2017-03-14 01:00:00,10659.0,9124.0,10533.526,10508.441
2017-03-14 02:00:00,10248.0,8665.0,10069.086,9914.575
2017-03-14 03:00:00,9989.0,8417.0,9794.906,9519.826
2017-03-14 04:00:00,9868.0,8285.0,9641.494,9389.828
2017-03-14 05:00:00,9909.0,8219.0,9657.192,9384.915
2017-03-14 06:00:00,10188.0,8448.0,9935.894,9580.327
2017-03-14 07:00:00,10895.0,9188.0,10666.7295,10333.309
2017-03-14 08:00:00,12015.0,10144.0,11533.383,11449.82
2017-03-14 09:00:00,12547.0,10696.0,12071.779,12104.565
2017-03-14 10:00:00,12653.0,10938.0,12358.283,12274.059
2017-03-14 11:00:00,12627.0,11001.0,12379.938,12395.388
2017-03-14 12:00:00,12592.0,11062.0,12371.782,12392.442
2017-03-14 13:00:00,12513.0,11035.0,12419.705,12361.173
2017-03-14 14:00:00,12421.0,10954.0,12418.619,12267.83
2017-03-14 15:00:00,12362.0,10903.0,12315.009,12242.677
2017-03-14 16:00:00,12239.0,10756.0,12147.435,12110.33
2017-03-14 17:00:00,12152.0,10633.0,12091.386,12260.87
2017-03-14 18:00:00,12112.0,10652.0,12207.255,12372.665
2017-03-14 19:00:00,12099.0,10911.0,12413.473,12340.505
2017-03-14 20:00:00,12210.0,11416.0,12727.337,12484.607
2017-03-14 21:00:00,12831.0,11386.0,12847.98,12581.741
2017-03-14 22:00:00,12803.0,11145.0,12638.311,12455.499
2017-03-14 23:00:00,12373.0,10698.0,12247.69,12067.974
2017-03-15 00:00:00,11669.0,10033.0,11499.512,11259.308
2017-03-15 01:00:00,11044.0,9410.0,11027.225,10481.431
2017-03-15 02:00:00,10629.0,9012.0,10790.371,10130.018
2017-03-15 03:00:00,10381.0,8801.0,10552.677,9736.5205
2017-03-15 04:00:00,10304.0,8704.0,10386.777,9609.725
2017-03-15 05:00:00,10295.0,8718.0,10357.398,9623.181
2017-03-15 06:00:00,10566.0,9043.0,10701.31,9906.684
2017-03-15 07:00:00,11255.0,9809.0,11091.67,10727.6455
2017-03-15 08:00:00,12384.0,10662.0,11931.284,11965.004
2017-03-15 09:00:00,12856.0,11087.0,12368.018,12090.572
2017-03-15 10:00:00,12815.0,11215.0,12552.074,12310.03
2017-03-15 11:00:00,12704.0,11251.0,12475.176,12389.127
2017-03-15 12:00:00,12622.0,11214.0,12479.942,12441.077
2017-03-15 13:00:00,12483.0,11253.0,12424.371,12461.52
2017-03-15 14:00:00,12336.0,11118.0,12407.635,12430.528
2017-03-15 15:00:00,12218.0,11061.0,12321.003,12395.355
2017-03-15 16:00:00,12028.0,10871.0,12206.642,12347.876
2017-03-15 17:00:00,11831.0,10747.0,12084.102,12295.639
2017-03-15 18:00:00,11686.0,10748.0,12289.14,12456.999
2017-03-15 19:00:00,11677.0,10951.0,12401.829,12499.145
2017-03-15 20:00:00,11749.0,11502.0,12762.312,12518.008
2017-03-15 21:00:00,12414.0,11507.0,12999.073,12601.072
2017-03-15 22:00:00,12415.0,11235.0,12832.123,12464.713
2017-03-15 23:00:00,12023.0,10786.0,12225.222,12091.505
2017-03-16 00:00:00,11344.0,10134.0,11527.419,11112.052
2017-03-16 01:00:00,10678.0,9516.0,10931.215,10548.401
2017-03-16 02:00:00,10293.0,9155.0,10597.264,10112.686
2017-03-16 03:00:00,10047.0,8924.0,10488.551,9785.806
2017-03-16 04:00:00,9947.0,8849.0,10487.442,9703.638
2017-03-16 05:00:00,9968.0,8878.0,10579.357,9703.638
2017-03-16 06:00:00,10237.0,9167.0,10843.467,9922.784
2017-03-16 07:00:00,10957.0,9905.0,11121.794,10679.989
2017-03-16 08:00:00,12057.0,10779.0,12275.044,11918.23
2017-03-16 09:00:00,12490.0,11270.0,12474.785,12053.94
2017-03-16 10:00:00,12441.0,11377.0,12566.637,12143.721
2017-03-16 11:00:00,12274.0,11412.0,12425.222,12205.959
2017-03-16 12:00:00,12205.0,11429.0,12383.166,12208.9
2017-03-16 13:00:00,12057.0,11366.0,12271.967,12259.781
2017-03-16 14:00:00,11887.0,11235.0,12116.607,12111.328
2017-03-16 15:00:00,11773.0,11250.0,11972.947,12050.222
2017-03-16 16:00:00,11573.0,11187.0,11868.562,12032.413
2017-03-16 17:00:00,11326.0,11181.0,11688.343,11965.82
2017-03-16 18:00:00,11195.0,11389.0,11985.694,12033.672
2017-03-16 19:00:00,11169.0,11716.0,11971.238,12123.416
2017-03-16 20:00:00,11231.0,11990.0,12031.668,12171.125
2017-03-16 21:00:00,11866.0,11855.0,12143.818,12276.939
2017-03-16 22:00:00,11843.0,11607.0,12081.404,12136.328
2017-03-16 23:00:00,11465.0,11142.0,11706.265,11687.878
2017-03-17 00:00:00,10784.0,10467.0,11000.222,11062.483
2017-03-17 01:00:00,10113.0,9853.0,10212.445,10331.08
2017-03-17 02:00:00,9661.0,9514.0,9843.665,9949.43
2017-03-17 03:00:00,9381.0,9345.0,9488.602,9587.431
2017-03-17 04:00:00,9269.0,9286.0,9404.1455,9551.831
2017-03-17 05:00:00,9301.0,9337.0,9403.928,9537.295
2017-03-17 06:00:00,9507.0,9646.0,9639.17,9745.169
2017-03-17 07:00:00,10200.0,10401.0,10562.571,10729.048
2017-03-17 08:00:00,11259.0,11203.0,11353.879,11449.892
2017-03-17 09:00:00,11913.0,11581.0,11712.486,11685.929
2017-03-17 10:00:00,12095.0,11771.0,11792.969,11666.243
2017-03-17 11:00:00,12169.0,11785.0,11800.44,11814.778
2017-03-17 12:00:00,12257.0,11832.0,11744.565,11821.604
2017-03-17 13:00:00,12173.0,11768.0,11710.05,11747.685
2017-03-17 14:00:00,12021.0,11668.0,11604.092,11664.591
2017-03-17 15:00:00,11902.0,11629.0,11452.259,11526.636
2017-03-17 16:00:00,11724.0,11445.0,11299.892,11418.143
2017-03-17 17:00:00,11498.0,11319.0,11275.731,11314.345
2017-03-17 18:00:00,11339.0,11378.0,11252.106,11431.862
2017-03-17 19:00:00,11114.0,11691.0,11316.938,11501.276
2017-03-17 20:00:00,10996.0,12258.0,11339.094,11453.59
2017-03-17 21:00:00,11465.0,12207.0,11582.183,11770.984
2017-03-17 22:00:00,11367.0,12000.0,11478.765,11728.243
2017-03-17 23:00:00,11064.0,11665.0,11303.386,11455.851
2017-03-18 00:00:00,10510.0,11076.0,10648.612,10743.174
2017-03-18 01:00:00,9914.0,10473.0,9985.314,10226.389
2017-03-18 02:00:00,9399.0,10122.0,9352.975,9618.305
2017-03-18 03:00:00,9195.0,9871.0,9067.779,9292.261
2017-03-18 04:00:00,9046.0,9775.0,8952.014,9110.958
2017-03-18 05:00:00,8976.0,9728.0,8877.23,9087.553
2017-03-18 06:00:00,9000.0,9875.0,8969.597,9147.512
2017-03-18 07:00:00,9251.0,10179.0,9309.764,9533.171
2017-03-18 08:00:00,9756.0,10419.0,9756.073,10045.66
2017-03-18 09:00:00,9999.0,10579.0,10080.239,10142.675
2017-03-18 10:00:00,10345.0,10861.0,10193.519,10354.288
2017-03-18 11:00:00,10587.0,10926.0,10387.267,10469.412
2017-03-18 12:00:00,10713.0,10892.0,10485.295,10582.188
2017-03-18 13:00:00,10630.0,10825.0,10391.494,10489.489
2017-03-18 14:00:00,10431.0,10584.0,10247.086,10272.766
2017-03-18 15:00:00,10152.0,10329.0,10107.522,10119.222
2017-03-18 16:00:00,10014.0,10122.0,9923.374,9983.418
2017-03-18 17:00:00,9925.0,10076.0,9904.067,10072.237
2017-03-18 18:00:00,10025.0,10188.0,9936.451,10164.787
2017-03-18 19:00:00,10076.0,10598.0,10062.133,10174.977
2017-03-18 20:00:00,10282.0,11220.0,10315.661,10507.961
2017-03-18 21:00:00,10594.0,11198.0,10395.183,10581.932
2017-03-18 22:00:00,10543.0,11093.0,10400.669,10558.122
2017-03-18 23:00:00,10297.0,10795.0,10318.238,10350.268
2017-03-19 00:00:00,9863.0,10385.0,10075.085,10066.64
2017-03-19 01:00:00,9425.0,9870.0,9497.63,9526.383
2017-03-19 02:00:00,9090.0,9582.0,8992.61,9029.118
2017-03-19 03:00:00,8902.0,9523.0,8739.754,8788.968
2017-03-19 04:00:00,8802.0,9464.0,8601.857,8588.02
2017-03-19 05:00:00,8736.0,9373.0,8700.687,8493.512
2017-03-19 06:00:00,8818.0,9405.0,8743.881,8554.161
2017-03-19 07:00:00,8941.0,9537.0,8713.65,8677.919
2017-03-19 08:00:00,9246.0,9799.0,9005.708,9118.75
2017-03-19 09:00:00,9250.0,9797.0,9123.414,9211.792
2017-03-19 10:00:00,9362.0,9876.0,9436.786,9543.477
2017-03-19 11:00:00,9446.0,9912.0,9452.922,9678.905
2017-03-19 12:00:00,9482.0,9985.0,9578.919,9702.649
2017-03-19 13:00:00,9428.0,9925.0,9545.745,9715.315
2017-03-19 14:00:00,9391.0,9897.0,9490.92,9621.062
2017-03-19 15:00:00,9257.0,9778.0,9440.98,9582.434
2017-03-19 16:00:00,9145.0,9683.0,9358.399,9510.616
2017-03-19 17:00:00,9051.0,9596.0,9311.742,9522.882
2017-03-19 18:00:00,9082.0,9667.0,9455.594,9664.353
2017-03-19 19:00:00,9145.0,9907.0,9691.821,9814.6045
2017-03-19 20:00:00,9384.0,10355.0,9970.56,10099.853
2017-03-19 21:00:00,10052.0,11001.0,10173.481,10379.536
2017-03-19 22:00:00,10107.0,10948.0,10209.773,10473.008
2017-03-19 23:00:00,9834.0,10666.0,10079.928,10231.5625
2017-03-20 00:00:00,9412.0,10304.0,9542.311,9671.146
2017-03-20 01:00:00,8929.0,9872.0,9088.72,9232.316
2017-03-20 02:00:00,8598.0,9554.0,8723.439,9003.172
2017-03-20 03:00:00,8398.0,9408.0,8566.848,8790.669
2017-03-20 04:00:00,8256.0,9354.0,8467.08,8693.295
2017-03-20 05:00:00,8375.0,9414.0,8443.385,8669.477
2017-03-20 06:00:00,8689.0,9746.0,8637.886,8828.064
2017-03-20 07:00:00,9480.0,10475.0,9322.498,9661.091
2017-03-20 08:00:00,10590.0,11619.0,10525.686,10745.073
2017-03-20 09:00:00,11224.0,12166.0,11070.359,11311.469
2017-03-20 10:00:00,11289.0,12289.0,11191.71,11434.639
2017-03-20 11:00:00,11330.0,12336.0,11283.488,11415.835
2017-03-20 12:00:00,11364.0,12414.0,11315.184,11416.314
2017-03-20 13:00:00,11235.0,12378.0,11305.905,11410.736
2017-03-20 14:00:00,11173.0,12324.0,11267.556,11358.396
2017-03-20 15:00:00,11116.0,12290.0,11243.738,11296.159
2017-03-20 16:00:00,10985.0,12168.0,11120.226,11158.853
2017-03-20 17:00:00,10916.0,12047.0,11054.737,11053.924
2017-03-20 18:00:00,10864.0,12062.0,11012.45,11053.91
2017-03-20 19:00:00,10858.0,12183.0,11042.388,11134.192
2017-03-20 20:00:00,10834.0,12327.0,11265.25,11166.723
2017-03-20 21:00:00,11308.0,12643.0,11293.921,11381.24
2017-03-20 22:00:00,11194.0,12476.0,11319.915,11367.709
2017-03-20 23:00:00,10744.0,12038.0,10844.998,10880.708
2017-03-21 00:00:00,10106.0,11335.0,10311.636,10154.45
2017-03-21 01:00:00,9453.0,10659.0,9761.76,9709.127
2017-03-21 02:00:00,9079.0,10248.0,9122.25,9031.271
2017-03-21 03:00:00,8851.0,9989.0,8847.891,8744.911
2017-03-21 04:00:00,8742.0,9868.0,8584.8125,8609.793
2017-03-21 05:00:00,8763.0,9909.0,8636.97,8660.589
2017-03-21 06:00:00,9052.0,10188.0,9094.993,9062.692
2017-03-21 07:00:00,9771.0,10895.0,9765.43,9869.995
2017-03-21 08:00:00,10913.0,12015.0,10656.301,10814.848
2017-03-21 09:00:00,11318.0,12547.0,11086.694,11238.034
2017-03-21 10:00:00,11312.0,12653.0,11232.984,11377.655
2017-03-21 11:00:00,11289.0,12627.0,11346.408,11441.841
2017-03-21 12:00:00,11255.0,12592.0,11403.969,11513.136
2017-03-21 13:00:00,11187.0,12513.0,11336.655,11466.557
2017-03-21 14:00:00,11136.0,12421.0,11296.802,11381.418
2017-03-21 15:00:00,11215.0,12362.0,11252.011,11264.729
2017-03-21 16:00:00,11070.0,12239.0,11169.375,11155.755
2017-03-21 17:00:00,10890.0,12152.0,11119.014,11073.006
2017-03-21 18:00:00,10772.0,12112.0,11166.349,11063.072
2017-03-21 19:00:00,10711.0,12099.0,11312.16,11065.743
2017-03-21 20:00:00,10780.0,12210.0,11327.858,11063.95
2017-03-21 21:00:00,11388.0,12831.0,11502.932,11291.945
2017-03-21 22:00:00,11471.0,12803.0,11461.156,11292.296
2017-03-21 23:00:00,11132.0,12373.0,11087.278,11023.308
2017-03-22 00:00:00,10546.0,11669.0,10529.336,10404.898
2017-03-22 01:00:00,9947.0,11044.0,9785.95,9690.17
2017-03-22 02:00:00,9570.0,10629.0,9293.876,9116.738
2017-03-22 03:00:00,9387.0,10381.0,9227.731,8977.207
2017-03-22 04:00:00,9273.0,10304.0,8968.913,8695.469
2017-03-22 05:00:00,9293.0,10295.0,8956.268,8700.517
2017-03-22 06:00:00,9593.0,10566.0,9280.291,9026.293
2017-03-22 07:00:00,10355.0,11255.0,10006.842,9781.806
2017-03-22 08:00:00,11451.0,12384.0,11255.888,10860.013
2017-03-22 09:00:00,11888.0,12856.0,11782.396,11396.828
2017-03-22 10:00:00,12011.0,12815.0,11855.048,11500.883
2017-03-22 11:00:00,12057.0,12704.0,11888.564,11597.794
2017-03-22 12:00:00,11940.0,12622.0,11883.263,11679.266
2017-03-22 13:00:00,11743.0,12483.0,11958.562,11758.24
2017-03-22 14:00:00,11605.0,12336.0,11857.989,11543.588
2017-03-22 15:00:00,11523.0,12218.0,11869.029,11567.543
2017-03-22 16:00:00,11329.0,12028.0,11681.544,11413.563
2017-03-22 17:00:00,11157.0,11831.0,11567.625,11346.49
2017-03-22 18:00:00,11082.0,11686.0,11520.213,11287.573
2017-03-22 19:00:00,11085.0,11677.0,11495.328,11226.491
2017-03-22 20:00:00,11158.0,11749.0,11555.007,11337.87
2017-03-22 21:00:00,11786.0,12414.0,11932.897,11612.78
2017-03-22 22:00:00,11807.0,12415.0,11910.4,11667.815
2017-03-22 23:00:00,11421.0,12023.0,11518.197,11256.523
2017-03-23 00:00:00,10761.0,11344.0,10823.653,10725.333
2017-03-23 01:00:00,10143.0,10678.0,10049.16,10035.298
2017-03-23 02:00:00,9676.0,10293.0,9559.37,9566.754
2017-03-23 03:00:00,9427.0,10047.0,9439.49,9381.173
2017-03-23 04:00:00,9342.0,9947.0,9287.048,9160.099
2017-03-23 05:00:00,9368.0,9968.0,9258.372,9191.649
2017-03-23 06:00:00,9553.0,10237.0,9485.034,9483.017
2017-03-23 07:00:00,10408.0,10957.0,10299.067,10319.71
2017-03-23 08:00:00,11488.0,12057.0,11344.546,11279.494
2017-03-23 09:00:00,11892.0,12490.0,11821.492,11822.1455
2017-03-23 10:00:00,11966.0,12441.0,11984.619,11960.865
2017-03-23 11:00:00,12033.0,12274.0,11957.544,12009.395
2017-03-23 12:00:00,11927.0,12205.0,11837.521,11981.228
2017-03-23 13:00:00,11601.0,12057.0,11662.475,11809.343
2017-03-23 14:00:00,11523.0,11887.0,11608.494,11745.291
2017-03-23 15:00:00,11469.0,11773.0,11544.28,11655.925
2017-03-23 16:00:00,11366.0,11573.0,11394.343,11512.838
2017-03-23 17:00:00,11246.0,11326.0,11213.743,11438.211
2017-03-23 18:00:00,11088.0,11195.0,11198.419,11433.622
2017-03-23 19:00:00,11174.0,11169.0,11184.812,11431.342
2017-03-23 20:00:00,11287.0,11231.0,11283.596,11521.665
2017-03-23 21:00:00,11537.0,11866.0,11604.092,11795.963
2017-03-23 22:00:00,11356.0,11843.0,11581.979,11772.722
2017-03-23 23:00:00,10896.0,11465.0,11237.913,11364.219
2017-03-24 00:00:00,10105.0,10784.0,10491.164,10805.109
2017-03-24 01:00:00,9520.0,10113.0,9774.055,10089.9795
2017-03-24 02:00:00,9123.0,9661.0,9202.429,9662.235
2017-03-24 03:00:00,8846.0,9381.0,8836.11,9270.185
2017-03-24 04:00:00,8662.0,9269.0,8644.462,9127.332
2017-03-24 05:00:00,8623.0,9301.0,8617.538,9173.764
2017-03-24 06:00:00,8807.0,9507.0,8815.486,9327.24
2017-03-24 07:00:00,9420.0,10200.0,9664.098,10212.0
2017-03-24 08:00:00,10439.0,11259.0,10479.805,10934.612
2017-03-24 09:00:00,10785.0,11913.0,10984.443,11461.998
2017-03-24 10:00:00,10901.0,12095.0,11283.821,11411.793
2017-03-24 11:00:00,10874.0,12169.0,11805.967,11369.409
2017-03-24 12:00:00,10961.0,12257.0,12091.707,11228.786
2017-03-24 13:00:00,11039.0,12173.0,12266.302,11110.579
2017-03-24 14:00:00,10995.0,12021.0,12741.722,11098.94
2017-03-24 15:00:00,11064.0,11902.0,12932.213,11113.586
2017-03-24 16:00:00,11021.0,11724.0,12866.554,10942.697
2017-03-24 17:00:00,10831.0,11498.0,12268.999,10881.589
2017-03-24 18:00:00,10632.0,11339.0,12260.358,10749.318
2017-03-24 19:00:00,10400.0,11114.0,10871.633,10747.581
2017-03-24 20:00:00,10313.0,10996.0,10917.402,10869.345
2017-03-24 21:00:00,10661.0,11465.0,11024.301,10922.35
2017-03-24 22:00:00,10470.0,11367.0,10975.432,10920.208
2017-03-24 23:00:00,10172.0,11064.0,10662.213,10651.286
2017-03-25 00:00:00,9613.0,10510.0,10019.971,9944.044
2017-03-25 01:00:00,9098.0,9914.0,9367.604,9374.098
2017-03-25 02:00:00,8649.0,9399.0,8861.184,8937.77
2017-03-25 03:00:00,8427.0,9195.0,8588.219,8620.793
2017-03-25 04:00:00,8247.0,9046.0,8396.331,8468.897
2017-03-25 05:00:00,8219.0,8976.0,8276.145,8375.531
2017-03-25 06:00:00,8288.0,9000.0,8332.654,8456.997
2017-03-25 07:00:00,8646.0,9251.0,8590.288,8760.908
2017-03-25 08:00:00,9103.0,9756.0,9221.179,9284.46
2017-03-25 09:00:00,9480.0,9999.0,9367.929,9406.564
2017-03-25 10:00:00,9872.0,10345.0,9616.173,9613.571
2017-03-25 11:00:00,10242.0,10587.0,9761.78,9667.685
2017-03-25 12:00:00,10413.0,10713.0,9694.478,9738.426
2017-03-25 13:00:00,10383.0,10630.0,9792.527,9769.804
2017-03-25 14:00:00,10189.0,10431.0,9564.271,9598.959
2017-03-25 15:00:00,9949.0,10152.0,9413.218,9545.906
2017-03-25 16:00:00,9799.0,10014.0,9401.68,9484.999
2017-03-25 17:00:00,9734.0,9925.0,9289.047,9352.885
2017-03-25 18:00:00,9769.0,10025.0,9373.465,9487.825
2017-03-25 19:00:00,9769.0,10076.0,9502.561,9566.66
2017-03-25 20:00:00,9857.0,10282.0,9539.038,9678.572
2017-03-25 21:00:00,10149.0,10594.0,9791.178,9866.557
2017-03-25 22:00:00,10035.0,10543.0,9836.317,9979.022
2017-03-25 23:00:00,9765.0,10297.0,9696.285,9862.707
2017-03-26 00:00:00,9345.0,9863.0,9305.123,9432.373
2017-03-26 01:00:00,8880.0,9425.0,8823.296,9039.834
2017-03-26 02:00:00,8457.0,9090.0,8322.829,8564.318
2017-03-26 03:00:00,8205.0,8902.0,8076.986,8276.938
2017-03-26 04:00:00,8017.0,8802.0,7848.678,8097.3687
2017-03-26 05:00:00,7937.0,8736.0,7852.206,8116.581
2017-03-26 06:00:00,7952.0,8818.0,7807.0244,8097.3945
2017-03-26 07:00:00,8069.0,8941.0,8018.775,8232.292
2017-03-26 08:00:00,8362.0,9246.0,8203.356,8482.177
2017-03-26 09:00:00,8482.0,9250.0,8381.229,8723.124
2017-03-26 10:00:00,8752.0,9362.0,8756.334,8989.241
2017-03-26 11:00:00,8918.0,9446.0,9025.21,9218.486
2017-03-26 12:00:00,9033.0,9482.0,9326.992,9215.305
2017-03-26 13:00:00,9053.0,9428.0,9311.694,9342.761
2017-03-26 14:00:00,9027.0,9391.0,9267.497,9289.356
2017-03-26 15:00:00,8955.0,9257.0,9361.194,9122.235
2017-03-26 16:00:00,8882.0,9145.0,9511.706,9145.66
2017-03-26 17:00:00,8788.0,9051.0,9331.516,9161.242
2017-03-26 18:00:00,8886.0,9082.0,9365.861,9198.401
2017-03-26 19:00:00,8999.0,9145.0,9236.665,9231.987
2017-03-26 20:00:00,9191.0,9384.0,9474.615,9532.137
2017-03-26 21:00:00,9615.0,10052.0,9940.567,9924.936
2017-03-26 22:00:00,9538.0,10107.0,9807.41,9877.024
2017-03-26 23:00:00,9290.0,9834.0,9654.221,9699.836
2017-03-27 00:00:00,8878.0,9412.0,9055.711,9150.613
2017-03-27 01:00:00,8475.0,8929.0,8694.11,8825.333
2017-03-27 02:00:00,8165.0,8598.0,8256.476,8406.824
2017-03-27 03:00:00,7998.0,8398.0,7973.4126,8127.1685
2017-03-27 04:00:00,7814.0,8256.0,7854.285,8018.414
2017-03-27 05:00:00,7841.0,8375.0,7866.146,8040.644
2017-03-27 06:00:00,8111.0,8689.0,8055.6577,8299.639
2017-03-27 07:00:00,8794.0,9480.0,9092.635,9081.288
2017-03-27 08:00:00,9838.0,10590.0,10171.811,10306.58
2017-03-27 09:00:00,10434.0,11224.0,10896.831,10937.442
2017-03-27 10:00:00,10753.0,11289.0,11004.299,11029.605
2017-03-27 11:00:00,10899.0,11330.0,11173.202,11203.43
2017-03-27 12:00:00,11015.0,11364.0,11177.948,11212.118
2017-03-27 13:00:00,11003.0,11235.0,11138.943,11217.589
2017-03-27 14:00:00,10927.0,11173.0,11152.818,11166.884
2017-03-27 15:00:00,10928.0,11116.0,11099.821,11174.808
2017-03-27 16:00:00,10836.0,10985.0,10980.216,11056.704
2017-03-27 17:00:00,10724.0,10916.0,10851.294,10878.303
2017-03-27 18:00:00,10656.0,10864.0,10744.242,10865.323
2017-03-27 19:00:00,10660.0,10858.0,10759.836,10824.578
2017-03-27 20:00:00,10650.0,10834.0,10831.403,10795.48
2017-03-27 21:00:00,10985.0,11308.0,10956.498,10966.027
2017-03-27 22:00:00,10897.0,11194.0,10934.323,10955.122
2017-03-27 23:00:00,10526.0,10744.0,10630.798,10571.723
2017-03-28 00:00:00,9919.0,10106.0,9838.443,9889.372
2017-03-28 01:00:00,9293.0,9453.0,9126.609,9118.801
2017-03-28 02:00:00,8859.0,9079.0,8689.031,8718.46
2017-03-28 03:00:00,8595.0,8851.0,8529.543,8517.63
2017-03-28 04:00:00,8514.0,8742.0,8456.567,8472.903
2017-03-28 05:00:00,8518.0,8763.0,8412.472,8447.41
2017-03-28 06:00:00,8835.0,9052.0,8571.157,8579.393
2017-03-28 07:00:00,9543.0,9771.0,9294.893,9329.657
2017-03-28 08:00:00,10544.0,10913.0,10346.921,10425.326
2017-03-28 09:00:00,10926.0,11318.0,10959.398,10946.21
2017-03-28 10:00:00,11187.0,11312.0,11029.98,11149.171
2017-03-28 11:00:00,11276.0,11289.0,11161.586,11217.072
2017-03-28 12:00:00,11292.0,11255.0,11172.042,11257.539
2017-03-28 13:00:00,11235.0,11187.0,11170.406,11269.0205
2017-03-28 14:00:00,11147.0,11136.0,11055.1875,11145.62
2017-03-28 15:00:00,11044.0,11215.0,11066.526,11149.362
2017-03-28 16:00:00,10912.0,11070.0,10930.677,10941.863
2017-03-28 17:00:00,10775.0,10890.0,10840.287,10867.502
2017-03-28 18:00:00,10748.0,10772.0,10802.813,10766.867
2017-03-28 19:00:00,10619.0,10711.0,10811.558,10742.884
2017-03-28 20:00:00,10640.0,10780.0,10839.572,10802.802
2017-03-28 21:00:00,11067.0,11388.0,11111.442,11095.172
2017-03-28 22:00:00,11114.0,11471.0,11060.813,11047.663
2017-03-28 23:00:00,10659.0,11132.0,10723.917,10752.945
2017-03-29 00:00:00,9981.0,10546.0,9949.901,9918.67
2017-03-29 01:00:00,9504.0,9947.0,9363.514,9314.772
2017-03-29 02:00:00,9064.0,9570.0,8930.058,8849.988
2017-03-29 03:00:00,8898.0,9387.0,8715.679,8596.691
2017-03-29 04:00:00,8713.0,9273.0,8584.33,8548.047
2017-03-29 05:00:00,8727.0,9293.0,8581.129,8541.947
2017-03-29 06:00:00,9054.0,9593.0,8763.824,8683.933
2017-03-29 07:00:00,9788.0,10355.0,9484.593,9413.545
2017-03-29 08:00:00,10766.0,11451.0,10453.773,10578.931
2017-03-29 09:00:00,11189.0,11888.0,11007.933,10997.397
2017-03-29 10:00:00,11264.0,12011.0,11151.6,11224.745
2017-03-29 11:00:00,11228.0,12057.0,11240.13,11257.414
2017-03-29 12:00:00,11160.0,11940.0,11259.785,11323.935
2017-03-29 13:00:00,11167.0,11743.0,11247.37,11292.753
2017-03-29 14:00:00,11158.0,11605.0,11170.848,11206.562
2017-03-29 15:00:00,11201.0,11523.0,11172.718,11177.534
2017-03-29 16:00:00,11225.0,11329.0,10991.441,11015.067
2017-03-29 17:00:00,11140.0,11157.0,10867.838,10858.694
2017-03-29 18:00:00,11136.0,11082.0,10860.531,10848.507
2017-03-29 19:00:00,11193.0,11085.0,10721.291,10731.137
2017-03-29 20:00:00,11254.0,11158.0,10792.644,10794.381
2017-03-29 21:00:00,11340.0,11786.0,11131.422,11196.412
2017-03-29 22:00:00,11138.0,11807.0,11187.655,11219.178
2017-03-29 23:00:00,10826.0,11421.0,10670.957,10896.401
2017-03-30 00:00:00,10249.0,10761.0,10059.213,10221.446
2017-03-30 01:00:00,9663.0,10143.0,9497.121,9645.328
2017-03-30 02:00:00,9289.0,9676.0,8901.075,9147.474
2017-03-30 03:00:00,9094.0,9427.0,8703.2295,8852.727
2017-03-30 04:00:00,8978.0,9342.0,8558.531,8708.572
2017-03-30 05:00:00,8994.0,9368.0,8545.966,8707.671
2017-03-30 06:00:00,9182.0,9553.0,8726.418,8926.623
2017-03-30 07:00:00,9869.0,10408.0,9584.61,9638.449
2017-03-30 08:00:00,10918.0,11488.0,10537.979,10624.417
2017-03-30 09:00:00,11405.0,11892.0,11207.636,11248.554
2017-03-30 10:00:00,11584.0,11966.0,11338.271,11408.237
2017-03-30 11:00:00,11719.0,12033.0,11378.974,11409.939
2017-03-30 12:00:00,11884.0,11927.0,11351.4375,11499.222
2017-03-30 13:00:00,12020.0,11601.0,11400.299,11568.698
2017-03-30 14:00:00,12010.0,11523.0,11308.751,11440.945
2017-03-30 15:00:00,12053.0,11469.0,11299.225,11420.792
2017-03-30 16:00:00,11890.0,11366.0,11192.005,11271.651
2017-03-30 17:00:00,11540.0,11246.0,11158.707,11319.292
2017-03-30 18:00:00,11318.0,11088.0,11134.888,11341.376
2017-03-30 19:00:00,11316.0,11174.0,11261.286,11433.716
2017-03-30 20:00:00,11310.0,11287.0,11398.83,11475.252
2017-03-30 21:00:00,11584.0,11537.0,11508.507,11588.531
2017-03-30 22:00:00,11417.0,11356.0,11327.201,11477.405
2017-03-30 23:00:00,10992.0,10896.0,10920.9375,11448.111
2017-03-31 00:00:00,10364.0,10105.0,10299.169,10275.354
2017-03-31 01:00:00,9770.0,9520.0,9672.34,9796.745
2017-03-31 02:00:00,9381.0,9123.0,9243.972,9437.965
2017-03-31 03:00:00,9118.0,8846.0,8978.1045,9103.493
2017-03-31 04:00:00,8947.0,8662.0,8774.743,8890.157
2017-03-31 05:00:00,8927.0,8623.0,8879.429,8975.117
2017-03-31 06:00:00,9173.0,8807.0,8976.745,9113.613
2017-03-31 07:00:00,9832.0,9420.0,9589.175,9736.802
2017-03-31 08:00:00,10759.0,10439.0,10612.069,10953.465
2017-03-31 09:00:00,11320.0,10785.0,11015.639,11231.637
2017-03-31 10:00:00,11562.0,10901.0,11263.983,11504.636
2017-03-31 11:00:00,11717.0,10874.0,11353.657,11602.698
2017-03-31 12:00:00,11811.0,10961.0,11465.546,11658.786
2017-03-31 13:00:00,11758.0,11039.0,11443.847,11531.606
2017-03-31 14:00:00,11664.0,10995.0,11407.738,11467.287
2017-03-31 15:00:00,11615.0,11064.0,11396.756,11388.899
2017-03-31 16:00:00,11442.0,11021.0,11290.837,11360.749
2017-03-31 17:00:00,11301.0,10831.0,11026.678,11205.558
2017-03-31 18:00:00,11170.0,10632.0,10920.69,11007.279
2017-03-31 19:00:00,11013.0,10400.0,11000.324,11175.516
2017-03-31 20:00:00,10927.0,10313.0,10905.072,11122.676
2017-03-31 21:00:00,11255.0,10661.0,11075.143,11272.73
2017-03-31 22:00:00,11185.0,10470.0,10987.366,11247.473
2017-03-31 23:00:00,10878.0,10172.0,10756.749,11098.041
2017-04-01 00:00:00,10302.0,9613.0,10174.809,10263.461
2017-04-01 01:00:00,9743.0,9098.0,9695.407,9774.615
2017-04-01 02:00:00,9292.0,8649.0,9208.345,9157.631
2017-04-01 03:00:00,9014.0,8427.0,8919.136,8798.069
2017-04-01 04:00:00,8850.0,8247.0,8736.914,8559.966
2017-04-01 05:00:00,8812.0,8219.0,8696.728,8518.81
2017-04-01 06:00:00,8887.0,8288.0,8740.591,8567.127
2017-04-01 07:00:00,9149.0,8646.0,9087.665,8992.478
2017-04-01 08:00:00,9492.0,9103.0,9368.763,9257.248
2017-04-01 09:00:00,9629.0,9480.0,9482.441,9512.886
2017-04-01 10:00:00,9806.0,9872.0,9768.481,9934.922
2017-04-01 11:00:00,9760.0,10242.0,9896.147,10026.821
2017-04-01 12:00:00,9779.0,10413.0,10063.857,10166.009
2017-04-01 13:00:00,9650.0,10383.0,10135.487,10241.4795
2017-04-01 14:00:00,9469.0,10189.0,9885.411,9937.4795
2017-04-01 15:00:00,9265.0,9949.0,9788.353,9861.601
2017-04-01 16:00:00,9152.0,9799.0,9670.705,9777.078
2017-04-01 17:00:00,9058.0,9734.0,9670.919,9788.923
2017-04-01 18:00:00,8986.0,9769.0,9665.591,9816.32
2017-04-01 19:00:00,9005.0,9769.0,9620.91,9731.494
2017-04-01 20:00:00,9137.0,9857.0,9674.317,9854.17
2017-04-01 21:00:00,9661.0,10149.0,9913.293,9974.629
2017-04-01 22:00:00,9784.0,10035.0,9970.091,9963.262
2017-04-01 23:00:00,9592.0,9765.0,9917.894,9864.542
2017-04-02 00:00:00,9204.0,9345.0,9585.148,9449.159
2017-04-02 01:00:00,8804.0,8880.0,9078.464,8964.74
2017-04-02 02:00:00,8458.0,8457.0,8629.602,8554.339
2017-04-02 03:00:00,8196.0,8205.0,8455.0205,8373.406
2017-04-02 04:00:00,8073.0,8017.0,8327.308,8136.6387
2017-04-02 05:00:00,8013.0,7937.0,8164.947,8020.751
2017-04-02 06:00:00,8032.0,7952.0,8219.405,8063.9673
2017-04-02 07:00:00,8128.0,8069.0,8168.1006,8147.058
2017-04-02 08:00:00,8413.0,8362.0,8328.42,8385.094
2017-04-02 09:00:00,8411.0,8482.0,8345.545,8458.364
2017-04-02 10:00:00,8694.0,8752.0,8546.91,8656.054
2017-04-02 11:00:00,8854.0,8918.0,8660.191,8755.504
2017-04-02 12:00:00,8847.0,9033.0,8843.417,8882.644
2017-04-02 13:00:00,8883.0,9053.0,8869.96,8864.075
2017-04-02 14:00:00,8845.0,9027.0,8806.193,8859.373
2017-04-02 15:00:00,8890.0,8955.0,8761.703,8806.214
2017-04-02 16:00:00,8866.0,8882.0,8711.074,8749.865
2017-04-02 17:00:00,8904.0,8788.0,8692.491,8738.775
2017-04-02 18:00:00,9086.0,8886.0,8771.794,8802.063
2017-04-02 19:00:00,9202.0,8999.0,8853.812,8927.888
2017-04-02 20:00:00,9373.0,9191.0,9035.057,9124.802
2017-04-02 21:00:00,9788.0,9615.0,9464.965,9560.736
2017-04-02 22:00:00,9793.0,9538.0,9591.749,9695.573
2017-04-02 23:00:00,9460.0,9290.0,9440.289,9591.76
2017-04-03 00:00:00,9069.0,8878.0,8937.725,9105.386
2017-04-03 01:00:00,8596.0,8475.0,8434.822,8572.162
2017-04-03 02:00:00,8271.0,8165.0,8190.4873,8280.435
2017-04-03 03:00:00,8113.0,7998.0,7978.5557,8041.686
2017-04-03 04:00:00,8017.0,7814.0,7910.7856,7971.987
2017-04-03 05:00:00,7932.0,7841.0,7893.868,7971.987
2017-04-03 06:00:00,8238.0,8111.0,8074.037,8166.624
2017-04-03 07:00:00,8898.0,8794.0,9078.413,8934.083
2017-04-03 08:00:00,10133.0,9838.0,9910.716,10030.027
2017-04-03 09:00:00,10588.0,10434.0,10536.983,10597.989
2017-04-03 10:00:00,10895.0,10753.0,10927.289,11067.094
2017-04-03 11:00:00,11007.0,10899.0,11038.302,11197.059
2017-04-03 12:00:00,11134.0,11015.0,11107.459,11237.72
2017-04-03 13:00:00,11112.0,11003.0,11159.531,11309.982
2017-04-03 14:00:00,11046.0,10927.0,11132.282,11238.951
2017-04-03 15:00:00,11088.0,10928.0,11134.213,11259.633
2017-04-03 16:00:00,11080.0,10836.0,11027.392,11106.583
2017-04-03 17:00:00,11030.0,10724.0,10902.845,11002.724
2017-04-03 18:00:00,11013.0,10656.0,10805.587,10914.691
2017-04-03 19:00:00,11033.0,10660.0,10819.8545,10884.203
2017-04-03 20:00:00,11016.0,10650.0,10854.82,10901.087
2017-04-03 21:00:00,11176.0,10985.0,11030.83,11057.967
2017-04-03 22:00:00,11029.0,10897.0,10961.823,11079.755
2017-04-03 23:00:00,10603.0,10526.0,10552.321,10687.039
2017-04-04 00:00:00,9955.0,9919.0,9903.258,9931.911
2017-04-04 01:00:00,9268.0,9293.0,9092.522,9165.741
2017-04-04 02:00:00,8859.0,8859.0,8624.226,8736.087
2017-04-04 03:00:00,8602.0,8595.0,8293.182,8420.396
2017-04-04 04:00:00,8451.0,8514.0,8203.451,8347.928
2017-04-04 05:00:00,8440.0,8518.0,8300.184,8334.567
2017-04-04 06:00:00,8676.0,8835.0,8504.068,8572.134
2017-04-04 07:00:00,9357.0,9543.0,9107.644,9243.98
2017-04-04 08:00:00,10396.0,10544.0,10217.911,10425.652
2017-04-04 09:00:00,10943.0,10926.0,10760.685,10842.108
2017-04-04 10:00:00,11159.0,11187.0,10983.387,11166.159
2017-04-04 11:00:00,11249.0,11276.0,11219.705,11296.994
2017-04-04 12:00:00,11287.0,11292.0,11233.073,11385.323
2017-04-04 13:00:00,11200.0,11235.0,11180.111,11362.868
2017-04-04 14:00:00,11094.0,11147.0,11128.104,11248.689
2017-04-04 15:00:00,11013.0,11044.0,11113.988,11220.6875
2017-04-04 16:00:00,10821.0,10912.0,10996.685,11129.024
2017-04-04 17:00:00,10727.0,10775.0,10926.851,11034.33
2017-04-04 18:00:00,10678.0,10748.0,10926.792,10987.422
2017-04-04 19:00:00,10627.0,10619.0,10893.282,10938.68
2017-04-04 20:00:00,10575.0,10640.0,10892.056,10950.046
2017-04-04 21:00:00,10923.0,11067.0,11097.74,11123.548
2017-04-04 22:00:00,10966.0,11114.0,11008.007,11053.041
2017-04-04 23:00:00,10560.0,10659.0,10767.296,10748.492
2017-04-05 00:00:00,9906.0,9981.0,10115.099,10050.236
2017-04-05 01:00:00,9256.0,9504.0,9322.813,9343.345
2017-04-05 02:00:00,8823.0,9064.0,8835.906,8827.004
2017-04-05 03:00:00,8553.0,8898.0,8583.57,8553.037
2017-04-05 04:00:00,8426.0,8713.0,8427.138,8440.054
2017-04-05 05:00:00,8412.0,8727.0,8466.371,8500.337
2017-04-05 06:00:00,8699.0,9054.0,8628.617,8615.556
2017-04-05 07:00:00,9449.0,9788.0,9393.244,9343.566
2017-04-05 08:00:00,10526.0,10766.0,10341.967,10328.777
2017-04-05 09:00:00,11215.0,11189.0,10995.414,10925.292
2017-04-05 10:00:00,11497.0,11264.0,11084.445,11127.255
2017-04-05 11:00:00,11631.0,11228.0,11177.302,11223.179
2017-04-05 12:00:00,11734.0,11160.0,11149.706,11285.024
2017-04-05 13:00:00,11718.0,11167.0,11166.604,11273.241
2017-04-05 14:00:00,11670.0,11158.0,11134.306,11198.688
2017-04-05 15:00:00,11787.0,11201.0,11165.707,11200.115
2017-04-05 16:00:00,11756.0,11225.0,11029.296,11042.463
2017-04-05 17:00:00,11728.0,11140.0,10983.229,10972.407
2017-04-05 18:00:00,11824.0,11136.0,10996.211,10971.974
2017-04-05 19:00:00,11835.0,11193.0,10974.27,10862.778
2017-04-05 20:00:00,11737.0,11254.0,10957.972,10926.735
2017-04-05 21:00:00,11960.0,11340.0,11174.746,11214.665
2017-04-05 22:00:00,11790.0,11138.0,11129.008,11270.026
2017-04-05 23:00:00,11318.0,10826.0,10807.874,11134.74
2017-04-06 00:00:00,10640.0,10249.0,10297.761,10330.641
2017-04-06 01:00:00,9985.0,9663.0,9434.769,9595.299
2017-04-06 02:00:00,9538.0,9289.0,9129.35,9135.652
2017-04-06 03:00:00,9284.0,9094.0,8890.664,8896.417
2017-04-06 04:00:00,9117.0,8978.0,8751.168,8805.706
2017-04-06 05:00:00,9140.0,8994.0,8739.535,8797.089
2017-04-06 06:00:00,9389.0,9182.0,8963.37,8964.215
2017-04-06 07:00:00,10094.0,9869.0,9539.519,9608.572
2017-04-06 08:00:00,11060.0,10918.0,10625.878,10762.286
2017-04-06 09:00:00,11559.0,11405.0,11251.951,11365.819
2017-04-06 10:00:00,11575.0,11584.0,11576.904,11737.384
2017-04-06 11:00:00,11587.0,11719.0,11650.19,11879.311
2017-04-06 12:00:00,11548.0,11884.0,11701.238,11946.473
2017-04-06 13:00:00,11428.0,12020.0,11688.823,11877.457
2017-04-06 14:00:00,11299.0,12010.0,11607.132,11762.224
2017-04-06 15:00:00,11294.0,12053.0,11614.06,11738.563
2017-04-06 16:00:00,11152.0,11890.0,11516.558,11660.173
2017-04-06 17:00:00,11005.0,11540.0,11510.851,11615.63
2017-04-06 18:00:00,10903.0,11318.0,11478.384,11595.201
2017-04-06 19:00:00,10779.0,11316.0,11589.047,11623.882
2017-04-06 20:00:00,10732.0,11310.0,11590.243,11609.224
2017-04-06 21:00:00,11124.0,11584.0,11647.499,11708.3125
2017-04-06 22:00:00,11294.0,11417.0,11527.121,11523.565
2017-04-06 23:00:00,10963.0,10992.0,11143.579,11169.819
2017-04-07 00:00:00,10300.0,10364.0,10620.865,10507.2295
2017-04-07 01:00:00,9678.0,9770.0,9869.314,9867.813
2017-04-07 02:00:00,9258.0,9381.0,9363.898,9387.938
2017-04-07 03:00:00,9005.0,9118.0,9104.642,9080.478
2017-04-07 04:00:00,8879.0,8947.0,8930.181,8882.075
2017-04-07 05:00:00,8888.0,8927.0,8933.804,8875.463
2017-04-07 06:00:00,9152.0,9173.0,9169.046,9126.408
2017-04-07 07:00:00,9846.0,9832.0,9886.923,9902.16
2017-04-07 08:00:00,10745.0,10759.0,10629.555,10664.708
2017-04-07 09:00:00,11138.0,11320.0,11114.697,11041.091
2017-04-07 10:00:00,11273.0,11562.0,11237.955,11305.781
2017-04-07 11:00:00,11229.0,11717.0,11313.426,11316.776
2017-04-07 12:00:00,11213.0,11811.0,11342.765,11376.408
2017-04-07 13:00:00,11105.0,11758.0,11264.459,11269.4795
2017-04-07 14:00:00,10979.0,11664.0,11242.465,11208.982
2017-04-07 15:00:00,10899.0,11615.0,11229.18,11185.811
2017-04-07 16:00:00,10710.0,11442.0,10998.745,11060.091
2017-04-07 17:00:00,10468.0,11301.0,10937.061,10961.626
2017-04-07 18:00:00,10280.0,11170.0,10857.654,10882.099
2017-04-07 19:00:00,10138.0,11013.0,10825.056,10835.319
2017-04-07 20:00:00,10057.0,10927.0,10841.039,10810.992
2017-04-07 21:00:00,10463.0,11255.0,10956.669,10949.744
2017-04-07 22:00:00,10637.0,11185.0,11005.977,10987.38
2017-04-07 23:00:00,10391.0,10878.0,10836.153,10758.163
2017-04-08 00:00:00,9855.0,10302.0,10133.382,10100.082
2017-04-08 01:00:00,9309.0,9743.0,9617.477,9493.658
2017-04-08 02:00:00,8857.0,9292.0,9137.772,8994.599
2017-04-08 03:00:00,8614.0,9014.0,8884.141,8658.04
2017-04-08 04:00:00,8444.0,8850.0,8674.955,8462.88
2017-04-08 05:00:00,8449.0,8812.0,8601.231,8426.6875
2017-04-08 06:00:00,8515.0,8887.0,8638.041,8521.194
2017-04-08 07:00:00,8815.0,9149.0,8923.215,8841.347
2017-04-08 08:00:00,9030.0,9492.0,9072.736,8980.17
2017-04-08 09:00:00,9240.0,9629.0,9105.731,9220.076
2017-04-08 10:00:00,9433.0,9806.0,9352.196,9498.873
2017-04-08 11:00:00,9535.0,9760.0,9603.445,9648.536
2017-04-08 12:00:00,9571.0,9779.0,9811.734,9716.25
2017-04-08 13:00:00,9492.0,9650.0,9794.45,9587.6455
2017-04-08 14:00:00,9367.0,9469.0,9922.243,9485.041
2017-04-08 15:00:00,9215.0,9265.0,9976.633,9434.183
2017-04-08 16:00:00,9086.0,9152.0,10093.606,9312.915
2017-04-08 17:00:00,9021.0,9058.0,9851.317,9264.192
2017-04-08 18:00:00,9002.0,8986.0,9681.484,9223.403
2017-04-08 19:00:00,8963.0,9005.0,9320.903,9276.501
2017-04-08 20:00:00,8994.0,9137.0,9307.748,9470.582
2017-04-08 21:00:00,9374.0,9661.0,9621.709,9637.926
2017-04-08 22:00:00,9619.0,9784.0,9690.187,9670.975
2017-04-08 23:00:00,9361.0,9592.0,9533.932,9640.657
2017-04-09 00:00:00,8948.0,9204.0,9096.755,9207.855
2017-04-09 01:00:00,8468.0,8804.0,8644.811,8729.442
2017-04-09 02:00:00,8061.0,8458.0,8164.7437,8283.152
2017-04-09 03:00:00,7837.0,8196.0,7920.4883,8021.745
2017-04-09 04:00:00,7635.0,8073.0,7757.956,7848.585
2017-04-09 05:00:00,7590.0,8013.0,7688.597,7822.052
2017-04-09 06:00:00,7570.0,8032.0,7723.2734,7876.4414
2017-04-09 07:00:00,7732.0,8128.0,7768.1357,7867.2925
2017-04-09 08:00:00,7830.0,8413.0,7962.1963,8096.674
2017-04-09 09:00:00,7946.0,8411.0,8091.3296,8145.474
2017-04-09 10:00:00,8236.0,8694.0,8455.757,8468.257
2017-04-09 11:00:00,8413.0,8854.0,8842.563,8587.194
2017-04-09 12:00:00,8632.0,8847.0,9043.665,8596.617
2017-04-09 13:00:00,8710.0,8883.0,9219.118,8634.104
2017-04-09 14:00:00,8760.0,8845.0,9143.753,8642.93
2017-04-09 15:00:00,8795.0,8890.0,9299.196,8599.393
2017-04-09 16:00:00,8817.0,8866.0,9250.693,8536.176
2017-04-09 17:00:00,8879.0,8904.0,9262.389,8543.725
2017-04-09 18:00:00,8928.0,9086.0,9272.324,8586.056
2017-04-09 19:00:00,8973.0,9202.0,9356.626,8675.485
2017-04-09 20:00:00,8990.0,9373.0,9565.509,8867.127
2017-04-09 21:00:00,9544.0,9788.0,10059.167,9289.812
2017-04-09 22:00:00,9768.0,9793.0,10276.902,9474.073
2017-04-09 23:00:00,9483.0,9460.0,10213.651,9319.843
2017-04-10 00:00:00,9024.0,9069.0,9862.2,8963.121
2017-04-10 01:00:00,8483.0,8596.0,9254.833,8367.731
2017-04-10 02:00:00,8157.0,8271.0,8835.791,8038.212
2017-04-10 03:00:00,7911.0,8113.0,8415.598,7921.029
2017-04-10 04:00:00,7751.0,8017.0,8295.076,7822.7715
2017-04-10 05:00:00,7733.0,7932.0,8116.673,7822.7715
2017-04-10 06:00:00,7981.0,8238.0,8156.6543,8000.234
2017-04-10 07:00:00,8678.0,8898.0,8851.022,8743.544
2017-04-10 08:00:00,9596.0,10133.0,9892.261,9828.253
2017-04-10 09:00:00,10274.0,10588.0,10447.397,10525.88
2017-04-10 10:00:00,10608.0,10895.0,11250.294,10850.771
2017-04-10 11:00:00,10777.0,11007.0,11520.561,10943.963
2017-04-10 12:00:00,11084.0,11134.0,11905.821,11157.685
2017-04-10 13:00:00,11300.0,11112.0,12067.96,11208.239
2017-04-10 14:00:00,11255.0,11046.0,12276.171,11173.146
2017-04-10 15:00:00,11298.0,11088.0,12586.247,11232.529
2017-04-10 16:00:00,11162.0,11080.0,11730.23,11133.28
2017-04-10 17:00:00,11008.0,11030.0,11601.575,11026.561
2017-04-10 18:00:00,10998.0,11013.0,11469.372,10987.749
2017-04-10 19:00:00,10933.0,11033.0,11070.303,10957.112
2017-04-10 20:00:00,10594.0,11016.0,10962.648,10933.551
2017-04-10 21:00:00,10628.0,11176.0,11011.297,11017.721
2017-04-10 22:00:00,10603.0,11029.0,11008.97,11002.786
2017-04-10 23:00:00,10160.0,10603.0,10549.022,10645.067
2017-04-11 00:00:00,9511.0,9955.0,9934.449,9963.484
2017-04-11 01:00:00,8882.0,9268.0,9087.314,9155.617
2017-04-11 02:00:00,8474.0,8859.0,8614.591,8696.914
2017-04-11 03:00:00,8191.0,8602.0,8355.118,8367.81
2017-04-11 04:00:00,8070.0,8451.0,8105.034,8250.657
2017-04-11 05:00:00,8033.0,8440.0,8070.162,8241.099
2017-04-11 06:00:00,8290.0,8676.0,8263.066,8422.183
2017-04-11 07:00:00,8946.0,9357.0,8993.337,9088.131
2017-04-11 08:00:00,9895.0,10396.0,10098.588,10179.298
2017-04-11 09:00:00,10476.0,10943.0,10847.544,10817.204
2017-04-11 10:00:00,10762.0,11159.0,10818.482,10936.502
2017-04-11 11:00:00,10882.0,11249.0,10965.445,11072.473
2017-04-11 12:00:00,10981.0,11287.0,11106.423,11208.466
2017-04-11 13:00:00,10910.0,11200.0,11070.404,11083.257
2017-04-11 14:00:00,10818.0,11094.0,11020.009,10978.681
2017-04-11 15:00:00,10766.0,11013.0,11011.025,10941.3545
2017-04-11 16:00:00,10655.0,10821.0,10834.34,10923.689
2017-04-11 17:00:00,10521.0,10727.0,10781.597,10847.264
2017-04-11 18:00:00,10419.0,10678.0,10765.669,10822.92
2017-04-11 19:00:00,10349.0,10627.0,10696.107,10739.72
2017-04-11 20:00:00,10257.0,10575.0,10557.485,10525.3125
2017-04-11 21:00:00,10591.0,10923.0,10770.203,10765.657
2017-04-11 22:00:00,10778.0,10966.0,10773.518,10756.938
2017-04-11 23:00:00,10352.0,10560.0,10442.375,10359.428
2017-04-12 00:00:00,9726.0,9906.0,9706.184,9631.882
2017-04-12 01:00:00,9100.0,9256.0,9093.735,9097.596
2017-04-12 02:00:00,8698.0,8823.0,8610.719,8683.285
2017-04-12 03:00:00,8478.0,8553.0,8482.852,8400.324
2017-04-12 04:00:00,8344.0,8426.0,8413.023,8254.629
2017-04-12 05:00:00,8322.0,8412.0,8412.448,8254.629
2017-04-12 06:00:00,8592.0,8699.0,8605.076,8401.705
2017-04-12 07:00:00,9319.0,9449.0,9092.311,8956.885
2017-04-12 08:00:00,10122.0,10526.0,9790.483,9776.77
2017-04-12 09:00:00,10587.0,11215.0,10502.1455,10515.99
2017-04-12 10:00:00,10698.0,11497.0,10763.654,10884.399
2017-04-12 11:00:00,10687.0,11631.0,10964.017,11022.545
2017-04-12 12:00:00,10758.0,11734.0,11055.086,11109.168
2017-04-12 13:00:00,10708.0,11718.0,11010.755,11082.648
2017-04-12 14:00:00,10666.0,11670.0,10905.794,10947.07
2017-04-12 15:00:00,10671.0,11787.0,10905.794,10923.809
2017-04-12 16:00:00,10536.0,11756.0,10737.513,10782.519
2017-04-12 17:00:00,10376.0,11728.0,10664.554,10713.502
2017-04-12 18:00:00,10285.0,11824.0,10581.845,10588.758
2017-04-12 19:00:00,10217.0,11835.0,10582.895,10573.837
2017-04-12 20:00:00,10207.0,11737.0,10605.378,10576.388
2017-04-12 21:00:00,10618.0,11960.0,10681.96,10723.227
2017-04-12 22:00:00,10694.0,11790.0,10809.6,10774.706
2017-04-12 23:00:00,10265.0,11318.0,10416.159,10383.854
2017-04-13 00:00:00,9551.0,10640.0,9759.762,9738.594
2017-04-13 01:00:00,8940.0,9985.0,9067.477,9127.598
2017-04-13 02:00:00,8555.0,9538.0,8689.886,8761.506
2017-04-13 03:00:00,8303.0,9284.0,8437.472,8498.693
2017-04-13 04:00:00,8121.0,9117.0,8287.974,8369.313
2017-04-13 05:00:00,8106.0,9140.0,8254.838,8367.12
2017-04-13 06:00:00,8332.0,9389.0,8465.548,8517.312
2017-04-13 07:00:00,9033.0,10094.0,9279.844,9289.381
2017-04-13 08:00:00,10039.0,11060.0,9920.58,9998.46
2017-04-13 09:00:00,10726.0,11559.0,10344.764,10453.353
2017-04-13 10:00:00,11006.0,11575.0,10606.455,10602.025
2017-04-13 11:00:00,11118.0,11587.0,10723.141,10690.829
2017-04-13 12:00:00,11159.0,11548.0,10824.6875,10801.697
2017-04-13 13:00:00,11050.0,11428.0,10772.296,10777.186
2017-04-13 14:00:00,10919.0,11299.0,10631.083,10659.106
2017-04-13 15:00:00,10841.0,11294.0,10748.022,10732.29
2017-04-13 16:00:00,10675.0,11152.0,10556.129,10566.839
2017-04-13 17:00:00,10519.0,11005.0,10368.658,10399.319
2017-04-13 18:00:00,10390.0,10903.0,10289.309,10365.546
2017-04-13 19:00:00,10229.0,10779.0,10267.369,10287.478
2017-04-13 20:00:00,10072.0,10732.0,10270.478,10295.886
2017-04-13 21:00:00,10347.0,11124.0,10519.959,10518.399
2017-04-13 22:00:00,10573.0,11294.0,10634.016,10581.448
2017-04-13 23:00:00,10216.0,10963.0,10265.562,10311.813
2017-04-14 00:00:00,9558.0,10300.0,9599.122,9651.28
2017-04-14 01:00:00,8934.0,9678.0,9012.918,9025.288
2017-04-14 02:00:00,8453.0,9258.0,8619.062,8657.133
2017-04-14 03:00:00,8202.0,9005.0,8327.249,8401.016
2017-04-14 04:00:00,8047.0,8879.0,8213.69,8304.792
2017-04-14 05:00:00,7993.0,8888.0,8216.1875,8304.792
2017-04-14 06:00:00,8119.0,9152.0,8310.549,8387.247
2017-04-14 07:00:00,8595.0,9846.0,8972.898,9036.03
2017-04-14 08:00:00,9071.0,10745.0,9660.714,9781.036
2017-04-14 09:00:00,9421.0,11138.0,10333.13,10420.209
2017-04-14 10:00:00,9660.0,11273.0,10444.865,10584.826
2017-04-14 11:00:00,9830.0,11229.0,10453.544,10445.185
2017-04-14 12:00:00,9890.0,11213.0,10482.297,10414.698
2017-04-14 13:00:00,9890.0,11105.0,10461.834,10411.451
2017-04-14 14:00:00,9846.0,10979.0,10413.682,10322.993
2017-04-14 15:00:00,9869.0,10899.0,10403.56,10273.717
2017-04-14 16:00:00,9797.0,10710.0,10400.212,10201.728
2017-04-14 17:00:00,9697.0,10468.0,10299.44,10008.257
2017-04-14 18:00:00,9659.0,10280.0,10055.665,9813.634
2017-04-14 19:00:00,9615.0,10138.0,10708.909,9846.991
2017-04-14 20:00:00,9539.0,10057.0,10366.273,9830.935
2017-04-14 21:00:00,9882.0,10463.0,10558.344,10087.768
2017-04-14 22:00:00,9878.0,10637.0,10544.838,10167.587
2017-04-14 23:00:00,9602.0,10391.0,10349.377,10020.745
2017-04-15 00:00:00,9096.0,9855.0,9583.324,9346.3545
2017-04-15 01:00:00,8531.0,9309.0,8842.217,8677.899
2017-04-15 02:00:00,8106.0,8857.0,8394.709,8319.3
2017-04-15 03:00:00,7810.0,8614.0,8201.889,8064.6245
2017-04-15 04:00:00,7612.0,8444.0,7984.226,7871.6084
2017-04-15 05:00:00,7522.0,8449.0,7925.3203,7845.075
2017-04-15 06:00:00,7563.0,8515.0,7897.323,7886.972
2017-04-15 07:00:00,7765.0,8815.0,8192.56,8050.434
2017-04-15 08:00:00,7897.0,9030.0,8361.256,8305.766
2017-04-15 09:00:00,8226.0,9240.0,9123.814,8509.904
2017-04-15 10:00:00,8715.0,9433.0,9589.1875,8769.775
2017-04-15 11:00:00,9165.0,9535.0,10853.074,9001.084
2017-04-15 12:00:00,9462.0,9571.0,11035.994,9075.553
2017-04-15 13:00:00,9622.0,9492.0,11226.164,9120.714
2017-04-15 14:00:00,9674.0,9367.0,11335.751,9132.589
2017-04-15 15:00:00,9634.0,9215.0,11458.752,9066.424
2017-04-15 16:00:00,9663.0,9086.0,11440.934,9104.527
2017-04-15 17:00:00,9661.0,9021.0,11093.424,8958.803
2017-04-15 18:00:00,9692.0,9002.0,10269.826,8867.167
2017-04-15 19:00:00,9665.0,8963.0,10016.993,8947.807
2017-04-15 20:00:00,9592.0,8994.0,10079.408,9115.006
2017-04-15 21:00:00,9895.0,9374.0,10197.9795,9498.143
2017-04-15 22:00:00,10119.0,9619.0,10321.09,9545.808
2017-04-15 23:00:00,9897.0,9361.0,10167.027,9391.195
2017-04-16 00:00:00,9436.0,8948.0,9726.469,8824.823
2017-04-16 01:00:00,8857.0,8468.0,9153.665,8403.144
2017-04-16 02:00:00,8359.0,8061.0,8600.911,7979.6274
2017-04-16 03:00:00,7956.0,7837.0,8274.259,7796.777
2017-04-16 04:00:00,7698.0,7635.0,7980.6714,7662.1035
2017-04-16 05:00:00,7525.0,7590.0,7763.4155,7631.98
2017-04-16 06:00:00,7465.0,7570.0,7737.5757,7668.4023
2017-04-16 07:00:00,7488.0,7732.0,7549.4077,7623.7183
2017-04-16 08:00:00,7453.0,7830.0,7564.2314,7591.021
2017-04-16 09:00:00,7651.0,7946.0,7749.803,7669.47
2017-04-16 10:00:00,8040.0,8236.0,8251.013,8060.6587
2017-04-16 11:00:00,8367.0,8413.0,8724.904,8382.983
2017-04-16 12:00:00,8573.0,8632.0,8907.067,8713.551
2017-04-16 13:00:00,8724.0,8710.0,9366.091,8834.4
2017-04-16 14:00:00,8770.0,8760.0,9499.31,8893.942
2017-04-16 15:00:00,8794.0,8795.0,9689.818,8899.48
2017-04-16 16:00:00,8783.0,8817.0,9755.573,8907.078
2017-04-16 17:00:00,8694.0,8879.0,9856.644,8907.006
2017-04-16 18:00:00,8648.0,8928.0,9842.87,8868.225
2017-04-16 19:00:00,8632.0,8973.0,9610.587,8925.194
2017-04-16 20:00:00,8561.0,8990.0,9207.332,9088.297
2017-04-16 21:00:00,8761.0,9544.0,9697.212,9586.931
2017-04-16 22:00:00,9126.0,9768.0,9854.118,9844.034
2017-04-16 23:00:00,8915.0,9483.0,9616.431,9624.601
2017-04-17 00:00:00,8413.0,9024.0,8907.502,8983.707
2017-04-17 01:00:00,7942.0,8483.0,8345.404,8513.011
2017-04-17 02:00:00,7594.0,8157.0,8018.0293,8069.266
2017-04-17 03:00:00,7385.0,7911.0,7802.777,7888.34
2017-04-17 04:00:00,7275.0,7751.0,7727.2085,7794.0107
2017-04-17 05:00:00,7286.0,7733.0,7715.1914,7783.79
2017-04-17 06:00:00,7546.0,7981.0,7897.9263,7951.9116
2017-04-17 07:00:00,8211.0,8678.0,8546.014,8577.495
2017-04-17 08:00:00,8979.0,9596.0,9265.584,9457.773
2017-04-17 09:00:00,9724.0,10274.0,9899.255,10046.214
2017-04-17 10:00:00,10217.0,10608.0,10385.235,10452.394
2017-04-17 11:00:00,10525.0,10777.0,10731.151,10668.235
2017-04-17 12:00:00,10789.0,11084.0,10854.384,10844.753
2017-04-17 13:00:00,10854.0,11300.0,11124.009,11076.08
2017-04-17 14:00:00,10874.0,11255.0,11171.579,11014.556
2017-04-17 15:00:00,10910.0,11298.0,11196.049,11023.418
2017-04-17 16:00:00,10865.0,11162.0,11176.977,11047.545
2017-04-17 17:00:00,10756.0,11008.0,10973.206,10947.056
2017-04-17 18:00:00,10602.0,10998.0,10805.7705,10918.196
2017-04-17 19:00:00,10392.0,10933.0,10830.839,10864.371
2017-04-17 20:00:00,10160.0,10594.0,10573.682,10663.01
2017-04-17 21:00:00,10302.0,10628.0,10691.396,10902.1045
2017-04-17 22:00:00,10576.0,10603.0,10681.143,10940.272
2017-04-17 23:00:00,10170.0,10160.0,10609.663,10196.213
2017-04-18 00:00:00,9492.0,9511.0,9250.131,9475.816
2017-04-18 01:00:00,8847.0,8882.0,8826.741,8882.341
2017-04-18 02:00:00,8432.0,8474.0,8402.819,8471.093
2017-04-18 03:00:00,8165.0,8191.0,8227.016,8276.688
2017-04-18 04:00:00,7994.0,8070.0,8181.665,8194.57
2017-04-18 05:00:00,7959.0,8033.0,8178.481,8190.9775
2017-04-18 06:00:00,8225.0,8290.0,8280.09,8281.403
2017-04-18 07:00:00,8851.0,8946.0,8716.747,8958.334
2017-04-18 08:00:00,9672.0,9895.0,9788.093,10015.117
2017-04-18 09:00:00,10232.0,10476.0,10287.184,10648.977
2017-04-18 10:00:00,10508.0,10762.0,10860.262,10838.436
2017-04-18 11:00:00,10694.0,10882.0,11290.263,10913.632
2017-04-18 12:00:00,10923.0,10981.0,12103.224,11004.199
2017-04-18 13:00:00,11036.0,10910.0,12138.403,11000.023
2017-04-18 14:00:00,11091.0,10818.0,12416.86,10891.3955
2017-04-18 15:00:00,11175.0,10766.0,12967.815,10912.658
2017-04-18 16:00:00,11150.0,10655.0,13050.166,10803.477
2017-04-18 17:00:00,11044.0,10521.0,12271.324,10559.126
2017-04-18 18:00:00,10921.0,10419.0,12231.034,10539.075
2017-04-18 19:00:00,10877.0,10349.0,12035.189,10522.712
2017-04-18 20:00:00,10676.0,10257.0,11543.543,10479.2705
2017-04-18 21:00:00,10862.0,10591.0,11401.934,10624.611
2017-04-18 22:00:00,11068.0,10778.0,11513.42,10770.451
2017-04-18 23:00:00,10626.0,10352.0,11446.604,10470.339
2017-04-19 00:00:00,9921.0,9726.0,10396.185,9604.152
2017-04-19 01:00:00,9176.0,9100.0,9429.658,9027.733
2017-04-19 02:00:00,8694.0,8698.0,8901.391,8645.21
2017-04-19 03:00:00,8371.0,8478.0,8515.0,8341.447
2017-04-19 04:00:00,8143.0,8344.0,8349.622,8261.755
2017-04-19 05:00:00,8102.0,8322.0,8318.445,8242.096
2017-04-19 06:00:00,8301.0,8592.0,8504.4795,8409.686
2017-04-19 07:00:00,8919.0,9319.0,8985.077,8901.06
2017-04-19 08:00:00,9718.0,10122.0,9863.186,9762.795
2017-04-19 09:00:00,10443.0,10587.0,10324.898,10237.932
2017-04-19 10:00:00,10882.0,10698.0,10855.544,10707.366
2017-04-19 11:00:00,11137.0,10687.0,11345.636,10909.753
2017-04-19 12:00:00,11314.0,10758.0,11219.214,11031.035
2017-04-19 13:00:00,11315.0,10708.0,10913.016,11044.924
2017-04-19 14:00:00,11200.0,10666.0,10879.188,10989.928
2017-04-19 15:00:00,11082.0,10671.0,10900.953,11006.519
2017-04-19 16:00:00,10691.0,10536.0,10759.415,10765.647
2017-04-19 17:00:00,10617.0,10376.0,10748.544,10803.308
2017-04-19 18:00:00,10449.0,10285.0,10586.488,10676.673
2017-04-19 19:00:00,10388.0,10217.0,10562.285,10662.879
2017-04-19 20:00:00,10216.0,10207.0,10503.71,10462.726
2017-04-19 21:00:00,10429.0,10618.0,10716.082,10756.583
2017-04-19 22:00:00,10692.0,10694.0,10777.06,10798.179
2017-04-19 23:00:00,10277.0,10265.0,10440.893,10463.885
2017-04-20 00:00:00,9588.0,9551.0,9711.542,9773.056
2017-04-20 01:00:00,8935.0,8940.0,9024.625,9164.71
2017-04-20 02:00:00,8465.0,8555.0,8567.08,8702.909
2017-04-20 03:00:00,8214.0,8303.0,8222.13,8396.521
2017-04-20 04:00:00,8078.0,8121.0,8166.9824,8220.556
2017-04-20 05:00:00,8047.0,8106.0,8283.339,8220.556
2017-04-20 06:00:00,8232.0,8332.0,8548.16,8351.465
2017-04-20 07:00:00,8882.0,9033.0,8805.682,8933.062
2017-04-20 08:00:00,9619.0,10039.0,9626.275,9755.081
2017-04-20 09:00:00,10307.0,10726.0,10377.7705,10364.575
2017-04-20 10:00:00,10704.0,11006.0,11661.153,10797.024
2017-04-20 11:00:00,11046.0,11118.0,11466.583,10880.5625
2017-04-20 12:00:00,11373.0,11159.0,11713.842,10863.534
2017-04-20 13:00:00,11432.0,11050.0,11718.588,10817.955
2017-04-20 14:00:00,11314.0,10919.0,11883.467,10813.737
2017-04-20 15:00:00,11274.0,10841.0,11968.232,10852.28
2017-04-20 16:00:00,11155.0,10675.0,11974.367,10682.183
2017-04-20 17:00:00,10951.0,10519.0,11397.909,10362.096
2017-04-20 18:00:00,10783.0,10390.0,10959.58,10490.535
2017-04-20 19:00:00,10544.0,10229.0,10441.411,10386.908
2017-04-20 20:00:00,10300.0,10072.0,10352.092,10298.212
2017-04-20 21:00:00,10431.0,10347.0,10412.086,10569.882
2017-04-20 22:00:00,10640.0,10573.0,10584.904,10627.612
2017-04-20 23:00:00,10234.0,10216.0,10267.494,10338.905
2017-04-21 00:00:00,9511.0,9558.0,9579.187,9662.677
2017-04-21 01:00:00,8865.0,8934.0,8961.555,9022.239
2017-04-21 02:00:00,8407.0,8453.0,8444.652,8561.806
2017-04-21 03:00:00,8139.0,8202.0,8170.837,8333.751
2017-04-21 04:00:00,7974.0,8047.0,8065.6367,8189.02
2017-04-21 05:00:00,7932.0,7993.0,8090.886,8189.02
2017-04-21 06:00:00,8138.0,8119.0,8243.889,8289.306
2017-04-21 07:00:00,8760.0,8595.0,8736.752,8794.909
2017-04-21 08:00:00,9512.0,9071.0,9393.657,9343.469
2017-04-21 09:00:00,10135.0,9421.0,9836.579,9771.071
2017-04-21 10:00:00,10425.0,9660.0,10108.403,10097.681
2017-04-21 11:00:00,10527.0,9830.0,10496.6045,10280.022
2017-04-21 12:00:00,10613.0,9890.0,10545.376,10548.707
2017-04-21 13:00:00,10556.0,9890.0,10572.404,10485.448
2017-04-21 14:00:00,10504.0,9846.0,10591.683,10421.169
2017-04-21 15:00:00,10465.0,9869.0,10472.796,10156.574
2017-04-21 16:00:00,10321.0,9797.0,10314.202,10104.427
2017-04-21 17:00:00,10153.0,9697.0,10304.751,9952.148
2017-04-21 18:00:00,10064.0,9659.0,10201.67,9999.742
2017-04-21 19:00:00,9917.0,9615.0,10209.357,9924.707
2017-04-21 20:00:00,9859.0,9539.0,10167.511,9897.096
2017-04-21 21:00:00,10126.0,9882.0,10478.527,10145.156
2017-04-21 22:00:00,10400.0,9878.0,10505.124,10141.114
2017-04-21 23:00:00,10122.0,9602.0,10378.031,9992.279
2017-04-22 00:00:00,9543.0,9096.0,9265.119,9480.621
2017-04-22 01:00:00,8940.0,8531.0,8641.43,8834.913
2017-04-22 02:00:00,8474.0,8106.0,8355.28,8496.149
2017-04-22 03:00:00,8157.0,7810.0,8155.249,8229.763
2017-04-22 04:00:00,7980.0,7612.0,8024.955,8070.9473
2017-04-22 05:00:00,7943.0,7522.0,8027.5435,8028.0327
2017-04-22 06:00:00,8004.0,7563.0,8046.4917,8062.126
2017-04-22 07:00:00,8288.0,7765.0,8020.2056,8131.8623
2017-04-22 08:00:00,8475.0,7897.0,8295.494,8429.922
2017-04-22 09:00:00,8816.0,8226.0,8502.481,8560.195
2017-04-22 10:00:00,9098.0,8715.0,8860.18,8865.636
2017-04-22 11:00:00,9249.0,9165.0,9137.522,9065.974
2017-04-22 12:00:00,9296.0,9462.0,9301.225,9182.606
2017-04-22 13:00:00,9252.0,9622.0,9433.1455,9313.959
2017-04-22 14:00:00,9150.0,9674.0,9319.04,9252.822
2017-04-22 15:00:00,9019.0,9634.0,9271.983,9236.292
2017-04-22 16:00:00,8880.0,9663.0,9186.989,9223.695
2017-04-22 17:00:00,8773.0,9661.0,9204.437,9228.721
2017-04-22 18:00:00,8758.0,9692.0,9223.02,9186.58
2017-04-22 19:00:00,8750.0,9665.0,9308.454,9267.139
2017-04-22 20:00:00,8752.0,9592.0,9279.149,9363.4
2017-04-22 21:00:00,8924.0,9895.0,9612.162,9549.032
2017-04-22 22:00:00,9348.0,10119.0,9738.025,9689.486
2017-04-22 23:00:00,9181.0,9897.0,9655.735,9592.308
2017-04-23 00:00:00,8761.0,9436.0,9012.864,8973.548
2017-04-23 01:00:00,8334.0,8857.0,8422.894,8381.268
2017-04-23 02:00:00,7982.0,8359.0,8025.5215,8021.455
2017-04-23 03:00:00,7785.0,7956.0,7777.7764,7763.0347
2017-04-23 04:00:00,7638.0,7698.0,7661.855,7618.9814
2017-04-23 05:00:00,7613.0,7525.0,7830.6973,7568.2197
2017-04-23 06:00:00,7633.0,7465.0,7905.4316,7627.793
2017-04-23 07:00:00,7787.0,7488.0,7599.6943,7545.0693
2017-04-23 08:00:00,7734.0,7453.0,7568.0283,7591.888
2017-04-23 09:00:00,7946.0,7651.0,7723.655,7773.6416
2017-04-23 10:00:00,8117.0,8040.0,8100.9873,8124.709
2017-04-23 11:00:00,8342.0,8367.0,8319.688,8267.727
2017-04-23 12:00:00,8498.0,8573.0,8613.204,8477.3125
2017-04-23 13:00:00,8565.0,8724.0,8787.049,8536.6455
2017-04-23 14:00:00,8581.0,8770.0,8957.818,8501.646
2017-04-23 15:00:00,8654.0,8794.0,8776.306,8458.536
2017-04-23 16:00:00,8624.0,8783.0,8936.049,8449.788
2017-04-23 17:00:00,8712.0,8694.0,8898.349,8354.999
2017-04-23 18:00:00,8767.0,8648.0,8704.719,8360.717
2017-04-23 19:00:00,8863.0,8632.0,8697.337,8468.162
2017-04-23 20:00:00,8845.0,8561.0,8749.764,8577.325
2017-04-23 21:00:00,9038.0,8761.0,9048.371,8955.109
2017-04-23 22:00:00,9395.0,9126.0,9231.47,9215.558
2017-04-23 23:00:00,9133.0,8915.0,9153.735,9155.008
2017-04-24 00:00:00,8640.0,8413.0,8565.67,8541.343
2017-04-24 01:00:00,8135.0,7942.0,8145.6343,8136.5874
2017-04-24 02:00:00,7851.0,7594.0,8046.291,7996.8403
2017-04-24 03:00:00,7685.0,7385.0,7914.858,7839.703
2017-04-24 04:00:00,7633.0,7275.0,7847.6836,7783.79
2017-04-24 05:00:00,7702.0,7286.0,7888.3477,7783.79
2017-04-24 06:00:00,8006.0,7546.0,8073.899,7951.9116
2017-04-24 07:00:00,8679.0,8211.0,8576.17,8522.79
2017-04-24 08:00:00,9487.0,8979.0,9332.761,9511.388
2017-04-24 09:00:00,10128.0,9724.0,9835.968,10140.181
2017-04-24 10:00:00,10436.0,10217.0,10359.381,10591.205
2017-04-24 11:00:00,10648.0,10525.0,10665.22,10721.46
2017-04-24 12:00:00,10872.0,10789.0,11082.367,10996.911
2017-04-24 13:00:00,10951.0,10854.0,11324.669,11011.633
2017-04-24 14:00:00,10976.0,10874.0,11405.855,11077.592
2017-04-24 15:00:00,11060.0,10910.0,11430.189,11145.318
2017-04-24 16:00:00,11028.0,10865.0,11390.813,11084.365
2017-04-24 17:00:00,10959.0,10756.0,11264.981,10946.504
2017-04-24 18:00:00,10879.0,10602.0,10731.922,10749.465
2017-04-24 19:00:00,10697.0,10392.0,10770.309,10871.528
2017-04-24 20:00:00,10420.0,10160.0,10544.667,10294.412
2017-04-24 21:00:00,10445.0,10302.0,10661.526,10703.41
2017-04-24 22:00:00,10727.0,10576.0,10747.612,10915.553
2017-04-24 23:00:00,10269.0,10170.0,10682.641,10349.509
2017-04-25 00:00:00,9555.0,9492.0,9343.507,9594.452
2017-04-25 01:00:00,8779.0,8847.0,8804.32,8970.295
2017-04-25 02:00:00,8353.0,8432.0,8346.807,8498.385
2017-04-25 03:00:00,8055.0,8165.0,8121.788,8297.938
2017-04-25 04:00:00,7895.0,7994.0,8053.6445,8208.387
2017-04-25 05:00:00,7829.0,7959.0,8051.836,8215.018
2017-04-25 06:00:00,8030.0,8225.0,8147.877,8300.843
2017-04-25 07:00:00,8657.0,8851.0,8821.303,9062.358
2017-04-25 08:00:00,9369.0,9672.0,9784.788,9844.944
2017-04-25 09:00:00,10129.0,10232.0,10511.136,10358.177
2017-04-25 10:00:00,10525.0,10508.0,10911.805,10530.768
2017-04-25 11:00:00,10811.0,10694.0,11910.926,10853.693
2017-04-25 12:00:00,11049.0,10923.0,12208.016,11044.526
2017-04-25 13:00:00,11205.0,11036.0,12466.837,11063.671
2017-04-25 14:00:00,11327.0,11091.0,12713.574,11023.123
2017-04-25 15:00:00,11445.0,11175.0,12887.045,10991.686
2017-04-25 16:00:00,11398.0,11150.0,12867.437,10971.919
2017-04-25 17:00:00,11290.0,11044.0,12831.577,10907.349
2017-04-25 18:00:00,11280.0,10921.0,12328.648,10855.586
2017-04-25 19:00:00,11183.0,10877.0,12323.73,10808.117
2017-04-25 20:00:00,10927.0,10676.0,11469.417,10630.551
2017-04-25 21:00:00,10990.0,10862.0,11506.817,10764.663
2017-04-25 22:00:00,11249.0,11068.0,11873.6,10868.752
2017-04-25 23:00:00,10839.0,10626.0,11474.772,10560.02
2017-04-26 00:00:00,10043.0,9921.0,10372.142,9707.868
2017-04-26 01:00:00,9273.0,9176.0,9454.72,9023.234
2017-04-26 02:00:00,8746.0,8694.0,8920.256,8640.433
2017-04-26 03:00:00,8405.0,8371.0,8564.22,8356.842
2017-04-26 04:00:00,8218.0,8143.0,8341.88,8244.01
2017-04-26 05:00:00,8133.0,8102.0,8304.984,8240.42
2017-04-26 06:00:00,8306.0,8301.0,8398.819,8338.889
2017-04-26 07:00:00,8937.0,8919.0,8976.407,8887.65
2017-04-26 08:00:00,9726.0,9718.0,9950.462,9521.391
2017-04-26 09:00:00,10519.0,10443.0,10476.454,10343.633
2017-04-26 10:00:00,10931.0,10882.0,11500.497,10887.612
2017-04-26 11:00:00,11239.0,11137.0,12325.035,11120.115
2017-04-26 12:00:00,11515.0,11314.0,12305.341,11287.508
2017-04-26 13:00:00,11605.0,11315.0,12328.174,11308.485
2017-04-26 14:00:00,11713.0,11200.0,12719.101,11213.1045
2017-04-26 15:00:00,11813.0,11082.0,13049.84,11187.424
2017-04-26 16:00:00,11750.0,10691.0,12945.747,11034.879
2017-04-26 17:00:00,11628.0,10617.0,12876.254,10977.255
2017-04-26 18:00:00,11500.0,10449.0,12592.151,11014.657
2017-04-26 19:00:00,11291.0,10388.0,12429.46,11102.404
2017-04-26 20:00:00,10963.0,10216.0,11866.2705,10986.663
2017-04-26 21:00:00,11031.0,10429.0,11550.899,11043.622
2017-04-26 22:00:00,11165.0,10692.0,11452.058,11105.183
2017-04-26 23:00:00,10741.0,10277.0,11112.771,10891.396
2017-04-27 00:00:00,9964.0,9588.0,9955.151,10041.753
2017-04-27 01:00:00,9248.0,8935.0,9202.164,9338.966
2017-04-27 02:00:00,8705.0,8465.0,8758.837,8783.757
2017-04-27 03:00:00,8386.0,8214.0,8515.964,8567.858
2017-04-27 04:00:00,8178.0,8078.0,8279.564,8358.233
2017-04-27 05:00:00,8135.0,8047.0,8206.602,8323.726
2017-04-27 06:00:00,8323.0,8232.0,8323.121,8455.405
2017-04-27 07:00:00,8883.0,8882.0,8834.755,8995.26
2017-04-27 08:00:00,9651.0,9619.0,9599.884,9700.924
2017-04-27 09:00:00,10223.0,10307.0,10422.191,10562.542
2017-04-27 10:00:00,10511.0,10704.0,10830.83,10988.729
2017-04-27 11:00:00,10629.0,11046.0,11117.787,11187.126
2017-04-27 12:00:00,10710.0,11373.0,11295.887,11259.192
2017-04-27 13:00:00,10766.0,11432.0,11250.684,11084.96
2017-04-27 14:00:00,10784.0,11314.0,11130.834,11038.471
2017-04-27 15:00:00,10792.0,11274.0,11111.99,10981.508
2017-04-27 16:00:00,10735.0,11155.0,10915.425,10882.753
2017-04-27 17:00:00,10642.0,10951.0,10865.048,10844.9375
2017-04-27 18:00:00,10538.0,10783.0,10783.269,10593.3545
2017-04-27 19:00:00,10483.0,10544.0,10785.149,10612.888
2017-04-27 20:00:00,10373.0,10300.0,10552.8545,10610.815
2017-04-27 21:00:00,10556.0,10431.0,10709.735,10741.647
2017-04-27 22:00:00,10692.0,10640.0,10735.332,10750.58
2017-04-27 23:00:00,10225.0,10234.0,10449.707,10481.456
2017-04-28 00:00:00,9592.0,9511.0,9690.546,9841.578
2017-04-28 01:00:00,8957.0,8865.0,8995.277,9149.6
2017-04-28 02:00:00,8509.0,8407.0,8594.331,8627.695
2017-04-28 03:00:00,8263.0,8139.0,8302.405,8382.454
2017-04-28 04:00:00,8114.0,7974.0,8155.9375,8228.067
2017-04-28 05:00:00,8061.0,7932.0,8145.023,8207.114
2017-04-28 06:00:00,8283.0,8138.0,8209.667,8299.555
2017-04-28 07:00:00,8948.0,8760.0,8773.812,8857.31
2017-04-28 08:00:00,9689.0,9512.0,9423.995,9414.059
2017-04-28 09:00:00,10273.0,10135.0,9930.714,9974.357
2017-04-28 10:00:00,10473.0,10425.0,10331.889,10383.592
2017-04-28 11:00:00,10575.0,10527.0,10468.538,10400.147
2017-04-28 12:00:00,10640.0,10613.0,10667.629,10599.306
2017-04-28 13:00:00,10662.0,10556.0,10580.121,10513.174
2017-04-28 14:00:00,10608.0,10504.0,10504.913,10433.449
2017-04-28 15:00:00,10621.0,10465.0,10499.878,10431.426
2017-04-28 16:00:00,10467.0,10321.0,10288.414,10231.133
2017-04-28 17:00:00,10282.0,10153.0,10197.452,10053.095
2017-04-28 18:00:00,10143.0,10064.0,10235.553,10183.486
2017-04-28 19:00:00,10061.0,9917.0,10207.977,10229.086
2017-04-28 20:00:00,9971.0,9859.0,10415.161,10093.772
2017-04-28 21:00:00,10138.0,10126.0,10463.305,10304.845
2017-04-28 22:00:00,10272.0,10400.0,10470.402,10480.919
2017-04-28 23:00:00,9996.0,10122.0,10334.9,10118.368
2017-04-29 00:00:00,9411.0,9543.0,9410.441,9532.912
2017-04-29 01:00:00,8802.0,8940.0,8867.946,8966.911
2017-04-29 02:00:00,8387.0,8474.0,8408.806,8532.402
2017-04-29 03:00:00,8035.0,8157.0,8182.608,8285.063
2017-04-29 04:00:00,7941.0,7980.0,8001.3037,8107.398
2017-04-29 05:00:00,7908.0,7943.0,7963.3325,8044.4155
2017-04-29 06:00:00,7977.0,8004.0,8004.277,8096.632
2017-04-29 07:00:00,8259.0,8288.0,8066.0503,8212.759
2017-04-29 08:00:00,8503.0,8475.0,8434.71,8562.263
2017-04-29 09:00:00,8889.0,8816.0,8718.408,8692.908
2017-04-29 10:00:00,9288.0,9098.0,9059.3955,8954.88
2017-04-29 11:00:00,9527.0,9249.0,9262.033,9126.692
2017-04-29 12:00:00,9638.0,9296.0,9327.259,9121.553
2017-04-29 13:00:00,9783.0,9252.0,9367.949,9201.419
2017-04-29 14:00:00,9804.0,9150.0,9344.772,9181.978
2017-04-29 15:00:00,9769.0,9019.0,9257.809,9191.545
2017-04-29 16:00:00,9769.0,8880.0,9072.288,9100.87
2017-04-29 17:00:00,9792.0,8773.0,8992.976,9132.323
2017-04-29 18:00:00,9924.0,8758.0,9066.113,9165.515
2017-04-29 19:00:00,10040.0,8750.0,9126.742,9297.716
2017-04-29 20:00:00,10186.0,8752.0,9202.733,9447.129
2017-04-29 21:00:00,10300.0,8924.0,9324.107,9649.545
2017-04-29 22:00:00,10387.0,9348.0,9473.279,9818.856
2017-04-29 23:00:00,10096.0,9181.0,9454.648,9751.741
2017-04-30 00:00:00,9549.0,8761.0,8972.681,9182.722
2017-04-30 01:00:00,8988.0,8334.0,8433.01,8542.189
2017-04-30 02:00:00,8598.0,7982.0,8172.8247,8232.228
2017-04-30 03:00:00,8260.0,7785.0,7943.335,7981.134
2017-04-30 04:00:00,8119.0,7638.0,7830.919,7830.892
2017-04-30 05:00:00,8012.0,7613.0,7787.286,7796.214
2017-04-30 06:00:00,8051.0,7633.0,7783.219,7816.3867
2017-04-30 07:00:00,8185.0,7787.0,7753.16,7789.0894
2017-04-30 08:00:00,8285.0,7734.0,7842.7773,7854.6997
2017-04-30 09:00:00,8517.0,7946.0,8081.0093,8109.146
2017-04-30 10:00:00,8886.0,8117.0,8430.759,8473.067
2017-04-30 11:00:00,9105.0,8342.0,8597.112,8712.836
2017-04-30 12:00:00,9276.0,8498.0,8757.201,8894.319
2017-04-30 13:00:00,9392.0,8565.0,8930.598,9114.372
2017-04-30 14:00:00,9316.0,8581.0,9087.618,9244.02
2017-04-30 15:00:00,9277.0,8654.0,9029.77,9231.941
2017-04-30 16:00:00,9233.0,8624.0,9032.282,9274.786
2017-04-30 17:00:00,9259.0,8712.0,9175.817,9376.403
2017-04-30 18:00:00,9330.0,8767.0,9223.019,9498.732
2017-04-30 19:00:00,9540.0,8863.0,9324.434,9615.59
2017-04-30 20:00:00,9722.0,8845.0,9461.34,9731.022
2017-04-30 21:00:00,10029.0,9038.0,9717.885,9936.988
2017-04-30 22:00:00,9955.0,9395.0,9828.977,9982.502
2017-04-30 23:00:00,9665.0,9133.0,9761.513,9937.791
2017-05-01 00:00:00,9192.0,8640.0,8950.74,9390.103
2017-05-01 01:00:00,8858.0,8135.0,8632.58,8813.329
2017-05-01 02:00:00,8483.0,7851.0,8307.385,8388.561
2017-05-01 03:00:00,8275.0,7685.0,8099.7515,8120.924
2017-05-01 04:00:00,8141.0,7633.0,8015.567,8010.175
2017-05-01 05:00:00,8071.0,7702.0,7951.2334,7996.9673
2017-05-01 06:00:00,8291.0,8006.0,8087.2983,8178.005
2017-05-01 07:00:00,8940.0,8679.0,8816.831,8920.095
2017-05-01 08:00:00,9752.0,9487.0,9564.191,9842.438
2017-05-01 09:00:00,10441.0,10128.0,10255.9,10527.731
2017-05-01 10:00:00,10620.0,10436.0,10787.902,11027.953
2017-05-01 11:00:00,10759.0,10648.0,11013.574,11183.537
2017-05-01 12:00:00,10885.0,10872.0,11181.616,11448.381
2017-05-01 13:00:00,10915.0,10951.0,11262.193,11516.286
2017-05-01 14:00:00,10906.0,10976.0,11176.309,11520.757
2017-05-01 15:00:00,10895.0,11060.0,11187.52,11548.265
2017-05-01 16:00:00,10777.0,11028.0,11195.032,11484.544
2017-05-01 17:00:00,10646.0,10959.0,11030.236,11369.911
2017-05-01 18:00:00,10578.0,10879.0,10905.003,11345.22
2017-05-01 19:00:00,10563.0,10697.0,10872.568,11271.953
2017-05-01 20:00:00,10628.0,10420.0,10763.228,11080.152
2017-05-01 21:00:00,10814.0,10445.0,10714.965,10815.291
2017-05-01 22:00:00,10982.0,10727.0,10927.41,10975.297
2017-05-01 23:00:00,10564.0,10269.0,10629.725,10582.301
2017-05-02 00:00:00,9916.0,9555.0,9742.952,9932.853
2017-05-02 01:00:00,9306.0,8779.0,9128.612,9229.01
2017-05-02 02:00:00,8883.0,8353.0,8600.834,8663.711
2017-05-02 03:00:00,8618.0,8055.0,8320.372,8307.225
2017-05-02 04:00:00,8494.0,7895.0,8225.469,8148.2085
2017-05-02 05:00:00,8504.0,7829.0,8218.699,8131.2593
2017-05-02 06:00:00,8746.0,8030.0,8338.752,8237.783
2017-05-02 07:00:00,9426.0,8657.0,9020.345,8970.233
2017-05-02 08:00:00,10317.0,9369.0,9843.996,9678.57
2017-05-02 09:00:00,10979.0,10129.0,10537.561,10288.16
2017-05-02 10:00:00,11208.0,10525.0,10652.932,10625.495
2017-05-02 11:00:00,11271.0,10811.0,10901.376,11114.596
2017-05-02 12:00:00,11340.0,11049.0,11028.673,11403.925
2017-05-02 13:00:00,11309.0,11205.0,11098.242,11515.509
2017-05-02 14:00:00,11231.0,11327.0,11149.99,11598.753
2017-05-02 15:00:00,11161.0,11445.0,11174.607,11603.895
2017-05-02 16:00:00,10998.0,11398.0,11110.274,11598.916
2017-05-02 17:00:00,10895.0,11290.0,10995.907,11502.888
2017-05-02 18:00:00,10828.0,11280.0,10997.008,11474.934
2017-05-02 19:00:00,10828.0,11183.0,10928.228,11354.662
2017-05-02 20:00:00,10651.0,10927.0,10968.427,11191.1045
2017-05-02 21:00:00,10750.0,10990.0,11009.87,11242.015
2017-05-02 22:00:00,10971.0,11249.0,11075.73,11286.454
2017-05-02 23:00:00,10578.0,10839.0,10795.899,10980.854
2017-05-03 00:00:00,9908.0,10043.0,10049.241,10057.482
2017-05-03 01:00:00,9281.0,9273.0,9376.5,9321.785
2017-05-03 02:00:00,8843.0,8746.0,8935.865,8822.785
2017-05-03 03:00:00,8632.0,8405.0,8711.994,8464.34
2017-05-03 04:00:00,8497.0,8218.0,8585.26,8313.331
2017-05-03 05:00:00,8488.0,8133.0,8380.515,8300.004
2017-05-03 06:00:00,8761.0,8306.0,8532.424,8414.454
2017-05-03 07:00:00,9456.0,8937.0,9202.882,9112.18
2017-05-03 08:00:00,10241.0,9726.0,9978.49,9927.24
2017-05-03 09:00:00,10758.0,10519.0,10706.09,10665.328
2017-05-03 10:00:00,10902.0,10931.0,10952.681,10943.248
2017-05-03 11:00:00,10903.0,11239.0,11108.003,11129.6045
2017-05-03 12:00:00,10900.0,11515.0,11227.941,11469.889
2017-05-03 13:00:00,10886.0,11605.0,11227.927,11617.211
2017-05-03 14:00:00,10795.0,11713.0,11148.929,11543.636
2017-05-03 15:00:00,10777.0,11813.0,11108.092,11512.066
2017-05-03 16:00:00,10593.0,11750.0,11031.421,11402.805
2017-05-03 17:00:00,10428.0,11628.0,10953.196,11323.8955
2017-05-03 18:00:00,10360.0,11500.0,10852.345,11216.751
2017-05-03 19:00:00,10265.0,11291.0,10866.684,11159.755
2017-05-03 20:00:00,10178.0,10963.0,10738.228,10819.044
2017-05-03 21:00:00,10388.0,11031.0,10815.756,10853.483
2017-05-03 22:00:00,10693.0,11165.0,10855.918,10947.422
2017-05-03 23:00:00,10351.0,10741.0,10540.302,10492.541
2017-05-04 00:00:00,9673.0,9964.0,9878.998,9897.267
2017-05-04 01:00:00,9020.0,9248.0,9171.468,9229.174
2017-05-04 02:00:00,8613.0,8705.0,8668.334,8699.563
2017-05-04 03:00:00,8344.0,8386.0,8383.681,8374.181
2017-05-04 04:00:00,8219.0,8178.0,8294.027,8251.264
2017-05-04 05:00:00,8183.0,8135.0,8290.103,8237.937
2017-05-04 06:00:00,8401.0,8323.0,8423.876,8342.653
2017-05-04 07:00:00,9053.0,8883.0,8928.066,9017.646
2017-05-04 08:00:00,9960.0,9651.0,9809.16,9669.546
2017-05-04 09:00:00,10624.0,10223.0,10303.469,10232.817
2017-05-04 10:00:00,10873.0,10511.0,10574.641,10472.886
2017-05-04 11:00:00,11007.0,10629.0,10765.139,10731.853
2017-05-04 12:00:00,11098.0,10710.0,10775.46,11048.669
2017-05-04 13:00:00,11033.0,10766.0,10792.828,11130.895
2017-05-04 14:00:00,10992.0,10784.0,10734.955,11082.188
2017-05-04 15:00:00,10959.0,10792.0,10734.955,11082.188
2017-05-04 16:00:00,10796.0,10735.0,10571.316,10897.543
2017-05-04 17:00:00,10648.0,10642.0,10383.942,10710.937
2017-05-04 18:00:00,10555.0,10538.0,10347.401,10724.189
2017-05-04 19:00:00,10475.0,10483.0,10324.256,10726.595
2017-05-04 20:00:00,10272.0,10373.0,10319.683,10523.006
2017-05-04 21:00:00,10238.0,10556.0,10398.604,10569.177
2017-05-04 22:00:00,10663.0,10692.0,10652.315,10732.366
2017-05-04 23:00:00,10392.0,10225.0,10330.084,10422.578
2017-05-05 00:00:00,9703.0,9592.0,9651.44,9764.453
2017-05-05 01:00:00,9067.0,8957.0,9022.631,9063.6045
2017-05-05 02:00:00,8680.0,8509.0,8586.599,8585.025
2017-05-05 03:00:00,8434.0,8263.0,8291.338,8283.315
2017-05-05 04:00:00,8318.0,8114.0,8187.028,8134.319
2017-05-05 05:00:00,8305.0,8061.0,8203.759,8116.777
2017-05-05 06:00:00,8540.0,8283.0,8336.915,8218.32
2017-05-05 07:00:00,9162.0,8948.0,8964.681,8862.312
2017-05-05 08:00:00,9942.0,9689.0,9785.799,9577.614
2017-05-05 09:00:00,10593.0,10273.0,10271.048,10112.607
2017-05-05 10:00:00,10807.0,10473.0,10522.465,10409.243
2017-05-05 11:00:00,10854.0,10575.0,10766.491,10550.675
2017-05-05 12:00:00,10904.0,10640.0,10805.937,10940.065
2017-05-05 13:00:00,10881.0,10662.0,10768.724,11021.328
2017-05-05 14:00:00,10799.0,10608.0,10775.255,11017.319
2017-05-05 15:00:00,10776.0,10621.0,10750.086,11021.472
2017-05-05 16:00:00,10609.0,10467.0,10480.697,10794.555
2017-05-05 17:00:00,10417.0,10282.0,10305.709,10610.815
2017-05-05 18:00:00,10246.0,10143.0,10289.981,10695.028
2017-05-05 19:00:00,10058.0,10061.0,10305.948,10680.764
2017-05-05 20:00:00,9887.0,9971.0,10229.684,10352.702
2017-05-05 21:00:00,9906.0,10138.0,10226.671,10356.094
2017-05-05 22:00:00,10271.0,10272.0,10365.819,10512.882
2017-05-05 23:00:00,10067.0,9996.0,10337.553,10340.28
2017-05-06 00:00:00,9565.0,9411.0,9561.007,9756.362
2017-05-06 01:00:00,8954.0,8802.0,8926.969,9020.497
2017-05-06 02:00:00,8416.0,8387.0,8481.334,8559.118
2017-05-06 03:00:00,8222.0,8035.0,8270.647,8295.337
2017-05-06 04:00:00,8077.0,7941.0,8056.19,8049.78
2017-05-06 05:00:00,7997.0,7908.0,8018.286,8011.7544
2017-05-06 06:00:00,8061.0,7977.0,8122.416,8063.903
2017-05-06 07:00:00,8196.0,8259.0,8236.11,8252.932
2017-05-06 08:00:00,8399.0,8503.0,8427.475,8479.647
2017-05-06 09:00:00,8752.0,8889.0,8705.209,8636.398
2017-05-06 10:00:00,9047.0,9288.0,9087.164,8940.202
2017-05-06 11:00:00,9202.0,9527.0,9330.74,9170.939
2017-05-06 12:00:00,9289.0,9638.0,9424.736,9505.78
2017-05-06 13:00:00,9308.0,9783.0,9381.149,9612.551
2017-05-06 14:00:00,9195.0,9804.0,9341.123,9586.087
2017-05-06 15:00:00,9048.0,9769.0,9252.242,9555.555
2017-05-06 16:00:00,8895.0,9769.0,9224.163,9531.503
2017-05-06 17:00:00,8805.0,9792.0,9188.79,9508.987
2017-05-06 18:00:00,8753.0,9924.0,9244.453,9533.747
2017-05-06 19:00:00,8709.0,10040.0,9224.5625,9584.491
2017-05-06 20:00:00,8715.0,10186.0,9390.496,9546.233
2017-05-06 21:00:00,8762.0,10300.0,9461.593,9663.037
2017-05-06 22:00:00,9193.0,10387.0,9719.559,9817.242
2017-05-06 23:00:00,9099.0,10096.0,9625.029,9659.605
2017-05-07 00:00:00,8739.0,9549.0,8965.995,8995.628
2017-05-07 01:00:00,8314.0,8988.0,8452.973,8345.349
2017-05-07 02:00:00,7998.0,8598.0,8101.7007,7990.302
2017-05-07 03:00:00,7793.0,8260.0,7871.049,7742.1787
2017-05-07 04:00:00,7663.0,8119.0,7765.048,7529.2373
2017-05-07 05:00:00,7606.0,8012.0,7642.315,7445.9175
2017-05-07 06:00:00,7664.0,8051.0,7786.8896,7475.9316
2017-05-07 07:00:00,7730.0,8185.0,7617.592,7469.89
2017-05-07 08:00:00,7745.0,8285.0,7572.335,7486.5625
2017-05-07 09:00:00,7914.0,8517.0,7840.5327,7824.9233
2017-05-07 10:00:00,8150.0,8886.0,8126.955,8158.706
2017-05-07 11:00:00,8331.0,9105.0,8364.991,8358.491
2017-05-07 12:00:00,8442.0,9276.0,8557.7295,8721.138
2017-05-07 13:00:00,8459.0,9392.0,8679.769,8859.683
2017-05-07 14:00:00,8472.0,9316.0,8606.246,8820.805
2017-05-07 15:00:00,8436.0,9277.0,8476.102,8707.696
2017-05-07 16:00:00,8381.0,9233.0,8521.021,8714.05
2017-05-07 17:00:00,8349.0,9259.0,8508.518,8693.094
2017-05-07 18:00:00,8396.0,9330.0,8547.943,8740.057
2017-05-07 19:00:00,8495.0,9540.0,8613.807,8848.899
2017-05-07 20:00:00,8556.0,9722.0,8692.147,8860.898
2017-05-07 21:00:00,8744.0,10029.0,8952.938,8902.368
2017-05-07 22:00:00,9311.0,9955.0,9148.549,9073.862
2017-05-07 23:00:00,9228.0,9665.0,9183.3545,9179.537
2017-05-08 00:00:00,8817.0,9192.0,8872.792,8859.46
2017-05-08 01:00:00,8353.0,8858.0,8451.573,8330.016
2017-05-08 02:00:00,8094.0,8483.0,8196.882,8054.9785
2017-05-08 03:00:00,7944.0,8275.0,8078.7046,7838.3677
2017-05-08 04:00:00,7888.0,8141.0,8085.0186,7755.606
2017-05-08 05:00:00,7954.0,8071.0,8056.648,7741.3984
2017-05-08 06:00:00,8272.0,8291.0,8268.044,7909.1445
2017-05-08 07:00:00,8947.0,8940.0,8908.27,8693.431
2017-05-08 08:00:00,9777.0,9752.0,9669.662,9693.743
2017-05-08 09:00:00,10396.0,10441.0,10505.228,10317.863
2017-05-08 10:00:00,10610.0,10620.0,10651.848,10527.73
2017-05-08 11:00:00,10735.0,10759.0,10863.554,10794.987
2017-05-08 12:00:00,10806.0,10885.0,10965.119,11073.535
2017-05-08 13:00:00,10791.0,10915.0,10992.875,11122.508
2017-05-08 14:00:00,10719.0,10906.0,10989.372,11250.699
2017-05-08 15:00:00,10743.0,10895.0,10994.63,11286.976
2017-05-08 16:00:00,10625.0,10777.0,10909.23,11188.813
2017-05-08 17:00:00,10492.0,10646.0,10790.398,11023.374
2017-05-08 18:00:00,10346.0,10578.0,10568.011,10874.457
2017-05-08 19:00:00,10284.0,10563.0,10587.173,10937.991
2017-05-08 20:00:00,10123.0,10628.0,10743.596,10861.296
2017-05-08 21:00:00,10307.0,10814.0,10769.178,10967.303
2017-05-08 22:00:00,10693.0,10982.0,10920.79,11007.61
2017-05-08 23:00:00,10308.0,10564.0,10592.498,10630.006
2017-05-09 00:00:00,9655.0,9916.0,9651.253,9712.552
2017-05-09 01:00:00,9024.0,9306.0,8926.102,9046.899
2017-05-09 02:00:00,8620.0,8883.0,8564.033,8673.658
2017-05-09 03:00:00,8414.0,8618.0,8319.35,8344.8
2017-05-09 04:00:00,8245.0,8494.0,8222.636,8166.753
2017-05-09 05:00:00,8285.0,8504.0,8239.56,8162.379
2017-05-09 06:00:00,8515.0,8746.0,8482.868,8446.546
2017-05-09 07:00:00,9198.0,9426.0,9193.167,9117.242
2017-05-09 08:00:00,10110.0,10317.0,10182.6,10120.528
2017-05-09 09:00:00,10725.0,10979.0,10777.161,10554.032
2017-05-09 10:00:00,11019.0,11208.0,10837.654,10857.315
2017-05-09 11:00:00,11132.0,11271.0,11023.756,11052.427
2017-05-09 12:00:00,11180.0,11340.0,11077.026,11320.993
2017-05-09 13:00:00,11113.0,11309.0,11055.285,11375.666
2017-05-09 14:00:00,10928.0,11231.0,10929.287,11375.99
2017-05-09 15:00:00,10874.0,11161.0,10893.4,11335.802
2017-05-09 16:00:00,10718.0,10998.0,10834.206,11206.006
2017-05-09 17:00:00,10525.0,10895.0,10759.287,11139.737
2017-05-09 18:00:00,10457.0,10828.0,10745.175,11002.907
2017-05-09 19:00:00,10358.0,10828.0,10791.464,11052.726
2017-05-09 20:00:00,10184.0,10651.0,10622.238,10718.184
2017-05-09 21:00:00,10320.0,10750.0,10755.086,10842.307
2017-05-09 22:00:00,10648.0,10971.0,10826.273,10961.115
2017-05-09 23:00:00,10261.0,10578.0,10519.915,10455.285
2017-05-10 00:00:00,9577.0,9908.0,9704.686,9795.199
2017-05-10 01:00:00,8935.0,9281.0,9013.185,9139.555
2017-05-10 02:00:00,8459.0,8843.0,8560.231,8688.879
2017-05-10 03:00:00,8193.0,8632.0,8298.402,8429.675
2017-05-10 04:00:00,8060.0,8497.0,8147.039,8210.239
2017-05-10 05:00:00,8029.0,8488.0,8147.0635,8206.253
2017-05-10 06:00:00,8258.0,8761.0,8338.238,8418.922
2017-05-10 07:00:00,8836.0,9456.0,8976.059,9023.171
2017-05-10 08:00:00,9617.0,10241.0,9886.016,9838.07
2017-05-10 09:00:00,10289.0,10758.0,10576.932,10493.622
2017-05-10 10:00:00,10488.0,10902.0,10789.497,10741.42
2017-05-10 11:00:00,10653.0,10903.0,10920.914,10865.783
2017-05-10 12:00:00,10856.0,10900.0,11074.042,11060.261
2017-05-10 13:00:00,10972.0,10886.0,10925.292,11022.792
2017-05-10 14:00:00,10980.0,10795.0,10922.162,11008.462
2017-05-10 15:00:00,11025.0,10777.0,10933.756,11021.747
2017-05-10 16:00:00,10832.0,10593.0,10888.593,10816.668
2017-05-10 17:00:00,10711.0,10428.0,10579.301,10744.0205
2017-05-10 18:00:00,10644.0,10360.0,10367.094,10792.891
2017-05-10 19:00:00,10648.0,10265.0,10312.987,10649.493
2017-05-10 20:00:00,10614.0,10178.0,10251.339,10431.056
2017-05-10 21:00:00,10817.0,10388.0,10417.87,10650.591
2017-05-10 22:00:00,10863.0,10693.0,10617.975,10680.157
2017-05-10 23:00:00,10346.0,10351.0,10279.231,10321.059
2017-05-11 00:00:00,9587.0,9673.0,9584.534,9715.683
2017-05-11 01:00:00,8898.0,9020.0,8980.2,9039.726
2017-05-11 02:00:00,8501.0,8613.0,8511.604,8603.84
2017-05-11 03:00:00,8240.0,8344.0,8195.5625,8282.146
2017-05-11 04:00:00,8086.0,8219.0,8086.369,8112.0767
2017-05-11 05:00:00,8070.0,8183.0,8084.922,8108.09
2017-05-11 06:00:00,8273.0,8401.0,8203.738,8196.547
2017-05-11 07:00:00,8880.0,9053.0,8739.46,8797.715
2017-05-11 08:00:00,9670.0,9960.0,9519.764,9578.909
2017-05-11 09:00:00,10352.0,10624.0,10207.686,10183.709
2017-05-11 10:00:00,10630.0,10873.0,10439.543,10500.171
2017-05-11 11:00:00,10751.0,11007.0,10671.462,10672.254
2017-05-11 12:00:00,10848.0,11098.0,10821.594,11100.011
2017-05-11 13:00:00,10870.0,11033.0,10866.6455,11167.021
2017-05-11 14:00:00,10854.0,10992.0,10920.609,11168.521
2017-05-11 15:00:00,10878.0,10959.0,10920.609,11168.521
2017-05-11 16:00:00,10797.0,10796.0,10826.104,11029.238
2017-05-11 17:00:00,10729.0,10648.0,10845.949,10936.036
2017-05-11 18:00:00,10679.0,10555.0,10585.218,10787.2
2017-05-11 19:00:00,10557.0,10475.0,10580.574,10809.0
2017-05-11 20:00:00,10304.0,10272.0,10414.827,10615.079
2017-05-11 21:00:00,10214.0,10238.0,10473.392,10716.669
2017-05-11 22:00:00,10562.0,10663.0,10638.331,10744.542
2017-05-11 23:00:00,10280.0,10392.0,10310.255,10433.156
2017-05-12 00:00:00,9545.0,9703.0,9542.488,9688.279
2017-05-12 01:00:00,8861.0,9067.0,8939.458,9001.924
2017-05-12 02:00:00,8399.0,8680.0,8536.839,8586.413
2017-05-12 03:00:00,8103.0,8434.0,8170.752,8273.364
2017-05-12 04:00:00,7945.0,8318.0,8050.793,8107.6997
2017-05-12 05:00:00,7864.0,8305.0,8055.502,8090.7505
2017-05-12 06:00:00,8092.0,8540.0,8202.298,8236.3955
2017-05-12 07:00:00,8603.0,9162.0,8715.959,8794.451
2017-05-12 08:00:00,9379.0,9942.0,9421.621,9498.912
2017-05-12 09:00:00,10056.0,10593.0,10058.056,9981.666
2017-05-12 10:00:00,10425.0,10807.0,10274.725,10372.822
2017-05-12 11:00:00,10593.0,10854.0,10503.42,10524.613
2017-05-12 12:00:00,10801.0,10904.0,10788.414,10753.263
2017-05-12 13:00:00,10938.0,10881.0,10691.534,10853.674
2017-05-12 14:00:00,10967.0,10799.0,10674.183,10782.609
2017-05-12 15:00:00,11039.0,10776.0,10524.345,10821.014
2017-05-12 16:00:00,10889.0,10609.0,10537.261,10704.749
2017-05-12 17:00:00,10762.0,10417.0,10374.994,10536.307
2017-05-12 18:00:00,10560.0,10246.0,10279.239,10564.919
2017-05-12 19:00:00,10354.0,10058.0,10341.555,10549.123
2017-05-12 20:00:00,10108.0,9887.0,10306.612,10251.821
2017-05-12 21:00:00,9984.0,9906.0,10395.759,10276.4795
2017-05-12 22:00:00,10243.0,10271.0,10289.75,10391.691
2017-05-12 23:00:00,10038.0,10067.0,10359.232,10191.539
2017-05-13 00:00:00,9459.0,9565.0,9495.473,9620.071
2017-05-13 01:00:00,8851.0,8954.0,8835.625,8969.465
2017-05-13 02:00:00,8303.0,8416.0,8330.674,8480.438
2017-05-13 03:00:00,8033.0,8222.0,8104.118,8208.232
2017-05-13 04:00:00,7802.0,8077.0,7926.9995,7970.426
2017-05-13 05:00:00,7691.0,7997.0,7874.135,7933.1113
2017-05-13 06:00:00,7719.0,8061.0,7986.272,7962.3906
2017-05-13 07:00:00,7834.0,8196.0,7859.5967,8022.837
2017-05-13 08:00:00,8018.0,8399.0,8100.6826,8299.458
2017-05-13 09:00:00,8481.0,8752.0,8547.021,8537.506
2017-05-13 10:00:00,8941.0,9047.0,9149.496,8873.729
2017-05-13 11:00:00,9277.0,9202.0,9629.138,9049.671
2017-05-13 12:00:00,9511.0,9289.0,10171.476,9405.625
2017-05-13 13:00:00,9602.0,9308.0,10626.495,9444.762
2017-05-13 14:00:00,9613.0,9195.0,11254.459,9474.951
2017-05-13 15:00:00,9558.0,9048.0,11798.924,9406.979
2017-05-13 16:00:00,9580.0,8895.0,10890.93,9284.676
2017-05-13 17:00:00,9627.0,8805.0,11446.158,9226.738
2017-05-13 18:00:00,9764.0,8753.0,11362.727,9438.764
2017-05-13 19:00:00,9827.0,8709.0,10758.415,9587.606
2017-05-13 20:00:00,9795.0,8715.0,10489.788,9510.97
2017-05-13 21:00:00,9740.0,8762.0,9501.859,9611.48
2017-05-13 22:00:00,9963.0,9193.0,9426.97,9711.084
2017-05-13 23:00:00,9813.0,9099.0,9365.352,9640.531
2017-05-14 00:00:00,9265.0,8739.0,8803.18,8993.335
2017-05-14 01:00:00,8674.0,8314.0,8301.458,8398.599
2017-05-14 02:00:00,8135.0,7998.0,7922.7563,8021.1064
2017-05-14 03:00:00,7797.0,7793.0,7765.3687,7824.1504
2017-05-14 04:00:00,7509.0,7663.0,7599.7246,7591.7573
2017-05-14 05:00:00,7422.0,7606.0,7550.152,7557.647
2017-05-14 06:00:00,7313.0,7664.0,7538.714,7587.1357
2017-05-14 07:00:00,7308.0,7730.0,7491.556,7568.9536
2017-05-14 08:00:00,7289.0,7745.0,7470.279,7554.3027
2017-05-14 09:00:00,7640.0,7914.0,7740.369,7671.3267
2017-05-14 10:00:00,8129.0,8150.0,8077.6025,8026.352
2017-05-14 11:00:00,8509.0,8331.0,8435.9795,8374.699
2017-05-14 12:00:00,8829.0,8442.0,8766.184,8825.429
2017-05-14 13:00:00,9053.0,8459.0,8843.489,9081.381
2017-05-14 14:00:00,9173.0,8472.0,8974.052,9144.46
2017-05-14 15:00:00,9166.0,8436.0,8917.717,9133.887
2017-05-14 16:00:00,9137.0,8381.0,8865.823,9159.723
2017-05-14 17:00:00,9049.0,8349.0,8997.421,9245.122
2017-05-14 18:00:00,8983.0,8396.0,9177.674,9398.174
2017-05-14 19:00:00,8893.0,8495.0,9251.321,9602.616
2017-05-14 20:00:00,8827.0,8556.0,9435.055,9479.301
2017-05-14 21:00:00,8742.0,8744.0,9367.2705,9460.173
2017-05-14 22:00:00,9179.0,9311.0,9596.727,9772.485
2017-05-14 23:00:00,9069.0,9228.0,9574.159,9682.195
2017-05-15 00:00:00,8614.0,8817.0,8878.008,9076.785
2017-05-15 01:00:00,8120.0,8353.0,8320.023,8468.18
2017-05-15 02:00:00,7760.0,8094.0,8014.4473,7993.4263
2017-05-15 03:00:00,7567.0,7944.0,7806.3564,7838.0146
2017-05-15 04:00:00,7468.0,7888.0,7731.5303,7745.3853
2017-05-15 05:00:00,7468.0,7954.0,7728.3955,7741.3984
2017-05-15 06:00:00,7712.0,8272.0,7895.9766,7900.527
2017-05-15 07:00:00,8254.0,8947.0,8666.123,8644.524
2017-05-15 08:00:00,9074.0,9777.0,9521.681,9627.98
2017-05-15 09:00:00,9967.0,10396.0,10326.6045,10293.34
2017-05-15 10:00:00,10441.0,10610.0,11038.621,10575.778
2017-05-15 11:00:00,10836.0,10735.0,11430.507,10923.319
2017-05-15 12:00:00,11201.0,10806.0,11514.135,11097.638
2017-05-15 13:00:00,11446.0,10791.0,11570.895,11134.766
2017-05-15 14:00:00,11684.0,10719.0,11946.478,11282.389
2017-05-15 15:00:00,11926.0,10743.0,12248.245,11326.873
2017-05-15 16:00:00,12059.0,10625.0,12236.13,11269.13
2017-05-15 17:00:00,12091.0,10492.0,12332.88,11215.202
2017-05-15 18:00:00,12089.0,10346.0,12373.293,11195.91
2017-05-15 19:00:00,12030.0,10284.0,12282.442,10835.7
2017-05-15 20:00:00,11801.0,10123.0,12094.736,10432.182
2017-05-15 21:00:00,11761.0,10307.0,11851.646,10463.155
2017-05-15 22:00:00,12054.0,10693.0,12272.047,11079.67
2017-05-15 23:00:00,11605.0,10308.0,12296.128,10398.627
2017-05-16 00:00:00,10726.0,9655.0,10952.537,9626.012
2017-05-16 01:00:00,9889.0,9024.0,10128.926,9027.084
2017-05-16 02:00:00,9308.0,8620.0,9515.866,8590.849
2017-05-16 03:00:00,8854.0,8414.0,9145.861,8411.828
2017-05-16 04:00:00,8624.0,8245.0,8938.271,8245.738
2017-05-16 05:00:00,8485.0,8285.0,8900.548,8277.81
2017-05-16 06:00:00,8663.0,8515.0,9000.701,8436.879
2017-05-16 07:00:00,9141.0,9198.0,9475.204,8990.027
2017-05-16 08:00:00,10104.0,10110.0,10799.529,10090.435
2017-05-16 09:00:00,11120.0,10725.0,11947.756,10925.313
2017-05-16 10:00:00,11827.0,11019.0,12984.279,11289.867
2017-05-16 11:00:00,12407.0,11132.0,13710.239,12066.959
2017-05-16 12:00:00,12997.0,11180.0,14168.205,12495.885
2017-05-16 13:00:00,13492.0,11113.0,14487.257,12530.771
2017-05-16 14:00:00,13984.0,10928.0,15000.599,12682.794
2017-05-16 15:00:00,14422.0,10874.0,15489.793,12869.412
2017-05-16 16:00:00,14650.0,10718.0,15963.459,13024.612
2017-05-16 17:00:00,14750.0,10525.0,16243.082,13036.002
2017-05-16 18:00:00,14862.0,10457.0,16147.736,13259.306
2017-05-16 19:00:00,14753.0,10358.0,15456.85,13207.823
2017-05-16 20:00:00,14332.0,10184.0,14983.052,13470.0205
2017-05-16 21:00:00,13941.0,10320.0,14631.691,13542.9
2017-05-16 22:00:00,13970.0,10648.0,14583.239,13701.53
2017-05-16 23:00:00,13564.0,10261.0,14640.291,13362.433
2017-05-17 00:00:00,12568.0,9577.0,13462.614,12056.298
2017-05-17 01:00:00,11516.0,8935.0,12380.487,10919.667
2017-05-17 02:00:00,10721.0,8459.0,11141.758,10314.459
2017-05-17 03:00:00,10190.0,8193.0,10461.163,9859.693
2017-05-17 04:00:00,9781.0,8060.0,10158.703,9375.53
2017-05-17 05:00:00,9580.0,8029.0,10002.213,9262.595
2017-05-17 06:00:00,9646.0,8258.0,9886.343,9561.913
2017-05-17 07:00:00,10104.0,8836.0,10596.509,9687.724
2017-05-17 08:00:00,11056.0,9617.0,11798.638,10397.303
2017-05-17 09:00:00,12147.0,10289.0,13230.621,11519.76
2017-05-17 10:00:00,13045.0,10488.0,13866.477,12379.745
2017-05-17 11:00:00,13647.0,10653.0,14620.19,12959.016
2017-05-17 12:00:00,14193.0,10856.0,15577.357,13851.551
2017-05-17 13:00:00,14535.0,10972.0,16066.665,14324.207
2017-05-17 14:00:00,14623.0,10980.0,16392.334,14457.613
2017-05-17 15:00:00,14886.0,11025.0,17073.602,14646.401
2017-05-17 16:00:00,14981.0,10832.0,17069.771,14810.287
2017-05-17 17:00:00,14983.0,10711.0,17204.924,15049.728
2017-05-17 18:00:00,15057.0,10644.0,17049.22,15062.536
2017-05-17 19:00:00,14722.0,10648.0,15879.8,15001.684
2017-05-17 20:00:00,14196.0,10614.0,15733.257,14746.759
2017-05-17 21:00:00,13788.0,10817.0,14959.953,14391.823
2017-05-17 22:00:00,13812.0,10863.0,15061.18,14064.202
2017-05-17 23:00:00,13386.0,10346.0,14511.401,13758.518
2017-05-18 00:00:00,12381.0,9587.0,12726.205,12174.787
2017-05-18 01:00:00,11320.0,8898.0,12219.717,11239.902
2017-05-18 02:00:00,10274.0,8501.0,11097.944,10453.198
2017-05-18 03:00:00,9664.0,8240.0,10385.497,9845.179
2017-05-18 04:00:00,9347.0,8086.0,10056.837,9438.208
2017-05-18 05:00:00,9269.0,8070.0,10117.99,9318.788
2017-05-18 06:00:00,9432.0,8273.0,10296.371,9401.792
2017-05-18 07:00:00,9921.0,8880.0,10397.94,9949.672
2017-05-18 08:00:00,10968.0,9670.0,11643.156,10659.687
2017-05-18 09:00:00,12122.0,10352.0,12767.521,11797.657
2017-05-18 10:00:00,12718.0,10630.0,13305.873,12326.83
2017-05-18 11:00:00,13016.0,10751.0,13572.047,12905.881
2017-05-18 12:00:00,13311.0,10848.0,14431.048,13402.761
2017-05-18 13:00:00,13457.0,10870.0,14731.545,13598.707
2017-05-18 14:00:00,13608.0,10854.0,15298.133,13860.054
2017-05-18 15:00:00,13857.0,10878.0,15495.254,13917.845
2017-05-18 16:00:00,13993.0,10797.0,15598.57,14287.572
2017-05-18 17:00:00,14162.0,10729.0,15696.985,14443.819
2017-05-18 18:00:00,14260.0,10679.0,15496.698,14479.177
2017-05-18 19:00:00,14082.0,10557.0,14843.606,14003.992
2017-05-18 20:00:00,13423.0,10304.0,12303.73,13698.82
2017-05-18 21:00:00,12564.0,10214.0,12241.219,13659.528
2017-05-18 22:00:00,11963.0,10562.0,12019.0,13159.172
2017-05-18 23:00:00,11189.0,10280.0,11683.549,12783.6
2017-05-19 00:00:00,10157.0,9545.0,10747.664,11367.805
2017-05-19 01:00:00,9238.0,8861.0,10045.4375,10317.0625
2017-05-19 02:00:00,8659.0,8399.0,9453.835,9516.796
2017-05-19 03:00:00,8293.0,8103.0,9084.568,9258.484
2017-05-19 04:00:00,8048.0,7945.0,8913.366,8984.552
2017-05-19 05:00:00,7961.0,7864.0,8838.662,8928.288
2017-05-19 06:00:00,8133.0,8092.0,8956.91,8987.799
2017-05-19 07:00:00,8629.0,8603.0,9340.489,9476.841
2017-05-19 08:00:00,9433.0,9379.0,10205.336,10237.638
2017-05-19 09:00:00,10225.0,10056.0,11126.197,11102.656
2017-05-19 10:00:00,10646.0,10425.0,11175.9795,11485.025
2017-05-19 11:00:00,10917.0,10593.0,11468.22,11565.542
2017-05-19 12:00:00,10963.0,10801.0,11452.727,11841.9795
2017-05-19 13:00:00,10923.0,10938.0,11559.3125,11836.725
2017-05-19 14:00:00,10869.0,10967.0,11407.244,11709.216
2017-05-19 15:00:00,10909.0,11039.0,11013.818,11429.015
2017-05-19 16:00:00,10807.0,10889.0,10602.267,10971.024
2017-05-19 17:00:00,10685.0,10762.0,10480.695,10407.917
2017-05-19 18:00:00,10536.0,10560.0,10022.212,9958.935
2017-05-19 19:00:00,10465.0,10354.0,9900.494,9888.491
2017-05-19 20:00:00,10284.0,10108.0,10121.287,9882.022
2017-05-19 21:00:00,10237.0,9984.0,10387.629,9994.788
2017-05-19 22:00:00,10482.0,10243.0,10645.819,10820.2705
2017-05-19 23:00:00,10279.0,10038.0,10537.911,10460.912
2017-05-20 00:00:00,9642.0,9459.0,9631.454,9781.488
2017-05-20 01:00:00,9000.0,8851.0,8917.658,9101.72
2017-05-20 02:00:00,8505.0,8303.0,8396.855,8571.343
2017-05-20 03:00:00,8204.0,8033.0,8125.7524,8252.48
2017-05-20 04:00:00,8010.0,7802.0,7917.9243,7994.5063
2017-05-20 05:00:00,7942.0,7691.0,7875.069,7940.099
2017-05-20 06:00:00,7970.0,7719.0,7874.976,7966.174
2017-05-20 07:00:00,8143.0,7834.0,7877.6055,8011.7275
2017-05-20 08:00:00,8331.0,8018.0,8104.9277,8319.078
2017-05-20 09:00:00,8745.0,8481.0,8459.567,8551.364
2017-05-20 10:00:00,9254.0,8941.0,8867.396,8856.228
2017-05-20 11:00:00,9614.0,9277.0,9218.181,9177.012
2017-05-20 12:00:00,9993.0,9511.0,9416.196,9580.457
2017-05-20 13:00:00,9917.0,9602.0,9544.272,9679.514
2017-05-20 14:00:00,9765.0,9613.0,9622.793,9701.56
2017-05-20 15:00:00,9544.0,9558.0,9789.088,9595.541
2017-05-20 16:00:00,9434.0,9580.0,10105.95,9510.946
2017-05-20 17:00:00,9342.0,9627.0,10607.805,9531.251
2017-05-20 18:00:00,9284.0,9764.0,10335.546,9647.973
2017-05-20 19:00:00,9260.0,9827.0,9725.581,9627.122
2017-05-20 20:00:00,9203.0,9795.0,9919.616,9677.052
2017-05-20 21:00:00,9242.0,9740.0,10000.565,9846.534
2017-05-20 22:00:00,9565.0,9963.0,10069.627,9842.893
2017-05-20 23:00:00,9517.0,9813.0,9946.23,9779.22
2017-05-21 00:00:00,9092.0,9265.0,9490.85,9133.247
2017-05-21 01:00:00,8566.0,8674.0,8871.924,8585.066
2017-05-21 02:00:00,8180.0,8135.0,8400.957,8099.2812
2017-05-21 03:00:00,7869.0,7797.0,8056.5547,7858.066
2017-05-21 04:00:00,7736.0,7509.0,7848.746,7629.477
2017-05-21 05:00:00,7654.0,7422.0,7790.152,7574.7285
2017-05-21 06:00:00,7641.0,7313.0,7674.679,7614.44
2017-05-21 07:00:00,7623.0,7308.0,7631.6484,7598.541
2017-05-21 08:00:00,7548.0,7289.0,7594.0557,7590.843
2017-05-21 09:00:00,7805.0,7640.0,7857.335,7797.1772
2017-05-21 10:00:00,8214.0,8129.0,8342.827,8207.339
2017-05-21 11:00:00,8543.0,8509.0,8777.492,8593.175
2017-05-21 12:00:00,8748.0,8829.0,9134.34,8960.233
2017-05-21 13:00:00,8801.0,9053.0,9244.632,9153.194
2017-05-21 14:00:00,8890.0,9173.0,9304.837,9179.35
2017-05-21 15:00:00,8854.0,9166.0,9172.732,9015.756
2017-05-21 16:00:00,8808.0,9137.0,9172.82,9005.868
2017-05-21 17:00:00,8781.0,9049.0,8924.658,8966.677
2017-05-21 18:00:00,8830.0,8983.0,8877.619,8970.39
2017-05-21 19:00:00,8930.0,8893.0,8892.24,9076.832
2017-05-21 20:00:00,9006.0,8827.0,9058.61,9117.617
2017-05-21 21:00:00,9042.0,8742.0,9136.177,9234.318
2017-05-21 22:00:00,9346.0,9179.0,9317.679,9446.24
2017-05-21 23:00:00,9179.0,9069.0,9270.656,9430.35
2017-05-22 00:00:00,8754.0,8614.0,8797.929,8966.104
2017-05-22 01:00:00,8291.0,8120.0,8242.954,8299.867
2017-05-22 02:00:00,7924.0,7760.0,8020.324,8008.2124
2017-05-22 03:00:00,7761.0,7567.0,7815.244,7858.6733
2017-05-22 04:00:00,7680.0,7468.0,7734.5884,7755.606
2017-05-22 05:00:00,7712.0,7468.0,7706.7075,7741.3984
2017-05-22 06:00:00,7947.0,7712.0,7916.3003,7900.174
2017-05-22 07:00:00,8471.0,8254.0,8414.901,8488.98
2017-05-22 08:00:00,9377.0,9074.0,9248.531,9455.383
2017-05-22 09:00:00,10123.0,9967.0,10024.733,10170.506
2017-05-22 10:00:00,10443.0,10441.0,10539.007,10506.561
2017-05-22 11:00:00,10679.0,10836.0,11183.815,10967.12
2017-05-22 12:00:00,10882.0,11201.0,11579.0205,11171.86
2017-05-22 13:00:00,11024.0,11446.0,11796.384,11330.614
2017-05-22 14:00:00,11099.0,11684.0,12040.943,11302.198
2017-05-22 15:00:00,11256.0,11926.0,12086.2705,11400.971
2017-05-22 16:00:00,11244.0,12059.0,12430.447,11448.008
2017-05-22 17:00:00,11208.0,12091.0,12290.411,11352.426
2017-05-22 18:00:00,11090.0,12089.0,11925.585,11274.926
2017-05-22 19:00:00,10926.0,12030.0,11604.132,11291.569
2017-05-22 20:00:00,10670.0,11801.0,11492.014,11110.28
2017-05-22 21:00:00,10623.0,11761.0,11344.062,11097.116
2017-05-22 22:00:00,10820.0,12054.0,11409.4,11115.746
2017-05-22 23:00:00,10449.0,11605.0,11076.385,10784.0625
2017-05-23 00:00:00,9707.0,10726.0,9978.976,10040.526
2017-05-23 01:00:00,8997.0,9889.0,9093.037,8916.407
2017-05-23 02:00:00,8517.0,9308.0,8659.859,8684.4
2017-05-23 03:00:00,8193.0,8854.0,8338.775,8448.745
2017-05-23 04:00:00,8020.0,8624.0,8168.048,8240.708
2017-05-23 05:00:00,7949.0,8485.0,8116.1357,8158.087
2017-05-23 06:00:00,8149.0,8663.0,8284.364,8307.873
2017-05-23 07:00:00,8651.0,9141.0,8842.859,8914.607
2017-05-23 08:00:00,9526.0,10104.0,10014.375,9958.84
2017-05-23 09:00:00,10325.0,11120.0,10694.248,10684.237
2017-05-23 10:00:00,10775.0,11827.0,10924.847,10947.955
2017-05-23 11:00:00,10976.0,12407.0,11188.552,11075.215
2017-05-23 12:00:00,11126.0,12997.0,11641.126,11409.822
2017-05-23 13:00:00,11182.0,13492.0,11731.921,11455.098
2017-05-23 14:00:00,11157.0,13984.0,11704.614,11521.279
2017-05-23 15:00:00,11171.0,14422.0,11751.911,11466.413
2017-05-23 16:00:00,11095.0,14650.0,11752.141,11443.88
2017-05-23 17:00:00,10983.0,14750.0,11656.808,11406.551
2017-05-23 18:00:00,10943.0,14862.0,11423.821,11413.884
2017-05-23 19:00:00,10833.0,14753.0,11069.108,11350.007
2017-05-23 20:00:00,10690.0,14332.0,10957.355,11059.253
2017-05-23 21:00:00,10655.0,13941.0,10968.656,10979.626
2017-05-23 22:00:00,10730.0,13970.0,10924.781,10922.881
2017-05-23 23:00:00,10371.0,13564.0,10747.356,10705.442
2017-05-24 00:00:00,9712.0,12568.0,9789.063,10073.907
2017-05-24 01:00:00,9013.0,11516.0,9079.904,9326.859
2017-05-24 02:00:00,8583.0,10721.0,8578.575,8741.872
2017-05-24 03:00:00,8276.0,10190.0,8296.838,8412.085
2017-05-24 04:00:00,8109.0,9781.0,8178.4307,8266.3955
2017-05-24 05:00:00,8050.0,9580.0,8191.3047,8272.578
2017-05-24 06:00:00,8244.0,9646.0,8266.262,8319.131
2017-05-24 07:00:00,8785.0,10104.0,8773.715,8747.015
2017-05-24 08:00:00,9608.0,11056.0,9549.462,9673.035
2017-05-24 09:00:00,10313.0,12147.0,10368.978,10422.535
2017-05-24 10:00:00,10675.0,13045.0,10769.428,10756.689
2017-05-24 11:00:00,10863.0,13647.0,11032.941,11009.76
2017-05-24 12:00:00,10987.0,14193.0,11128.481,11296.434
2017-05-24 13:00:00,10994.0,14535.0,11161.372,11358.321
2017-05-24 14:00:00,10952.0,14623.0,11122.798,11452.855
2017-05-24 15:00:00,11002.0,14886.0,11161.232,11433.402
2017-05-24 16:00:00,10874.0,14981.0,11021.73,11432.875
2017-05-24 17:00:00,10766.0,14983.0,10945.401,11360.402
2017-05-24 18:00:00,10667.0,15057.0,10892.703,11341.118
2017-05-24 19:00:00,10542.0,14722.0,10822.989,11173.181
2017-05-24 20:00:00,10389.0,14196.0,10739.74,10840.802
2017-05-24 21:00:00,10405.0,13788.0,10711.275,10769.386
2017-05-24 22:00:00,10632.0,13812.0,10739.035,10715.809
2017-05-24 23:00:00,10363.0,13386.0,10452.586,10432.324
2017-05-25 00:00:00,9660.0,12381.0,9727.254,9969.5205
2017-05-25 01:00:00,8998.0,11320.0,8967.317,9219.575
2017-05-25 02:00:00,8553.0,10274.0,8526.042,8618.426
2017-05-25 03:00:00,8243.0,9664.0,8224.874,8335.405
2017-05-25 04:00:00,8062.0,9347.0,8181.6104,8247.255
2017-05-25 05:00:00,7984.0,9269.0,8170.0913,8241.778
2017-05-25 06:00:00,8188.0,9432.0,8267.057,8308.575
2017-05-25 07:00:00,8695.0,9921.0,8791.325,8852.547
2017-05-25 08:00:00,9535.0,10968.0,9445.088,9617.106
2017-05-25 09:00:00,10317.0,12122.0,10220.734,10281.646
2017-05-25 10:00:00,10744.0,12718.0,10564.914,10583.957
2017-05-25 11:00:00,10909.0,13016.0,10953.453,10826.238
2017-05-25 12:00:00,11014.0,13311.0,11025.106,11135.459
2017-05-25 13:00:00,11096.0,13457.0,11132.135,11229.686
2017-05-25 14:00:00,11139.0,13608.0,11170.086,11282.627
2017-05-25 15:00:00,11189.0,13857.0,11304.447,11309.422
2017-05-25 16:00:00,11143.0,13993.0,11117.981,11270.239
2017-05-25 17:00:00,11061.0,14162.0,10978.717,11083.541
2017-05-25 18:00:00,10916.0,14260.0,10743.624,11026.706
2017-05-25 19:00:00,10745.0,14082.0,10826.937,10999.809
2017-05-25 20:00:00,10461.0,13423.0,10588.406,10635.861
2017-05-25 21:00:00,10333.0,12564.0,10562.703,10673.412
2017-05-25 22:00:00,10583.0,11963.0,10666.683,10683.269
2017-05-25 23:00:00,10414.0,11189.0,10309.672,10300.64
2017-05-26 00:00:00,9751.0,10157.0,9677.02,9790.168
2017-05-26 01:00:00,9012.0,9238.0,8989.538,9105.028
2017-05-26 02:00:00,8533.0,8659.0,8538.752,8582.095
2017-05-26 03:00:00,8192.0,8293.0,8164.287,8276.537
2017-05-26 04:00:00,7987.0,8048.0,8050.1406,8086.8477
2017-05-26 05:00:00,7888.0,7961.0,8040.721,8082.861
2017-05-26 06:00:00,8048.0,8133.0,8110.1006,8161.58
2017-05-26 07:00:00,8462.0,8629.0,8603.696,8627.865
2017-05-26 08:00:00,9247.0,9433.0,9435.595,9266.451
2017-05-26 09:00:00,10071.0,10225.0,10192.286,9978.01
2017-05-26 10:00:00,10589.0,10646.0,10705.774,10485.6875
2017-05-26 11:00:00,10904.0,10917.0,10991.347,10675.115
2017-05-26 12:00:00,11107.0,10963.0,11334.026,10974.1455
2017-05-26 13:00:00,11151.0,10923.0,11345.237,11044.292
2017-05-26 14:00:00,11125.0,10869.0,11331.723,11057.829
2017-05-26 15:00:00,11118.0,10909.0,11389.398,11022.71
2017-05-26 16:00:00,11089.0,10807.0,11169.35,11009.239
2017-05-26 17:00:00,10912.0,10685.0,11125.355,10950.909
2017-05-26 18:00:00,10762.0,10536.0,10805.524,10836.367
2017-05-26 19:00:00,10542.0,10465.0,10536.015,10774.747
2017-05-26 20:00:00,10354.0,10284.0,10264.47,10492.441
2017-05-26 21:00:00,10257.0,10237.0,10302.705,10430.547
2017-05-26 22:00:00,10259.0,10482.0,10470.084,10490.795
2017-05-26 23:00:00,10026.0,10279.0,10317.632,10396.537
2017-05-27 00:00:00,9362.0,9642.0,9693.089,9777.035
2017-05-27 01:00:00,8789.0,9000.0,8921.526,9039.878
2017-05-27 02:00:00,8289.0,8505.0,8421.199,8516.687
2017-05-27 03:00:00,7986.0,8204.0,8114.1665,8240.464
2017-05-27 04:00:00,7730.0,8010.0,7912.942,7994.5063
2017-05-27 05:00:00,7637.0,7942.0,7860.077,7936.8945
2017-05-27 06:00:00,7653.0,7970.0,7864.7896,7953.2114
2017-05-27 07:00:00,7669.0,8143.0,7857.5435,7977.188
2017-05-27 08:00:00,7789.0,8331.0,8113.9136,8261.436
2017-05-27 09:00:00,8208.0,8745.0,8589.537,8563.795
2017-05-27 10:00:00,8740.0,9254.0,9124.366,8953.263
2017-05-27 11:00:00,9156.0,9614.0,9445.57,9122.96
2017-05-27 12:00:00,9466.0,9993.0,9743.139,9619.891
2017-05-27 13:00:00,9611.0,9917.0,9714.657,9612.765
2017-05-27 14:00:00,9726.0,9765.0,9799.252,9611.431
2017-05-27 15:00:00,9825.0,9544.0,10088.174,9451.704
2017-05-27 16:00:00,9907.0,9434.0,10234.834,9375.985
2017-05-27 17:00:00,10024.0,9342.0,10352.3545,9297.453
2017-05-27 18:00:00,10124.0,9284.0,10139.656,9346.878
2017-05-27 19:00:00,10153.0,9260.0,9829.083,9505.347
2017-05-27 20:00:00,10025.0,9203.0,9438.371,9469.96
2017-05-27 21:00:00,9786.0,9242.0,9502.832,9723.412
2017-05-27 22:00:00,9905.0,9565.0,9583.203,9757.427
2017-05-27 23:00:00,9692.0,9517.0,9602.677,9665.408
2017-05-28 00:00:00,9161.0,9092.0,8969.703,8987.677
2017-05-28 01:00:00,8696.0,8566.0,8453.946,8430.799
2017-05-28 02:00:00,8220.0,8180.0,7972.943,8005.754
2017-05-28 03:00:00,7886.0,7869.0,7828.9346,7824.1504
2017-05-28 04:00:00,7650.0,7736.0,7674.2427,7625.6157
2017-05-28 05:00:00,7515.0,7654.0,7571.116,7585.235
2017-05-28 06:00:00,7425.0,7641.0,7600.493,7616.3267
2017-05-28 07:00:00,7318.0,7623.0,7713.9565,7588.737
2017-05-28 08:00:00,7331.0,7548.0,7832.594,7526.9985
2017-05-28 09:00:00,7714.0,7805.0,7877.471,7605.968
2017-05-28 10:00:00,8243.0,8214.0,8125.885,8015.55
2017-05-28 11:00:00,8697.0,8543.0,8692.502,8489.33
2017-05-28 12:00:00,9081.0,8748.0,9139.766,8968.663
2017-05-28 13:00:00,9320.0,8801.0,9275.102,9028.725
2017-05-28 14:00:00,9474.0,8890.0,9277.5,9139.765
2017-05-28 15:00:00,9540.0,8854.0,9508.944,9213.854
2017-05-28 16:00:00,9644.0,8808.0,9743.046,9242.115
2017-05-28 17:00:00,9719.0,8781.0,10015.217,9372.223
2017-05-28 18:00:00,9886.0,8830.0,10388.968,9598.094
2017-05-28 19:00:00,9937.0,8930.0,10705.03,9715.608
2017-05-28 20:00:00,9748.0,9006.0,10323.331,9697.636
2017-05-28 21:00:00,9601.0,9042.0,10427.927,9783.534
2017-05-28 22:00:00,9663.0,9346.0,10450.005,9867.334
2017-05-28 23:00:00,9632.0,9179.0,10046.639,9726.622
2017-05-29 00:00:00,9127.0,8754.0,9263.752,9340.441
2017-05-29 01:00:00,8575.0,8291.0,8363.047,8595.131
2017-05-29 02:00:00,8094.0,7924.0,8007.0747,8124.894
2017-05-29 03:00:00,7776.0,7761.0,7744.266,7900.497
2017-05-29 04:00:00,7587.0,7680.0,7602.2603,7727.9185
2017-05-29 05:00:00,7480.0,7712.0,7548.7344,7722.0254
2017-05-29 06:00:00,7463.0,7947.0,7644.402,7861.31
2017-05-29 07:00:00,7442.0,8471.0,7898.541,8039.174
2017-05-29 08:00:00,7543.0,9377.0,8588.384,8732.569
2017-05-29 09:00:00,7950.0,10123.0,8734.223,9115.338
2017-05-29 10:00:00,8448.0,10443.0,9010.344,9618.846
2017-05-29 11:00:00,8954.0,10679.0,9583.707,10225.917
2017-05-29 12:00:00,9319.0,10882.0,10309.438,10798.751
2017-05-29 13:00:00,9593.0,11024.0,10779.808,10956.296
2017-05-29 14:00:00,9732.0,11099.0,11020.194,11010.338
2017-05-29 15:00:00,9804.0,11256.0,11438.73,11055.01
2017-05-29 16:00:00,9793.0,11244.0,11681.916,11045.58
2017-05-29 17:00:00,9856.0,11208.0,11409.004,11058.99
2017-05-29 18:00:00,9913.0,11090.0,10909.35,11000.618
2017-05-29 19:00:00,9905.0,10926.0,10823.301,10812.498
2017-05-29 20:00:00,9761.0,10670.0,10915.864,10670.321
2017-05-29 21:00:00,9571.0,10623.0,10709.835,10669.204
2017-05-29 22:00:00,9711.0,10820.0,10589.587,10720.719
2017-05-29 23:00:00,9657.0,10449.0,10297.623,10531.035
2017-05-30 00:00:00,9026.0,9707.0,9246.919,9079.046
2017-05-30 01:00:00,8417.0,8997.0,8607.716,8439.699
2017-05-30 02:00:00,7973.0,8517.0,8182.09,8119.316
2017-05-30 03:00:00,7679.0,8193.0,7920.6216,7877.426
2017-05-30 04:00:00,7513.0,8020.0,7824.6245,7749.522
2017-05-30 05:00:00,7469.0,7949.0,7798.6636,7741.945
2017-05-30 06:00:00,7646.0,8149.0,7890.792,7844.911
2017-05-30 07:00:00,8141.0,8651.0,8413.173,8401.84
2017-05-30 08:00:00,9095.0,9526.0,9205.068,9219.693
2017-05-30 09:00:00,10050.0,10325.0,10066.175,10044.603
2017-05-30 10:00:00,10691.0,10775.0,10763.667,10599.959
2017-05-30 11:00:00,11116.0,10976.0,11302.517,10912.323
2017-05-30 12:00:00,11450.0,11126.0,11577.276,11074.403
2017-05-30 13:00:00,11642.0,11182.0,11563.754,11102.16
2017-05-30 14:00:00,11718.0,11157.0,11705.728,11242.484
2017-05-30 15:00:00,11678.0,11171.0,11764.862,11239.634
2017-05-30 16:00:00,11642.0,11095.0,11730.439,11196.68
2017-05-30 17:00:00,11630.0,10983.0,11820.176,11106.949
2017-05-30 18:00:00,11541.0,10943.0,11800.369,11039.762
2017-05-30 19:00:00,11389.0,10833.0,11735.38,10980.413
2017-05-30 20:00:00,11038.0,10690.0,11249.097,10728.524
2017-05-30 21:00:00,10826.0,10655.0,11044.743,10642.913
2017-05-30 22:00:00,10932.0,10730.0,10905.406,10853.006
2017-05-30 23:00:00,10718.0,10371.0,10663.517,10641.981
2017-05-31 00:00:00,9991.0,9712.0,9637.671,9443.495
2017-05-31 01:00:00,9224.0,9013.0,8910.513,8934.203
2017-05-31 02:00:00,8676.0,8583.0,8473.2,8520.054
2017-05-31 03:00:00,8315.0,8276.0,8174.603,8261.643
2017-05-31 04:00:00,8068.0,8109.0,8064.27,8132.708
2017-05-31 05:00:00,7979.0,8050.0,8069.537,8125.131
2017-05-31 06:00:00,8117.0,8244.0,8142.8223,8198.423
2017-05-31 07:00:00,8500.0,8785.0,8638.397,8796.912
2017-05-31 08:00:00,9342.0,9608.0,9385.32,9261.548
2017-05-31 09:00:00,10172.0,10313.0,10264.099,10176.049
2017-05-31 10:00:00,10728.0,10675.0,11059.196,10856.546
2017-05-31 11:00:00,11065.0,10863.0,11679.721,11122.693
2017-05-31 12:00:00,11344.0,10987.0,12035.997,11409.289
2017-05-31 13:00:00,11485.0,10994.0,12175.981,11473.384
2017-05-31 14:00:00,11587.0,10952.0,12263.967,11504.543
2017-05-31 15:00:00,11726.0,11002.0,12415.811,11527.359
2017-05-31 16:00:00,11758.0,10874.0,12407.257,11540.462
2017-05-31 17:00:00,11790.0,10766.0,12410.699,11487.737
2017-05-31 18:00:00,11792.0,10667.0,12413.263,11452.478
2017-05-31 19:00:00,11674.0,10542.0,12380.038,11372.975
2017-05-31 20:00:00,11396.0,10389.0,12068.313,11181.647
2017-05-31 21:00:00,11141.0,10405.0,11412.45,11151.539
2017-05-31 22:00:00,11129.0,10632.0,11054.345,11129.255
2017-05-31 23:00:00,10916.0,10363.0,10878.126,10987.754
2017-06-01 00:00:00,10125.0,9660.0,9948.078,10191.29
2017-06-01 01:00:00,9307.0,8998.0,9151.237,9293.909
2017-06-01 02:00:00,8736.0,8553.0,8670.31,8661.725
2017-06-01 03:00:00,8374.0,8243.0,8270.242,8336.798
2017-06-01 04:00:00,8104.0,8062.0,8117.9727,8102.953
2017-06-01 05:00:00,8013.0,7984.0,8103.811,8098.9663
2017-06-01 06:00:00,8139.0,8188.0,8171.783,8168.4346
2017-06-01 07:00:00,8487.0,8695.0,8606.5,8610.108
2017-06-01 08:00:00,9369.0,9535.0,9329.394,9222.0
2017-06-01 09:00:00,10237.0,10317.0,10258.354,10199.672
2017-06-01 10:00:00,10847.0,10744.0,11289.079,10780.799
2017-06-01 11:00:00,11269.0,10909.0,11886.106,11198.989
2017-06-01 12:00:00,11682.0,11014.0,12020.897,11571.687
2017-06-01 13:00:00,11904.0,11096.0,12239.107,11818.352
2017-06-01 14:00:00,12033.0,11139.0,12335.885,11875.693
2017-06-01 15:00:00,12260.0,11189.0,12422.92,11912.096
2017-06-01 16:00:00,12385.0,11143.0,12349.79,11881.566
2017-06-01 17:00:00,12474.0,11061.0,12371.047,11870.77
2017-06-01 18:00:00,12555.0,10916.0,12589.322,11979.131
2017-06-01 19:00:00,12447.0,10745.0,12402.532,11812.617
2017-06-01 20:00:00,12076.0,10461.0,11550.557,11541.659
2017-06-01 21:00:00,11658.0,10333.0,11228.458,11451.478
2017-06-01 22:00:00,11537.0,10583.0,11163.248,11432.178
2017-06-01 23:00:00,11247.0,10414.0,10992.514,11384.9375
2017-06-02 00:00:00,10404.0,9751.0,10255.735,10380.806
2017-06-02 01:00:00,9505.0,9012.0,9276.894,9535.134
2017-06-02 02:00:00,8898.0,8533.0,8779.103,8879.702
2017-06-02 03:00:00,8479.0,8192.0,8368.455,8545.618
2017-06-02 04:00:00,8221.0,7987.0,8149.798,8280.046
2017-06-02 05:00:00,8103.0,7888.0,8130.9116,8266.533
2017-06-02 06:00:00,8204.0,8048.0,8181.7983,8319.439
2017-06-02 07:00:00,8570.0,8462.0,8715.004,8654.084
2017-06-02 08:00:00,9452.0,9247.0,9779.569,9327.831
2017-06-02 09:00:00,10422.0,10071.0,10745.489,10113.578
2017-06-02 10:00:00,11132.0,10589.0,12451.129,10896.423
2017-06-02 11:00:00,11726.0,10904.0,12517.911,11408.111
2017-06-02 12:00:00,12219.0,11107.0,13205.477,12043.555
2017-06-02 13:00:00,12626.0,11151.0,13563.231,12309.692
2017-06-02 14:00:00,12898.0,11125.0,13705.065,12310.3545
2017-06-02 15:00:00,13227.0,11118.0,13922.793,12276.968
2017-06-02 16:00:00,13490.0,11089.0,13953.702,12356.623
2017-06-02 17:00:00,13690.0,10912.0,13823.752,12582.851
2017-06-02 18:00:00,13843.0,10762.0,13893.739,12488.375
2017-06-02 19:00:00,13784.0,10542.0,13229.509,12543.23
2017-06-02 20:00:00,13433.0,10354.0,12738.923,12355.971
2017-06-02 21:00:00,12911.0,10257.0,12176.195,12123.036
2017-06-02 22:00:00,12486.0,10259.0,12203.66,12250.432
2017-06-02 23:00:00,12177.0,10026.0,12052.852,11920.769
2017-06-03 00:00:00,11316.0,9362.0,10713.849,10997.876
2017-06-03 01:00:00,10333.0,8789.0,9841.8125,9926.112
2017-06-03 02:00:00,9566.0,8289.0,9273.185,9313.815
2017-06-03 03:00:00,9018.0,7986.0,8726.098,8946.836
2017-06-03 04:00:00,8610.0,7730.0,8395.8545,8554.879
2017-06-03 05:00:00,8382.0,7637.0,8335.914,8488.401
2017-06-03 06:00:00,8321.0,7653.0,8358.013,8478.067
2017-06-03 07:00:00,8238.0,7669.0,8799.483,8455.704
2017-06-03 08:00:00,8574.0,7789.0,9116.9375,8522.438
2017-06-03 09:00:00,9323.0,8208.0,10938.522,9122.139
2017-06-03 10:00:00,10158.0,8740.0,11790.522,9866.522
2017-06-03 11:00:00,10867.0,9156.0,13115.63,10732.057
2017-06-03 12:00:00,11442.0,9466.0,14143.995,11678.297
2017-06-03 13:00:00,12021.0,9611.0,14733.98,12160.799
2017-06-03 14:00:00,12358.0,9726.0,14846.219,11985.358
2017-06-03 15:00:00,12671.0,9825.0,15469.722,12124.803
2017-06-03 16:00:00,12975.0,9907.0,14328.56,12215.799
2017-06-03 17:00:00,13300.0,10024.0,14366.868,12202.785
2017-06-03 18:00:00,13396.0,10124.0,15328.293,12099.619
2017-06-03 19:00:00,13401.0,10153.0,13568.202,12015.578
2017-06-03 20:00:00,13080.0,10025.0,13119.638,11994.455
2017-06-03 21:00:00,12756.0,9786.0,12391.3955,11879.226
2017-06-03 22:00:00,12661.0,9905.0,13257.443,11988.473
2017-06-03 23:00:00,12512.0,9692.0,12240.061,12015.602
2017-06-04 00:00:00,11853.0,9161.0,11643.916,11043.103
2017-06-04 01:00:00,11081.0,8696.0,11069.384,10321.246
2017-06-04 02:00:00,10467.0,8220.0,10292.501,9422.013
2017-06-04 03:00:00,9889.0,7886.0,9472.862,9178.05
2017-06-04 04:00:00,9497.0,7650.0,9094.078,8848.745
2017-06-04 05:00:00,9177.0,7515.0,8914.176,8719.474
2017-06-04 06:00:00,9027.0,7425.0,8830.914,8665.67
2017-06-04 07:00:00,8867.0,7318.0,8977.586,8584.604
2017-06-04 08:00:00,8959.0,7331.0,9236.314,8615.005
2017-06-04 09:00:00,9404.0,7714.0,9276.468,8860.877
2017-06-04 10:00:00,10077.0,8243.0,10639.013,9680.587
2017-06-04 11:00:00,10996.0,8697.0,11848.093,11171.637
2017-06-04 12:00:00,12058.0,9081.0,12535.388,11772.473
2017-06-04 13:00:00,13073.0,9320.0,13496.571,12452.978
2017-06-04 14:00:00,13759.0,9474.0,14317.899,12577.994
2017-06-04 15:00:00,14301.0,9540.0,13963.039,13350.036
2017-06-04 16:00:00,14651.0,9644.0,14724.139,13770.07
2017-06-04 17:00:00,15002.0,9719.0,15569.842,14163.528
2017-06-04 18:00:00,15110.0,9886.0,15679.655,14436.998
2017-06-04 19:00:00,15126.0,9937.0,14536.3955,14507.759
2017-06-04 20:00:00,14848.0,9748.0,13694.216,14365.523
2017-06-04 21:00:00,14396.0,9601.0,13294.0625,14187.098
2017-06-04 22:00:00,13799.0,9663.0,13334.37,14145.754
2017-06-04 23:00:00,13379.0,9632.0,12992.727,13531.075
2017-06-05 00:00:00,12284.0,9127.0,11337.569,12468.624
2017-06-05 01:00:00,11140.0,8575.0,10403.736,11312.637
2017-06-05 02:00:00,10283.0,8094.0,9817.799,10161.6045
2017-06-05 03:00:00,9698.0,7776.0,9742.482,9726.967
2017-06-05 04:00:00,9253.0,7587.0,9077.843,9404.757
2017-06-05 05:00:00,9036.0,7480.0,8956.909,9543.65
2017-06-05 06:00:00,9139.0,7463.0,9356.303,9676.785
2017-06-05 07:00:00,9534.0,7442.0,9624.491,10298.911
2017-06-05 08:00:00,10545.0,7543.0,10894.406,11235.265
2017-06-05 09:00:00,11695.0,7950.0,11886.359,12279.097
2017-06-05 10:00:00,12516.0,8448.0,10960.377,13396.36
2017-06-05 11:00:00,12989.0,8954.0,11702.672,15493.553
2017-06-05 12:00:00,13257.0,9319.0,12904.228,16012.661
2017-06-05 13:00:00,13275.0,9593.0,13155.7705,16734.242
2017-06-05 14:00:00,13293.0,9732.0,12820.049,16259.954
2017-06-05 15:00:00,13302.0,9804.0,12757.477,16182.636
2017-06-05 16:00:00,13263.0,9793.0,12628.29,15628.345
2017-06-05 17:00:00,13170.0,9856.0,12416.277,15413.348
2017-06-05 18:00:00,13060.0,9913.0,12359.231,14644.127
2017-06-05 19:00:00,12776.0,9905.0,12060.119,14160.239
2017-06-05 20:00:00,12292.0,9761.0,12012.766,13705.772
2017-06-05 21:00:00,11748.0,9571.0,11687.702,12804.429
2017-06-05 22:00:00,11465.0,9711.0,11671.299,12656.176
2017-06-05 23:00:00,11186.0,9657.0,11379.403,12184.966
2017-06-06 00:00:00,10353.0,9026.0,10585.053,11089.908
2017-06-06 01:00:00,9510.0,8417.0,9450.132,10053.442
2017-06-06 02:00:00,8917.0,7973.0,9052.306,9376.1455
2017-06-06 03:00:00,8495.0,7679.0,8757.028,9072.293
2017-06-06 04:00:00,8258.0,7513.0,8611.239,8797.084
2017-06-06 05:00:00,8139.0,7469.0,8493.237,8754.44
2017-06-06 06:00:00,8254.0,7646.0,8574.925,8782.405
2017-06-06 07:00:00,8582.0,8141.0,8947.527,9202.97
2017-06-06 08:00:00,9463.0,9095.0,9747.551,10089.887
2017-06-06 09:00:00,10371.0,10050.0,10756.273,10987.415
2017-06-06 10:00:00,10956.0,10691.0,11196.309,11374.67
2017-06-06 11:00:00,11327.0,11116.0,11591.53,11404.2295
2017-06-06 12:00:00,11659.0,11450.0,12035.018,11416.695
2017-06-06 13:00:00,11868.0,11642.0,12025.737,11322.162
2017-06-06 14:00:00,12023.0,11718.0,12180.262,11516.715
2017-06-06 15:00:00,12214.0,11678.0,12230.825,11659.507
2017-06-06 16:00:00,12321.0,11642.0,12167.118,11809.688
2017-06-06 17:00:00,12330.0,11630.0,12186.352,12022.371
2017-06-06 18:00:00,12354.0,11541.0,11998.378,12266.748
2017-06-06 19:00:00,12181.0,11389.0,12041.514,12253.168
2017-06-06 20:00:00,11796.0,11038.0,11676.008,11928.729
2017-06-06 21:00:00,11413.0,10826.0,11389.748,11810.792
2017-06-06 22:00:00,11266.0,10932.0,11371.739,11671.282
2017-06-06 23:00:00,11028.0,10718.0,11023.798,11404.711
2017-06-07 00:00:00,10270.0,9991.0,10240.524,10458.971
2017-06-07 01:00:00,9416.0,9224.0,9337.027,9541.212
2017-06-07 02:00:00,8863.0,8676.0,8813.318,8871.12
2017-06-07 03:00:00,8484.0,8315.0,8380.707,8555.737
2017-06-07 04:00:00,8211.0,8068.0,8184.262,8275.448
2017-06-07 05:00:00,8097.0,7979.0,8148.9033,8237.767
2017-06-07 06:00:00,8250.0,8117.0,8231.561,8319.081
2017-06-07 07:00:00,8548.0,8500.0,8567.387,8665.554
2017-06-07 08:00:00,9471.0,9342.0,9422.821,9335.697
2017-06-07 09:00:00,10435.0,10172.0,10362.206,10266.767
2017-06-07 10:00:00,11036.0,10728.0,11043.077,10983.81
2017-06-07 11:00:00,11462.0,11065.0,11539.625,11349.738
2017-06-07 12:00:00,11807.0,11344.0,12084.757,11882.115
2017-06-07 13:00:00,12025.0,11485.0,12480.997,12249.436
2017-06-07 14:00:00,12172.0,11587.0,12515.141,12232.983
2017-06-07 15:00:00,12363.0,11726.0,12488.073,12273.055
2017-06-07 16:00:00,12465.0,11758.0,12688.318,12311.308
2017-06-07 17:00:00,12523.0,11790.0,12695.482,12376.627
2017-06-07 18:00:00,12578.0,11792.0,12680.503,12376.627
2017-06-07 19:00:00,12511.0,11674.0,12558.054,12257.058
2017-06-07 20:00:00,12190.0,11396.0,12469.771,12022.679
2017-06-07 21:00:00,11810.0,11141.0,12256.556,11782.721
2017-06-07 22:00:00,11623.0,11129.0,11975.348,11757.705
2017-06-07 23:00:00,11374.0,10916.0,11350.581,11494.447
2017-06-08 00:00:00,10559.0,10125.0,10456.827,10502.4
2017-06-08 01:00:00,9682.0,9307.0,9417.708,9579.33
2017-06-08 02:00:00,9017.0,8736.0,8910.021,8973.627
2017-06-08 03:00:00,8569.0,8374.0,8447.601,8562.603
2017-06-08 04:00:00,8332.0,8104.0,8301.937,8284.838
2017-06-08 05:00:00,8181.0,8013.0,8277.208,8348.502
2017-06-08 06:00:00,8284.0,8139.0,8317.226,8416.199
2017-06-08 07:00:00,8634.0,8487.0,8798.228,8736.722
2017-06-08 08:00:00,9545.0,9369.0,9756.485,9482.877
2017-06-08 09:00:00,10551.0,10237.0,10729.669,10433.341
2017-06-08 10:00:00,11245.0,10847.0,12265.931,11316.602
2017-06-08 11:00:00,11759.0,11269.0,12927.857,11709.763
2017-06-08 12:00:00,12243.0,11682.0,13436.935,12340.022
2017-06-08 13:00:00,12613.0,11904.0,13818.695,12607.805
2017-06-08 14:00:00,12928.0,12033.0,14008.013,12558.803
2017-06-08 15:00:00,13294.0,12260.0,14087.606,12690.547
2017-06-08 16:00:00,13586.0,12385.0,14102.858,12686.264
2017-06-08 17:00:00,13794.0,12474.0,14332.113,12873.295
2017-06-08 18:00:00,13810.0,12555.0,14335.334,12989.255
2017-06-08 19:00:00,13506.0,12447.0,14364.78,12877.966
2017-06-08 20:00:00,13066.0,12076.0,13951.881,12633.499
2017-06-08 21:00:00,12738.0,11658.0,13901.618,12530.827
2017-06-08 22:00:00,12598.0,11537.0,13393.063,12511.8125
2017-06-08 23:00:00,12351.0,11247.0,12760.753,12120.178
2017-06-09 00:00:00,11483.0,10404.0,11811.454,11096.082
2017-06-09 01:00:00,10543.0,9505.0,10685.998,10128.953
2017-06-09 02:00:00,9810.0,8898.0,9869.479,9384.431
2017-06-09 03:00:00,9262.0,8479.0,9434.867,8934.402
2017-06-09 04:00:00,8931.0,8221.0,8888.172,8675.944
2017-06-09 05:00:00,8799.0,8103.0,8754.487,8657.909
2017-06-09 06:00:00,8894.0,8204.0,9069.441,8683.825
2017-06-09 07:00:00,9195.0,8570.0,9875.402,9008.716
2017-06-09 08:00:00,10083.0,9452.0,10618.601,9700.4
2017-06-09 09:00:00,11127.0,10422.0,12009.949,10650.472
2017-06-09 10:00:00,12110.0,11132.0,13066.539,11509.448
2017-06-09 11:00:00,12912.0,11726.0,14220.442,12322.896
2017-06-09 12:00:00,13740.0,12219.0,15636.821,13241.716
2017-06-09 13:00:00,14382.0,12626.0,16142.429,13427.477
2017-06-09 14:00:00,14903.0,12898.0,17035.082,13637.172
2017-06-09 15:00:00,15441.0,13227.0,16263.624,14244.545
2017-06-09 16:00:00,15701.0,13490.0,14994.239,14629.595
2017-06-09 17:00:00,15805.0,13690.0,14796.452,14696.022
2017-06-09 18:00:00,15746.0,13843.0,14775.05,14896.498
2017-06-09 19:00:00,15289.0,13784.0,14487.622,14868.892
2017-06-09 20:00:00,14496.0,13433.0,13661.351,14600.565
2017-06-09 21:00:00,13572.0,12911.0,13320.164,14341.928
2017-06-09 22:00:00,13251.0,12486.0,13312.069,14223.733
2017-06-09 23:00:00,12850.0,12177.0,12986.381,13803.29
2017-06-10 00:00:00,12002.0,11316.0,11779.683,12687.1875
2017-06-10 01:00:00,10968.0,10333.0,10917.145,11205.728
2017-06-10 02:00:00,10227.0,9566.0,10296.319,10736.23
2017-06-10 03:00:00,9635.0,9018.0,9945.429,10109.22
2017-06-10 04:00:00,9273.0,8610.0,9468.641,9631.803
2017-06-10 05:00:00,9044.0,8382.0,9278.262,9364.283
2017-06-10 06:00:00,9014.0,8321.0,9383.943,9382.457
2017-06-10 07:00:00,8996.0,8238.0,9579.759,9163.438
2017-06-10 08:00:00,9303.0,8574.0,10230.579,9469.829
2017-06-10 09:00:00,10056.0,9323.0,11091.309,10031.232
2017-06-10 10:00:00,10958.0,10158.0,12110.161,10895.4
2017-06-10 11:00:00,11879.0,10867.0,13503.289,11737.477
2017-06-10 12:00:00,12750.0,11442.0,14403.491,12773.956
2017-06-10 13:00:00,13466.0,12021.0,14770.682,13001.598
2017-06-10 14:00:00,13922.0,12358.0,15145.515,13490.129
2017-06-10 15:00:00,14382.0,12671.0,15483.726,13714.932
2017-06-10 16:00:00,14841.0,12975.0,15968.784,13963.758
2017-06-10 17:00:00,15245.0,13300.0,16080.472,14250.478
2017-06-10 18:00:00,15499.0,13396.0,15975.246,14317.814
2017-06-10 19:00:00,15466.0,13401.0,16137.161,14351.728
2017-06-10 20:00:00,15156.0,13080.0,15313.387,13616.696
2017-06-10 21:00:00,14510.0,12756.0,14396.73,13840.202
2017-06-10 22:00:00,13959.0,12661.0,14439.41,13780.666
2017-06-10 23:00:00,13620.0,12512.0,13956.001,13177.468
2017-06-11 00:00:00,12832.0,11853.0,12948.654,12501.097
2017-06-11 01:00:00,11907.0,11081.0,11687.809,11405.9
2017-06-11 02:00:00,11087.0,10467.0,10893.669,10591.044
2017-06-11 03:00:00,10457.0,9889.0,10452.129,10244.891
2017-06-11 04:00:00,10008.0,9497.0,9807.242,9788.267
2017-06-11 05:00:00,9627.0,9177.0,9599.288,9594.225
2017-06-11 06:00:00,9418.0,9027.0,9485.021,9535.313
2017-06-11 07:00:00,9199.0,8867.0,9717.3955,9464.37
2017-06-11 08:00:00,9421.0,8959.0,9745.487,9443.482
2017-06-11 09:00:00,10311.0,9404.0,10697.893,9953.851
2017-06-11 10:00:00,11331.0,10077.0,11210.893,10985.439
2017-06-11 11:00:00,12381.0,10996.0,13207.341,12639.358
2017-06-11 12:00:00,13330.0,12058.0,14278.781,13408.55
2017-06-11 13:00:00,14291.0,13073.0,15432.898,14126.404
2017-06-11 14:00:00,15119.0,13759.0,15879.594,14450.589
2017-06-11 15:00:00,15801.0,14301.0,16461.002,15247.938
2017-06-11 16:00:00,16402.0,14651.0,16549.87,15795.401
2017-06-11 17:00:00,16828.0,15002.0,16786.77,16283.913
2017-06-11 18:00:00,17098.0,15110.0,16790.658,15977.39
2017-06-11 19:00:00,17124.0,15126.0,17078.094,15992.222
2017-06-11 20:00:00,16865.0,14848.0,16656.303,15780.937
2017-06-11 21:00:00,16390.0,14396.0,16332.785,15152.632
2017-06-11 22:00:00,15894.0,13799.0,16004.573,15438.377
2017-06-11 23:00:00,15614.0,13379.0,15834.809,15095.079
2017-06-12 00:00:00,14625.0,12284.0,14939.648,14074.569
2017-06-12 01:00:00,13461.0,11140.0,13035.311,12730.815
2017-06-12 02:00:00,12469.0,10283.0,12759.634,11639.276
2017-06-12 03:00:00,11712.0,9698.0,12448.682,11488.567
2017-06-12 04:00:00,11244.0,9253.0,12189.733,11173.467
2017-06-12 05:00:00,10944.0,9036.0,11447.386,11002.748
2017-06-12 06:00:00,10982.0,9139.0,11865.845,11100.739
2017-06-12 07:00:00,11352.0,9534.0,12276.182,11868.322
2017-06-12 08:00:00,12498.0,10545.0,13285.977,12759.216
2017-06-12 09:00:00,14046.0,11695.0,14832.756,13960.594
2017-06-12 10:00:00,15274.0,12516.0,15605.781,14976.733
2017-06-12 11:00:00,16387.0,12989.0,17752.041,15846.323
2017-06-12 12:00:00,17435.0,13257.0,19396.203,17341.31
2017-06-12 13:00:00,18267.0,13275.0,19408.438,18283.152
2017-06-12 14:00:00,18944.0,13293.0,20144.434,18082.398
2017-06-12 15:00:00,19527.0,13302.0,20047.111,18361.86
2017-06-12 16:00:00,19864.0,13263.0,19790.973,18532.1
2017-06-12 17:00:00,20166.0,13170.0,19487.395,18551.361
2017-06-12 18:00:00,20351.0,13060.0,19392.045,18243.594
2017-06-12 19:00:00,20266.0,12776.0,19657.252,18037.05
2017-06-12 20:00:00,19851.0,12292.0,20093.252,18682.998
2017-06-12 21:00:00,19063.0,11748.0,20010.037,18072.139
2017-06-12 22:00:00,18628.0,11465.0,18136.436,17977.46
2017-06-12 23:00:00,17764.0,11186.0,17097.062,17251.008
2017-06-13 00:00:00,15996.0,10353.0,16406.957,16089.438
2017-06-13 01:00:00,14384.0,9510.0,14235.473,14586.885
2017-06-13 02:00:00,13160.0,8917.0,12657.156,13656.969
2017-06-13 03:00:00,12262.0,8495.0,12062.509,12492.528
2017-06-13 04:00:00,11657.0,8258.0,11814.217,12407.039
2017-06-13 05:00:00,11256.0,8139.0,12010.699,12193.8545
2017-06-13 06:00:00,11256.0,8254.0,12304.702,12183.793
2017-06-13 07:00:00,11561.0,8582.0,12423.479,12656.331
2017-06-13 08:00:00,12555.0,9463.0,13565.484,13659.079
2017-06-13 09:00:00,13821.0,10371.0,14633.596,14483.294
2017-06-13 10:00:00,15159.0,10956.0,15341.618,15176.92
2017-06-13 11:00:00,15972.0,11327.0,16256.865,16099.124
2017-06-13 12:00:00,16840.0,11659.0,17611.32,16823.275
2017-06-13 13:00:00,17616.0,11868.0,16514.639,16631.727
2017-06-13 14:00:00,18180.0,12023.0,17823.373,16791.674
2017-06-13 15:00:00,18577.0,12214.0,18634.93,17455.766
2017-06-13 16:00:00,18784.0,12321.0,19036.342,17662.951
2017-06-13 17:00:00,18502.0,12330.0,19415.928,18176.205
2017-06-13 18:00:00,17600.0,12354.0,19215.838,18184.16
2017-06-13 19:00:00,16740.0,12181.0,16608.94,17400.955
2017-06-13 20:00:00,15984.0,11796.0,15501.928,16005.241
2017-06-13 21:00:00,15231.0,11413.0,14440.3955,15682.218
2017-06-13 22:00:00,14792.0,11266.0,14559.158,15231.354
2017-06-13 23:00:00,14478.0,11028.0,15166.564,15523.639
2017-06-14 00:00:00,13510.0,10270.0,13756.438,13809.389
2017-06-14 01:00:00,12354.0,9416.0,12650.096,12255.575
2017-06-14 02:00:00,11488.0,8863.0,11938.989,11739.327
2017-06-14 03:00:00,10902.0,8484.0,11397.998,11141.496
2017-06-14 04:00:00,10483.0,8211.0,10862.537,10130.486
2017-06-14 05:00:00,10283.0,8097.0,10821.067,9932.944
2017-06-14 06:00:00,10390.0,8250.0,11161.852,9918.909
2017-06-14 07:00:00,10742.0,8548.0,11454.421,10649.918
2017-06-14 08:00:00,11867.0,9471.0,12911.769,11577.172
2017-06-14 09:00:00,13254.0,10435.0,14871.349,13082.505
2017-06-14 10:00:00,14622.0,11036.0,16177.806,13589.517
2017-06-14 11:00:00,15904.0,11462.0,16953.727,13985.6455
2017-06-14 12:00:00,17137.0,11807.0,17516.828,14662.783
2017-06-14 13:00:00,18067.0,12025.0,16570.227,14893.093
2017-06-14 14:00:00,18627.0,12172.0,16701.574,14466.686
2017-06-14 15:00:00,18973.0,12363.0,17768.867,14297.237
2017-06-14 16:00:00,18349.0,12465.0,18409.799,15426.538
2017-06-14 17:00:00,17435.0,12523.0,18824.072,15624.493
2017-06-14 18:00:00,16789.0,12578.0,18636.607,17384.514
2017-06-14 19:00:00,15715.0,12511.0,16283.359,17604.816
2017-06-14 20:00:00,14811.0,12190.0,15881.3545,17440.752
2017-06-14 21:00:00,14316.0,11810.0,16023.734,16855.025
2017-06-14 22:00:00,14019.0,11623.0,15829.814,15990.415
2017-06-14 23:00:00,13566.0,11374.0,15239.354,15221.5205
2017-06-15 00:00:00,12682.0,10559.0,14218.164,13818.789
2017-06-15 01:00:00,11655.0,9682.0,13139.992,12647.362
2017-06-15 02:00:00,10965.0,9017.0,12221.963,11906.562
2017-06-15 03:00:00,10447.0,8569.0,11598.522,11052.336
2017-06-15 04:00:00,10094.0,8332.0,10845.477,10143.544
2017-06-15 05:00:00,9960.0,8181.0,10758.334,9892.185
2017-06-15 06:00:00,10118.0,8284.0,10728.781,9949.714
2017-06-15 07:00:00,10519.0,8634.0,11130.968,10649.292
2017-06-15 08:00:00,11489.0,9545.0,12802.968,11363.916
2017-06-15 09:00:00,12454.0,10551.0,13142.275,12669.228
2017-06-15 10:00:00,13345.0,11245.0,14442.54,13522.028
2017-06-15 11:00:00,14253.0,11759.0,15285.118,13515.238
2017-06-15 12:00:00,14989.0,12243.0,16172.019,13008.007
2017-06-15 13:00:00,15729.0,12613.0,16562.156,12714.646
2017-06-15 14:00:00,16568.0,12928.0,17985.902,12610.404
2017-06-15 15:00:00,17354.0,13294.0,17528.8,12492.042
2017-06-15 16:00:00,17845.0,13586.0,18610.947,14217.626
2017-06-15 17:00:00,18254.0,13794.0,19087.707,15230.609
2017-06-15 18:00:00,18466.0,13810.0,18745.223,16099.498
2017-06-15 19:00:00,18413.0,13506.0,19060.25,16644.373
2017-06-15 20:00:00,18121.0,13066.0,18554.652,16446.81
2017-06-15 21:00:00,17408.0,12738.0,17668.36,16119.747
2017-06-15 22:00:00,16571.0,12598.0,16978.775,16122.219
2017-06-15 23:00:00,15831.0,12351.0,16201.49,15524.612
2017-06-16 00:00:00,14607.0,11483.0,14871.084,14352.062
2017-06-16 01:00:00,13283.0,10543.0,13692.671,12813.375
2017-06-16 02:00:00,12288.0,9810.0,12211.061,12007.949
2017-06-16 03:00:00,11413.0,9262.0,11315.162,11023.962
2017-06-16 04:00:00,10694.0,8931.0,10824.643,10670.322
2017-06-16 05:00:00,10379.0,8799.0,10663.866,10322.786
2017-06-16 06:00:00,10367.0,8894.0,10794.893,10357.708
2017-06-16 07:00:00,10788.0,9195.0,10313.135,10655.12
2017-06-16 08:00:00,11404.0,10083.0,11228.857,11437.311
2017-06-16 09:00:00,11984.0,11127.0,12203.203,12621.795
2017-06-16 10:00:00,12602.0,12110.0,14105.128,13420.093
2017-06-16 11:00:00,13105.0,12912.0,14655.464,14369.806
2017-06-16 12:00:00,13497.0,13740.0,15000.844,15070.359
2017-06-16 13:00:00,13918.0,14382.0,15550.9375,15794.328
2017-06-16 14:00:00,14680.0,14903.0,16621.436,16058.667
2017-06-16 15:00:00,15609.0,15441.0,17915.193,15954.265
2017-06-16 16:00:00,16301.0,15701.0,18647.225,16245.681
2017-06-16 17:00:00,16907.0,15805.0,18798.451,16600.572
2017-06-16 18:00:00,17309.0,15746.0,18814.39,16340.359
2017-06-16 19:00:00,17398.0,15289.0,18247.139,16078.86
2017-06-16 20:00:00,17083.0,14496.0,16939.646,14919.096
2017-06-16 21:00:00,16339.0,13572.0,15994.969,14617.023
2017-06-16 22:00:00,15726.0,13251.0,15277.808,14827.178
2017-06-16 23:00:00,15213.0,12850.0,14971.0625,14531.706
2017-06-17 00:00:00,14226.0,12002.0,14006.258,13568.065
2017-06-17 01:00:00,13116.0,10968.0,12575.944,12259.5625
2017-06-17 02:00:00,12217.0,10227.0,11800.67,11234.735
2017-06-17 03:00:00,11550.0,9635.0,11437.525,10888.133
2017-06-17 04:00:00,11103.0,9273.0,10914.597,10360.792
2017-06-17 05:00:00,10771.0,9044.0,10739.153,10155.041
2017-06-17 06:00:00,10603.0,9014.0,10386.921,10102.206
2017-06-17 07:00:00,10529.0,8996.0,9862.621,10111.532
2017-06-17 08:00:00,10570.0,9303.0,10281.316,10494.978
2017-06-17 09:00:00,11119.0,10056.0,11057.293,11203.372
2017-06-17 10:00:00,12010.0,10958.0,12690.575,12409.923
2017-06-17 11:00:00,13197.0,11879.0,13941.128,13186.561
2017-06-17 12:00:00,13923.0,12750.0,13980.292,14583.326
2017-06-17 13:00:00,14534.0,13466.0,16168.245,15151.653
2017-06-17 14:00:00,15078.0,13922.0,16635.846,15474.903
2017-06-17 15:00:00,15504.0,14382.0,17001.086,16473.602
2017-06-17 16:00:00,15967.0,14841.0,17080.146,16793.695
2017-06-17 17:00:00,16061.0,15245.0,17012.406,16386.5
2017-06-17 18:00:00,15758.0,15499.0,16568.926,16333.403
2017-06-17 19:00:00,15059.0,15466.0,15652.307,16165.767
2017-06-17 20:00:00,14529.0,15156.0,15204.708,15292.806
2017-06-17 21:00:00,14101.0,14510.0,14705.537,14887.487
2017-06-17 22:00:00,14063.0,13959.0,14460.219,14987.733
2017-06-17 23:00:00,13592.0,13620.0,13988.497,14747.167
2017-06-18 00:00:00,12796.0,12832.0,12906.367,13073.905
2017-06-18 01:00:00,11910.0,11907.0,11767.489,11982.502
2017-06-18 02:00:00,11101.0,11087.0,10957.428,11114.506
2017-06-18 03:00:00,10557.0,10457.0,10583.083,10535.308
2017-06-18 04:00:00,10151.0,10008.0,10270.109,10171.816
2017-06-18 05:00:00,9959.0,9627.0,9798.452,9908.096
2017-06-18 06:00:00,9808.0,9418.0,9693.943,9739.859
2017-06-18 07:00:00,9705.0,9199.0,9673.532,9772.367
2017-06-18 08:00:00,9701.0,9421.0,9671.818,9853.412
2017-06-18 09:00:00,10189.0,10311.0,10098.67,10536.561
2017-06-18 10:00:00,11027.0,11331.0,11100.1,11675.278
2017-06-18 11:00:00,11706.0,12381.0,11793.972,12392.497
2017-06-18 12:00:00,12251.0,13330.0,12825.849,13537.086
2017-06-18 13:00:00,12488.0,14291.0,13439.796,13825.433
2017-06-18 14:00:00,12598.0,15119.0,13709.163,14059.38
2017-06-18 15:00:00,12687.0,15801.0,14352.387,14110.151
2017-06-18 16:00:00,12738.0,16402.0,14650.819,14393.195
2017-06-18 17:00:00,12765.0,16828.0,14644.75,14830.697
2017-06-18 18:00:00,12838.0,17098.0,14726.077,14955.469
2017-06-18 19:00:00,12731.0,17124.0,14412.168,14930.799
2017-06-18 20:00:00,12344.0,16865.0,13828.966,14108.967
2017-06-18 21:00:00,11906.0,16390.0,13690.46,13610.712
2017-06-18 22:00:00,11840.0,15894.0,13145.654,13208.177
2017-06-18 23:00:00,11856.0,15614.0,12678.79,12995.52
2017-06-19 00:00:00,11293.0,14625.0,11805.646,12057.228
2017-06-19 01:00:00,10495.0,13461.0,10769.859,11256.438
2017-06-19 02:00:00,9817.0,12469.0,10104.044,10760.482
2017-06-19 03:00:00,9355.0,11712.0,9761.806,10194.541
2017-06-19 04:00:00,9089.0,11244.0,9368.188,9999.294
2017-06-19 05:00:00,8922.0,10944.0,9370.517,9894.258
2017-06-19 06:00:00,9107.0,10982.0,9549.831,9941.576
2017-06-19 07:00:00,9480.0,11352.0,10412.805,10652.406
2017-06-19 08:00:00,10452.0,12498.0,11556.486,11616.77
2017-06-19 09:00:00,11399.0,14046.0,12466.124,12372.803
2017-06-19 10:00:00,12065.0,15274.0,13124.659,12882.519
2017-06-19 11:00:00,12789.0,16387.0,13314.861,13368.106
2017-06-19 12:00:00,13390.0,17435.0,13903.976,13571.845
2017-06-19 13:00:00,13722.0,18267.0,13471.2705,13697.469
2017-06-19 14:00:00,14046.0,18944.0,13796.35,13851.056
2017-06-19 15:00:00,14313.0,19527.0,13992.077,14150.365
2017-06-19 16:00:00,14265.0,19864.0,14000.414,14459.382
2017-06-19 17:00:00,13844.0,20166.0,14256.673,14828.223
2017-06-19 18:00:00,13315.0,20351.0,14350.438,14741.356
2017-06-19 19:00:00,12921.0,20266.0,13931.9,14651.736
2017-06-19 20:00:00,12442.0,19851.0,13479.663,14288.526
2017-06-19 21:00:00,12059.0,19063.0,13126.429,14000.696
2017-06-19 22:00:00,11870.0,18628.0,13079.214,13762.817
2017-06-19 23:00:00,11668.0,17764.0,12624.233,12836.421
2017-06-20 00:00:00,10853.0,15996.0,11369.597,11877.268
2017-06-20 01:00:00,9942.0,14384.0,10522.717,10792.854
2017-06-20 02:00:00,9331.0,13160.0,9766.542,10054.523
2017-06-20 03:00:00,8912.0,12262.0,9413.906,9761.383
2017-06-20 04:00:00,8675.0,11657.0,9222.016,9663.252
2017-06-20 05:00:00,8557.0,11256.0,9022.624,9556.438
2017-06-20 06:00:00,8661.0,11256.0,9091.705,9552.637
2017-06-20 07:00:00,9043.0,11561.0,9901.202,10004.703
2017-06-20 08:00:00,9997.0,12555.0,10908.606,10817.874
2017-06-20 09:00:00,10953.0,13821.0,12014.259,11585.271
2017-06-20 10:00:00,11708.0,15159.0,13293.853,11854.263
2017-06-20 11:00:00,12283.0,15972.0,13678.079,12142.748
2017-06-20 12:00:00,12777.0,16840.0,14187.902,12383.062
2017-06-20 13:00:00,13173.0,17616.0,14841.693,12532.856
2017-06-20 14:00:00,13350.0,18180.0,13564.508,12243.21
2017-06-20 15:00:00,13432.0,18577.0,13104.724,12378.213
2017-06-20 16:00:00,13364.0,18784.0,13743.172,12678.326
2017-06-20 17:00:00,12939.0,18502.0,13284.122,12891.321
2017-06-20 18:00:00,12458.0,17600.0,13360.247,13272.095
2017-06-20 19:00:00,12258.0,16740.0,12718.76,13269.011
2017-06-20 20:00:00,12072.0,15984.0,12392.604,12976.904
2017-06-20 21:00:00,11773.0,15231.0,12270.145,12783.139
2017-06-20 22:00:00,11583.0,14792.0,12237.835,12770.77
2017-06-20 23:00:00,11436.0,14478.0,12017.419,12359.262
2017-06-21 00:00:00,10669.0,13510.0,11054.458,11114.883
2017-06-21 01:00:00,9798.0,12354.0,9850.587,9990.231
2017-06-21 02:00:00,9188.0,11488.0,9275.002,9345.169
2017-06-21 03:00:00,8776.0,10902.0,8869.6875,9009.337
2017-06-21 04:00:00,8524.0,10483.0,8509.213,8531.254
2017-06-21 05:00:00,8419.0,10283.0,8407.79,8533.105
2017-06-21 06:00:00,8583.0,10390.0,8640.432,8607.583
2017-06-21 07:00:00,8917.0,10742.0,9240.3125,9107.808
2017-06-21 08:00:00,9851.0,11867.0,10139.887,10074.114
2017-06-21 09:00:00,10822.0,13254.0,11402.666,10963.678
2017-06-21 10:00:00,11554.0,14622.0,11971.609,11534.312
2017-06-21 11:00:00,12049.0,15904.0,12438.094,11936.246
2017-06-21 12:00:00,12470.0,17137.0,12965.111,12140.627
2017-06-21 13:00:00,12819.0,18067.0,13150.316,12177.043
2017-06-21 14:00:00,13126.0,18627.0,13436.208,12162.726
2017-06-21 15:00:00,13550.0,18973.0,13519.981,12393.026
2017-06-21 16:00:00,13884.0,18349.0,13630.671,12512.493
2017-06-21 17:00:00,13775.0,17435.0,13777.426,12961.288
2017-06-21 18:00:00,13706.0,16789.0,13681.264,13305.269
2017-06-21 19:00:00,13625.0,15715.0,13543.761,13330.354
2017-06-21 20:00:00,13276.0,14811.0,13037.463,13114.395
2017-06-21 21:00:00,13005.0,14316.0,12811.582,12949.87
2017-06-21 22:00:00,12938.0,14019.0,12880.794,12853.163
2017-06-21 23:00:00,12768.0,13566.0,12829.608,12523.623
2017-06-22 00:00:00,11953.0,12682.0,12197.591,11380.08
2017-06-22 01:00:00,11059.0,11655.0,10999.936,10216.054
2017-06-22 02:00:00,10365.0,10965.0,10305.616,9371.715
2017-06-22 03:00:00,9893.0,10447.0,10173.578,9127.7295
2017-06-22 04:00:00,9662.0,10094.0,10105.3,8790.511
2017-06-22 05:00:00,9748.0,9960.0,10076.788,8697.374
2017-06-22 06:00:00,10077.0,10118.0,10156.06,8754.094
2017-06-22 07:00:00,10695.0,10519.0,10616.854,9178.869
2017-06-22 08:00:00,11711.0,11489.0,11727.33,10180.946
2017-06-22 09:00:00,12721.0,12454.0,12876.418,11322.344
2017-06-22 10:00:00,13676.0,13345.0,14275.276,12316.962
2017-06-22 11:00:00,14766.0,14253.0,15276.419,13059.864
2017-06-22 12:00:00,15791.0,14989.0,16331.814,14149.624
2017-06-22 13:00:00,16620.0,15729.0,16877.521,14636.133
2017-06-22 14:00:00,17047.0,16568.0,18277.621,14735.976
2017-06-22 15:00:00,17249.0,17354.0,18522.74,15486.946
2017-06-22 16:00:00,17891.0,17845.0,18818.402,16432.137
2017-06-22 17:00:00,18189.0,18254.0,18628.932,16949.574
2017-06-22 18:00:00,18002.0,18466.0,19197.07,17349.8
2017-06-22 19:00:00,17805.0,18413.0,17469.422,17696.229
2017-06-22 20:00:00,17469.0,18121.0,16960.627,17186.193
2017-06-22 21:00:00,16894.0,17408.0,16637.127,17072.871
2017-06-22 22:00:00,16490.0,16571.0,16384.256,17123.793
2017-06-22 23:00:00,16008.0,15831.0,15502.573,15851.944
2017-06-23 00:00:00,14844.0,14607.0,14545.616,14644.119
2017-06-23 01:00:00,13586.0,13283.0,13038.337,13695.598
2017-06-23 02:00:00,12627.0,12288.0,11712.765,11956.445
2017-06-23 03:00:00,11966.0,11413.0,11106.947,11486.8
2017-06-23 04:00:00,11525.0,10694.0,10384.008,11020.342
2017-06-23 05:00:00,11315.0,10379.0,10416.784,10231.03
2017-06-23 06:00:00,11343.0,10367.0,10550.288,10212.463
2017-06-23 07:00:00,11475.0,10788.0,10745.336,10986.36
2017-06-23 08:00:00,11899.0,11404.0,11200.89,11830.081
2017-06-23 09:00:00,12470.0,11984.0,12072.691,12801.134
2017-06-23 10:00:00,12905.0,12602.0,12887.833,13974.903
2017-06-23 11:00:00,13236.0,13105.0,13818.702,14510.376
2017-06-23 12:00:00,13820.0,13497.0,14667.328,14987.206
2017-06-23 13:00:00,14243.0,13918.0,15292.451,15485.216
2017-06-23 14:00:00,14670.0,14680.0,15460.565,16123.616
2017-06-23 15:00:00,15045.0,15609.0,16290.875,16241.532
2017-06-23 16:00:00,15277.0,16301.0,16541.08,16941.209
2017-06-23 17:00:00,15507.0,16907.0,17201.098,16860.977
2017-06-23 18:00:00,15623.0,17309.0,17298.086,16873.543
2017-06-23 19:00:00,15313.0,17398.0,16849.385,16414.555
2017-06-23 20:00:00,14622.0,17083.0,15681.258,15425.485
2017-06-23 21:00:00,13880.0,16339.0,14938.586,15232.834
2017-06-23 22:00:00,13228.0,15726.0,14530.533,14576.266
2017-06-23 23:00:00,12819.0,15213.0,13669.598,13548.731
2017-06-24 00:00:00,11911.0,14226.0,12230.748,12858.142
2017-06-24 01:00:00,10871.0,13116.0,11380.842,11887.422
2017-06-24 02:00:00,10049.0,12217.0,10477.119,10603.523
2017-06-24 03:00:00,9462.0,11550.0,10039.59,10200.877
2017-06-24 04:00:00,9092.0,11103.0,9606.464,9914.224
2017-06-24 05:00:00,8782.0,10771.0,9476.156,9810.468
2017-06-24 06:00:00,8727.0,10603.0,9342.992,9712.252
2017-06-24 07:00:00,8670.0,10529.0,9407.926,9828.767
2017-06-24 08:00:00,9065.0,10570.0,9646.402,9954.116
2017-06-24 09:00:00,9697.0,11119.0,10129.03,10624.634
2017-06-24 10:00:00,10357.0,12010.0,10650.91,10890.199
2017-06-24 11:00:00,10971.0,13197.0,11370.702,11675.613
2017-06-24 12:00:00,11333.0,13923.0,11722.165,12426.565
2017-06-24 13:00:00,11461.0,14534.0,12155.95,12430.813
2017-06-24 14:00:00,11462.0,15078.0,12762.954,13037.314
2017-06-24 15:00:00,11409.0,15504.0,13197.257,12861.303
2017-06-24 16:00:00,11344.0,15967.0,13556.031,12813.982
2017-06-24 17:00:00,11370.0,16061.0,13458.442,12430.835
2017-06-24 18:00:00,11378.0,15758.0,13196.042,12045.36
2017-06-24 19:00:00,11242.0,15059.0,12307.417,11710.441
2017-06-24 20:00:00,10964.0,14529.0,11379.222,10426.852
2017-06-24 21:00:00,10479.0,14101.0,11140.589,10618.146
2017-06-24 22:00:00,10254.0,14063.0,11062.209,10964.02
2017-06-24 23:00:00,10118.0,13592.0,10836.763,10694.656
2017-06-25 00:00:00,9612.0,12796.0,9983.346,9978.859
2017-06-25 01:00:00,9036.0,11910.0,9523.948,9659.107
2017-06-25 02:00:00,8532.0,11101.0,8821.0625,9114.921
2017-06-25 03:00:00,8182.0,10557.0,8680.937,8993.674
2017-06-25 04:00:00,7899.0,10151.0,8310.202,8660.277
2017-06-25 05:00:00,7728.0,9959.0,8147.035,8415.51
2017-06-25 06:00:00,7626.0,9808.0,8000.3813,8270.65
2017-06-25 07:00:00,7481.0,9705.0,8047.5317,8239.714
2017-06-25 08:00:00,7605.0,9701.0,8266.457,8446.953
2017-06-25 09:00:00,7984.0,10189.0,8841.734,9070.462
2017-06-25 10:00:00,8494.0,11027.0,9215.325,9507.402
2017-06-25 11:00:00,8951.0,11706.0,9573.293,9891.033
2017-06-25 12:00:00,9305.0,12251.0,9944.957,10254.284
2017-06-25 13:00:00,9502.0,12488.0,10149.477,10351.95
2017-06-25 14:00:00,9576.0,12598.0,10112.449,10396.397
2017-06-25 15:00:00,9716.0,12687.0,10389.93,10245.604
2017-06-25 16:00:00,9758.0,12738.0,10342.179,10351.286
2017-06-25 17:00:00,9803.0,12765.0,10365.854,10450.566
2017-06-25 18:00:00,9903.0,12838.0,10673.788,10437.951
2017-06-25 19:00:00,9968.0,12731.0,10576.538,10365.514
2017-06-25 20:00:00,9834.0,12344.0,10505.686,10406.189
2017-06-25 21:00:00,9622.0,11906.0,10330.032,10273.676
2017-06-25 22:00:00,9639.0,11840.0,10284.31,10289.526
2017-06-25 23:00:00,9712.0,11856.0,10192.462,10167.116
2017-06-26 00:00:00,9272.0,11293.0,9647.722,9597.805
2017-06-26 01:00:00,8682.0,10495.0,8969.708,9176.718
2017-06-26 02:00:00,8241.0,9817.0,8401.015,8472.796
2017-06-26 03:00:00,7946.0,9355.0,8085.965,8230.36
2017-06-26 04:00:00,7739.0,9089.0,7978.8657,8129.3027
2017-06-26 05:00:00,7699.0,8922.0,7958.0825,8130.6035
2017-06-26 06:00:00,7921.0,9107.0,8110.42,8205.483
2017-06-26 07:00:00,8322.0,9480.0,8863.8,8860.784
2017-06-26 08:00:00,9137.0,10452.0,9963.674,10044.389
2017-06-26 09:00:00,10080.0,11399.0,10964.605,10813.442
2017-06-26 10:00:00,10694.0,12065.0,11458.292,11136.971
2017-06-26 11:00:00,11101.0,12789.0,11842.133,11404.455
2017-06-26 12:00:00,11424.0,13390.0,11980.348,11598.892
2017-06-26 13:00:00,11614.0,13722.0,12208.231,11759.143
2017-06-26 14:00:00,11717.0,14046.0,12306.184,11820.609
2017-06-26 15:00:00,11833.0,14313.0,12570.608,11879.197
2017-06-26 16:00:00,11842.0,14265.0,12530.928,11846.227
2017-06-26 17:00:00,11800.0,13844.0,12355.0205,11791.395
2017-06-26 18:00:00,11711.0,13315.0,12445.035,11820.065
2017-06-26 19:00:00,11471.0,12921.0,12051.307,11786.996
2017-06-26 20:00:00,11024.0,12442.0,11805.969,11585.73
2017-06-26 21:00:00,10749.0,12059.0,11717.216,11368.431
2017-06-26 22:00:00,10712.0,11870.0,11484.514,11334.403
2017-06-26 23:00:00,10613.0,11668.0,11034.053,10954.0
2017-06-27 00:00:00,9909.0,10853.0,10048.818,10192.431
2017-06-27 01:00:00,9153.0,9942.0,9374.79,9361.431
2017-06-27 02:00:00,8616.0,9331.0,8599.816,8674.278
2017-06-27 03:00:00,8264.0,8912.0,8355.826,8442.785
2017-06-27 04:00:00,8052.0,8675.0,8179.641,8227.692
2017-06-27 05:00:00,7931.0,8557.0,8140.0703,8173.5044
2017-06-27 06:00:00,8057.0,8661.0,8259.663,8274.558
2017-06-27 07:00:00,8444.0,9043.0,8704.668,8887.316
2017-06-27 08:00:00,9170.0,9997.0,10051.564,9990.734
2017-06-27 09:00:00,10089.0,10953.0,11092.18,10678.437
2017-06-27 10:00:00,10751.0,11708.0,11585.8545,11019.041
2017-06-27 11:00:00,11184.0,12283.0,11838.062,11216.473
2017-06-27 12:00:00,11562.0,12777.0,12318.419,11613.267
2017-06-27 13:00:00,11801.0,13173.0,12353.732,11596.525
2017-06-27 14:00:00,11954.0,13350.0,12347.791,11705.826
2017-06-27 15:00:00,12212.0,13432.0,12616.305,11754.232
2017-06-27 16:00:00,12342.0,13364.0,12769.683,11783.903
2017-06-27 17:00:00,12451.0,12939.0,12815.075,11925.338
2017-06-27 18:00:00,12539.0,12458.0,13197.751,11875.18
2017-06-27 19:00:00,12498.0,12258.0,12849.189,11744.72
2017-06-27 20:00:00,12228.0,12072.0,12664.282,11634.468
2017-06-27 21:00:00,11875.0,11773.0,12346.331,11623.874
2017-06-27 22:00:00,11624.0,11583.0,12049.569,11663.882
2017-06-27 23:00:00,11449.0,11436.0,11431.464,11548.015
2017-06-28 00:00:00,10677.0,10669.0,10605.557,10188.438
2017-06-28 01:00:00,9796.0,9798.0,9670.049,9378.33
2017-06-28 02:00:00,9164.0,9188.0,9157.746,8875.402
2017-06-28 03:00:00,8751.0,8776.0,8631.85,8571.636
2017-06-28 04:00:00,8492.0,8524.0,8305.102,8352.585
2017-06-28 05:00:00,8356.0,8419.0,8217.613,8284.583
2017-06-28 06:00:00,8526.0,8583.0,8514.577,8397.774
2017-06-28 07:00:00,8867.0,8917.0,9116.674,8840.885
2017-06-28 08:00:00,9679.0,9851.0,9890.626,9418.931
2017-06-28 09:00:00,10516.0,10822.0,11005.986,10486.916
2017-06-28 10:00:00,11056.0,11554.0,12214.66,11266.695
2017-06-28 11:00:00,11366.0,12049.0,12461.882,11796.389
2017-06-28 12:00:00,11651.0,12470.0,13348.594,12399.617
2017-06-28 13:00:00,11762.0,12819.0,14133.638,12632.054
2017-06-28 14:00:00,11708.0,13126.0,15032.351,12813.563
2017-06-28 15:00:00,11930.0,13550.0,15832.433,12865.508
2017-06-28 16:00:00,12160.0,13884.0,16798.48,12736.573
2017-06-28 17:00:00,12371.0,13775.0,17065.838,12694.854
2017-06-28 18:00:00,12507.0,13706.0,17076.512,12694.854
2017-06-28 19:00:00,12364.0,13625.0,14162.655,12566.116
2017-06-28 20:00:00,12174.0,13276.0,13530.58,12247.763
2017-06-28 21:00:00,12140.0,13005.0,13694.018,12224.034
2017-06-28 22:00:00,12333.0,12938.0,13869.839,12025.847
2017-06-28 23:00:00,12148.0,12768.0,13393.532,11737.284
2017-06-29 00:00:00,11367.0,11953.0,12464.909,10837.994
2017-06-29 01:00:00,10527.0,11059.0,11396.101,9917.904
2017-06-29 02:00:00,9821.0,10365.0,10704.985,9094.23
2017-06-29 03:00:00,9392.0,9893.0,9922.625,8745.664
2017-06-29 04:00:00,9099.0,9662.0,9486.528,8524.736
2017-06-29 05:00:00,9010.0,9748.0,9647.982,8480.45
2017-06-29 06:00:00,9193.0,10077.0,9634.83,8579.026
2017-06-29 07:00:00,9693.0,10695.0,10397.619,9145.813
2017-06-29 08:00:00,10595.0,11711.0,11145.468,9937.799
2017-06-29 09:00:00,11607.0,12721.0,12603.348,10747.427
2017-06-29 10:00:00,12433.0,13676.0,13319.061,11444.795
2017-06-29 11:00:00,13124.0,14766.0,13826.004,12038.962
2017-06-29 12:00:00,13793.0,15791.0,14829.124,12966.973
2017-06-29 13:00:00,14429.0,16620.0,15170.4795,13440.889
2017-06-29 14:00:00,15032.0,17047.0,15769.8955,13689.89
2017-06-29 15:00:00,15372.0,17249.0,15950.413,14146.498
2017-06-29 16:00:00,15613.0,17891.0,15914.305,14637.273
2017-06-29 17:00:00,15522.0,18189.0,15703.84,15018.38
2017-06-29 18:00:00,15252.0,18002.0,15846.42,15179.687
2017-06-29 19:00:00,14687.0,17805.0,15435.042,15003.354
2017-06-29 20:00:00,14131.0,17469.0,14474.174,14665.331
2017-06-29 21:00:00,13768.0,16894.0,13959.595,14575.599
2017-06-29 22:00:00,13393.0,16490.0,14103.979,14358.878
2017-06-29 23:00:00,13049.0,16008.0,13517.664,14299.7295
2017-06-30 00:00:00,12160.0,14844.0,12582.6045,12712.756
2017-06-30 01:00:00,11161.0,13586.0,11268.7295,11230.022
2017-06-30 02:00:00,10392.0,12627.0,10376.767,10620.409
2017-06-30 03:00:00,9852.0,11966.0,9844.049,9964.292
2017-06-30 04:00:00,9449.0,11525.0,9488.451,9641.8955
2017-06-30 05:00:00,9275.0,11315.0,9345.127,9401.681
2017-06-30 06:00:00,9427.0,11343.0,9486.013,9439.917
2017-06-30 07:00:00,9807.0,11475.0,9932.05,9842.138
2017-06-30 08:00:00,10683.0,11899.0,11150.284,10792.492
2017-06-30 09:00:00,11717.0,12470.0,12483.972,11841.9795
2017-06-30 10:00:00,12632.0,12905.0,12689.92,12706.416
2017-06-30 11:00:00,13259.0,13236.0,13176.947,12968.655
2017-06-30 12:00:00,14024.0,13820.0,14209.473,13803.749
2017-06-30 13:00:00,14695.0,14243.0,14677.258,14132.063
2017-06-30 14:00:00,15177.0,14670.0,15323.086,14245.974
2017-06-30 15:00:00,15505.0,15045.0,15517.804,14328.273
2017-06-30 16:00:00,15623.0,15277.0,15357.484,14395.04
2017-06-30 17:00:00,15495.0,15507.0,15351.395,14811.8545
2017-06-30 18:00:00,15354.0,15623.0,15740.913,15295.367
2017-06-30 19:00:00,15369.0,15313.0,15634.263,15583.512
2017-06-30 20:00:00,14990.0,14622.0,14819.299,14863.631
2017-06-30 21:00:00,14478.0,13880.0,14497.2,14413.238
2017-06-30 22:00:00,14053.0,13228.0,13941.001,14457.815
2017-06-30 23:00:00,13763.0,12819.0,13687.351,14064.473
2017-07-01 00:00:00,12837.0,11911.0,12448.149,12609.921
2017-07-01 01:00:00,11781.0,10871.0,11129.046,11623.654
2017-07-01 02:00:00,10873.0,10049.0,10320.087,10777.089
2017-07-01 03:00:00,10203.0,9462.0,10016.587,10257.737
2017-07-01 04:00:00,9625.0,9092.0,9417.989,9771.83
2017-07-01 05:00:00,9335.0,8782.0,9193.836,9467.379
2017-07-01 06:00:00,9235.0,8727.0,9172.704,9418.619
2017-07-01 07:00:00,9108.0,8670.0,9368.535,9486.013
2017-07-01 08:00:00,9400.0,9065.0,9814.561,9860.6455
2017-07-01 09:00:00,10117.0,9697.0,10602.224,10329.986
2017-07-01 10:00:00,11067.0,10357.0,11645.6875,11219.0205
2017-07-01 11:00:00,12045.0,10971.0,12374.717,11888.022
2017-07-01 12:00:00,12835.0,11333.0,13248.875,13057.839
2017-07-01 13:00:00,13351.0,11461.0,13342.477,13359.102
2017-07-01 14:00:00,13771.0,11462.0,13956.811,13631.173
2017-07-01 15:00:00,13933.0,11409.0,14492.02,13709.72
2017-07-01 16:00:00,14019.0,11344.0,14803.824,13830.05
2017-07-01 17:00:00,14034.0,11370.0,15108.802,14090.426
2017-07-01 18:00:00,14108.0,11378.0,15074.304,14343.885
2017-07-01 19:00:00,13955.0,11242.0,14573.584,14141.419
2017-07-01 20:00:00,13530.0,10964.0,13470.735,13572.814
2017-07-01 21:00:00,12817.0,10479.0,12829.111,12915.165
2017-07-01 22:00:00,12235.0,10254.0,12516.713,12613.4375
2017-07-01 23:00:00,11967.0,10118.0,12116.888,12474.106
2017-07-02 00:00:00,11228.0,9612.0,11367.088,11908.217
2017-07-02 01:00:00,10487.0,9036.0,9948.632,10930.581
2017-07-02 02:00:00,9710.0,8532.0,9395.061,10021.244
2017-07-02 03:00:00,9153.0,8182.0,8851.221,9430.959
2017-07-02 04:00:00,8712.0,7899.0,8621.789,9083.159
2017-07-02 05:00:00,8472.0,7728.0,8585.493,8963.397
2017-07-02 06:00:00,8301.0,7626.0,8525.929,8825.525
2017-07-02 07:00:00,8132.0,7481.0,8685.879,8670.687
2017-07-02 08:00:00,8244.0,7605.0,8809.228,8751.859
2017-07-02 09:00:00,8847.0,7984.0,9617.47,9285.672
2017-07-02 10:00:00,9603.0,8494.0,10384.445,10172.16
2017-07-02 11:00:00,10424.0,8951.0,11542.326,11155.996
2017-07-02 12:00:00,11161.0,9305.0,12827.247,11775.72
2017-07-02 13:00:00,11944.0,9502.0,14094.36,12340.566
2017-07-02 14:00:00,12601.0,9576.0,14780.463,12527.659
2017-07-02 15:00:00,13334.0,9716.0,15416.53,13094.645
2017-07-02 16:00:00,14119.0,9758.0,15756.527,13203.405
2017-07-02 17:00:00,14698.0,9803.0,15308.923,13384.108
2017-07-02 18:00:00,14893.0,9903.0,15257.226,13507.156
2017-07-02 19:00:00,14799.0,9968.0,14251.704,13588.547
2017-07-02 20:00:00,14167.0,9834.0,14226.835,13390.83
2017-07-02 21:00:00,13395.0,9622.0,13309.115,13388.887
2017-07-02 22:00:00,12910.0,9639.0,12857.33,13267.038
2017-07-02 23:00:00,12657.0,9712.0,12421.708,13172.153
2017-07-03 00:00:00,11943.0,9272.0,11707.512,11925.706
2017-07-03 01:00:00,11112.0,8682.0,10493.852,10956.182
2017-07-03 02:00:00,10347.0,8241.0,9907.602,10064.426
2017-07-03 03:00:00,9819.0,7946.0,9589.199,9975.746
2017-07-03 04:00:00,9438.0,7739.0,9419.931,9784.776
2017-07-03 05:00:00,9250.0,7699.0,9355.035,9647.632
2017-07-03 06:00:00,9267.0,7921.0,9461.934,9718.444
2017-07-03 07:00:00,9503.0,8322.0,10049.317,10298.982
2017-07-03 08:00:00,10034.0,9137.0,10901.852,11573.743
2017-07-03 09:00:00,10853.0,10080.0,11495.144,11927.891
2017-07-03 10:00:00,11700.0,10694.0,12690.653,12987.465
2017-07-03 11:00:00,12530.0,11101.0,13344.177,13639.677
2017-07-03 12:00:00,13310.0,11424.0,14041.643,14566.835
2017-07-03 13:00:00,13901.0,11614.0,14133.372,15036.252
2017-07-03 14:00:00,14348.0,11717.0,14372.708,15218.945
2017-07-03 15:00:00,14725.0,11833.0,14809.05,15179.426
2017-07-03 16:00:00,14912.0,11842.0,14693.777,15067.505
2017-07-03 17:00:00,14981.0,11800.0,14889.148,15068.072
2017-07-03 18:00:00,14588.0,11711.0,14896.501,15063.5625
2017-07-03 19:00:00,13889.0,11471.0,14788.307,14786.521
2017-07-03 20:00:00,13028.0,11024.0,13576.212,14322.561
2017-07-03 21:00:00,12300.0,10749.0,13137.867,14490.402
2017-07-03 22:00:00,11857.0,10712.0,12852.932,14177.562
2017-07-03 23:00:00,11544.0,10613.0,12304.688,13325.54
2017-07-04 00:00:00,10858.0,9909.0,11114.668,11515.975
2017-07-04 01:00:00,10085.0,9153.0,10028.045,10378.325
2017-07-04 02:00:00,9421.0,8616.0,9544.847,9504.035
2017-07-04 03:00:00,8945.0,8264.0,8995.653,9112.0205
2017-07-04 04:00:00,8604.0,8052.0,8741.876,8703.573
2017-07-04 05:00:00,8420.0,7931.0,8638.159,8703.634
2017-07-04 06:00:00,8384.0,8057.0,8674.845,8690.118
2017-07-04 07:00:00,8306.0,8444.0,9005.668,8646.907
2017-07-04 08:00:00,8469.0,9170.0,9237.797,9088.26
2017-07-04 09:00:00,8993.0,10089.0,9457.19,10105.488
2017-07-04 10:00:00,9856.0,10751.0,10418.984,10912.503
2017-07-04 11:00:00,10827.0,11184.0,11028.664,11310.78
2017-07-04 12:00:00,11836.0,11562.0,11747.851,11705.51
2017-07-04 13:00:00,12708.0,11801.0,12830.227,11580.912
2017-07-04 14:00:00,13450.0,11954.0,12684.311,11603.77
2017-07-04 15:00:00,13906.0,12212.0,13368.021,11523.073
2017-07-04 16:00:00,14159.0,12342.0,13411.752,11539.672
2017-07-04 17:00:00,14202.0,12451.0,13204.222,11628.888
2017-07-04 18:00:00,14150.0,12539.0,13047.96,11926.437
2017-07-04 19:00:00,13960.0,12498.0,13198.323,12502.249
2017-07-04 20:00:00,13443.0,12228.0,12889.936,12627.073
2017-07-04 21:00:00,12768.0,11875.0,12489.162,12618.868
2017-07-04 22:00:00,12282.0,11624.0,12390.931,12925.877
2017-07-04 23:00:00,11939.0,11449.0,12495.521,12520.267
2017-07-05 00:00:00,11463.0,10677.0,12213.837,11181.517
2017-07-05 01:00:00,10778.0,9796.0,11656.735,10168.077
2017-07-05 02:00:00,10057.0,9164.0,10630.914,9407.374
2017-07-05 03:00:00,9530.0,8751.0,9579.1,8954.206
2017-07-05 04:00:00,9165.0,8492.0,9265.788,8711.109
2017-07-05 05:00:00,8984.0,8356.0,9209.151,8628.368
2017-07-05 06:00:00,9122.0,8526.0,9322.453,8750.268
2017-07-05 07:00:00,9573.0,8867.0,10085.16,9173.452
2017-07-05 08:00:00,10500.0,9679.0,10948.101,9647.632
2017-07-05 09:00:00,11680.0,10516.0,11219.758,10289.006
2017-07-05 10:00:00,12759.0,11056.0,12554.401,11404.025
2017-07-05 11:00:00,13781.0,11366.0,13748.691,12992.824
2017-07-05 12:00:00,14845.0,11651.0,15058.83,13794.455
2017-07-05 13:00:00,15680.0,11762.0,14993.169,13731.348
2017-07-05 14:00:00,16392.0,11708.0,15703.671,13990.401
2017-07-05 15:00:00,17044.0,11930.0,16284.372,14367.553
2017-07-05 16:00:00,17404.0,12160.0,16450.596,14757.267
2017-07-05 17:00:00,17531.0,12371.0,16379.816,15155.056
2017-07-05 18:00:00,17527.0,12507.0,16254.244,15434.739
2017-07-05 19:00:00,17020.0,12364.0,16360.634,15644.614
2017-07-05 20:00:00,16187.0,12174.0,16282.177,15556.26
2017-07-05 21:00:00,15415.0,12140.0,15486.642,15258.528
2017-07-05 22:00:00,15061.0,12333.0,15218.64,15424.737
2017-07-05 23:00:00,14533.0,12148.0,15197.043,16003.131
2017-07-06 00:00:00,13470.0,11367.0,14255.636,13820.725
2017-07-06 01:00:00,12322.0,10527.0,12843.294,12356.998
2017-07-06 02:00:00,11422.0,9821.0,11970.338,11606.915
2017-07-06 03:00:00,10809.0,9392.0,11048.692,11021.704
2017-07-06 04:00:00,10340.0,9099.0,10249.363,10476.759
2017-07-06 05:00:00,10095.0,9010.0,10152.865,10369.075
2017-07-06 06:00:00,10149.0,9193.0,10325.125,10304.449
2017-07-06 07:00:00,10531.0,9693.0,11147.296,10734.679
2017-07-06 08:00:00,11523.0,10595.0,12373.985,11289.984
2017-07-06 09:00:00,12904.0,11607.0,13878.916,12486.645
2017-07-06 10:00:00,14201.0,12433.0,14850.562,13493.183
2017-07-06 11:00:00,15371.0,13124.0,15719.783,14173.624
2017-07-06 12:00:00,16453.0,13793.0,16300.904,14938.333
2017-07-06 13:00:00,17311.0,14429.0,16900.703,15533.498
2017-07-06 14:00:00,18052.0,15032.0,17551.582,16030.104
2017-07-06 15:00:00,18687.0,15372.0,18358.916,16574.693
2017-07-06 16:00:00,19054.0,15613.0,19357.459,17067.445
2017-07-06 17:00:00,19269.0,15522.0,20076.826,17669.578
2017-07-06 18:00:00,19408.0,15252.0,19706.646,17648.553
2017-07-06 19:00:00,19354.0,14687.0,19655.266,17633.023
2017-07-06 20:00:00,19005.0,14131.0,17826.934,17230.035
2017-07-06 21:00:00,18389.0,13768.0,17290.588,16719.51
2017-07-06 22:00:00,17753.0,13393.0,16970.488,16438.957
2017-07-06 23:00:00,17205.0,13049.0,16349.645,15443.615
2017-07-07 00:00:00,15918.0,12160.0,15166.423,14752.683
2017-07-07 01:00:00,14605.0,11161.0,14003.8955,13685.217
2017-07-07 02:00:00,13542.0,10392.0,12555.593,12534.623
2017-07-07 03:00:00,12736.0,9852.0,11853.942,12090.148
2017-07-07 04:00:00,12047.0,9449.0,11605.187,11534.528
2017-07-07 05:00:00,11575.0,9275.0,11809.293,11262.841
2017-07-07 06:00:00,11603.0,9427.0,11846.533,11229.118
2017-07-07 07:00:00,12012.0,9807.0,11971.589,11612.202
2017-07-07 08:00:00,12857.0,10683.0,12343.311,12352.908
2017-07-07 09:00:00,13850.0,11717.0,12582.046,13152.545
2017-07-07 10:00:00,14686.0,12632.0,13625.87,14493.903
2017-07-07 11:00:00,15479.0,13259.0,14973.428,15750.185
2017-07-07 12:00:00,16434.0,14024.0,15805.395,16703.607
2017-07-07 13:00:00,17034.0,14695.0,16957.506,17259.355
2017-07-07 14:00:00,17336.0,15177.0,17508.201,17538.023
2017-07-07 15:00:00,17648.0,15505.0,16398.617,18443.879
2017-07-07 16:00:00,17730.0,15623.0,16025.478,18985.963
2017-07-07 17:00:00,17586.0,15495.0,16368.717,19171.89
2017-07-07 18:00:00,17371.0,15354.0,15589.349,18637.95
2017-07-07 19:00:00,16943.0,15369.0,16651.865,18339.453
2017-07-07 20:00:00,16099.0,14990.0,15788.098,16863.203
2017-07-07 21:00:00,15090.0,14478.0,15320.233,16542.314
2017-07-07 22:00:00,14375.0,14053.0,14205.652,15874.937
2017-07-07 23:00:00,13895.0,13763.0,13286.066,14964.916
2017-07-08 00:00:00,12760.0,12837.0,12052.264,14031.21
2017-07-08 01:00:00,11519.0,11781.0,11033.181,12729.145
2017-07-08 02:00:00,10625.0,10873.0,10649.574,11537.523
2017-07-08 03:00:00,9953.0,10203.0,10288.604,10954.813
2017-07-08 04:00:00,9503.0,9625.0,9678.169,10495.979
2017-07-08 05:00:00,9224.0,9335.0,9505.435,10268.57
2017-07-08 06:00:00,9108.0,9235.0,9436.63,10234.864
2017-07-08 07:00:00,9016.0,9108.0,9609.785,10183.314
2017-07-08 08:00:00,9328.0,9400.0,10028.951,10677.954
2017-07-08 09:00:00,9999.0,10117.0,10811.594,11877.387
2017-07-08 10:00:00,10749.0,11067.0,11212.964,12437.181
2017-07-08 11:00:00,11433.0,12045.0,12228.857,12840.604
2017-07-08 12:00:00,11973.0,12835.0,12407.563,12884.813
2017-07-08 13:00:00,12357.0,13351.0,12579.409,13752.6875
2017-07-08 14:00:00,12567.0,13771.0,12929.93,13205.706
2017-07-08 15:00:00,12730.0,13933.0,13146.9375,13356.908
2017-07-08 16:00:00,12908.0,14019.0,12860.253,12899.681
2017-07-08 17:00:00,13149.0,14034.0,13297.006,13519.071
2017-07-08 18:00:00,13256.0,14108.0,13006.617,13664.563
2017-07-08 19:00:00,13179.0,13955.0,13775.169,13465.265
2017-07-08 20:00:00,12901.0,13530.0,12981.636,12182.022
2017-07-08 21:00:00,12321.0,12817.0,12234.8,11804.891
2017-07-08 22:00:00,11790.0,12235.0,11909.601,11554.651
2017-07-08 23:00:00,11515.0,11967.0,11577.761,11597.912
2017-07-09 00:00:00,10830.0,11228.0,10607.676,11143.726
2017-07-09 01:00:00,10044.0,10487.0,10017.392,10432.985
2017-07-09 02:00:00,9394.0,9710.0,9293.418,9802.774
2017-07-09 03:00:00,8855.0,9153.0,8924.336,9441.948
2017-07-09 04:00:00,8537.0,8712.0,8505.601,9047.167
2017-07-09 05:00:00,8276.0,8472.0,8413.574,8794.43
2017-07-09 06:00:00,8168.0,8301.0,8359.39,8643.632
2017-07-09 07:00:00,7949.0,8132.0,8521.793,8581.135
2017-07-09 08:00:00,8091.0,8244.0,8663.612,8634.016
2017-07-09 09:00:00,8615.0,8847.0,9697.59,9152.042
2017-07-09 10:00:00,9404.0,9603.0,10519.395,9832.791
2017-07-09 11:00:00,10362.0,10424.0,11191.064,10810.04
2017-07-09 12:00:00,11197.0,11161.0,12715.738,11774.812
2017-07-09 13:00:00,11990.0,11944.0,13583.853,12015.074
2017-07-09 14:00:00,12641.0,12601.0,14511.953,12302.564
2017-07-09 15:00:00,13319.0,13334.0,15057.086,12653.704
2017-07-09 16:00:00,13861.0,14119.0,15441.591,13048.364
2017-07-09 17:00:00,14219.0,14698.0,15804.343,13119.924
2017-07-09 18:00:00,14631.0,14893.0,15628.477,13086.588
2017-07-09 19:00:00,14716.0,14799.0,14983.298,13226.594
2017-07-09 20:00:00,14550.0,14167.0,14278.067,13247.155
2017-07-09 21:00:00,14257.0,13395.0,13820.623,13217.781
2017-07-09 22:00:00,14220.0,12910.0,14008.615,13253.475
2017-07-09 23:00:00,14133.0,12657.0,13672.405,13236.443
2017-07-10 00:00:00,13452.0,11943.0,12900.553,12665.4
2017-07-10 01:00:00,12523.0,11112.0,11853.968,11581.968
2017-07-10 02:00:00,11705.0,10347.0,10996.267,10569.853
2017-07-10 03:00:00,11136.0,9819.0,10536.26,10152.331
2017-07-10 04:00:00,10782.0,9438.0,9843.629,9863.194
2017-07-10 05:00:00,10660.0,9250.0,10152.659,9776.368
2017-07-10 06:00:00,10790.0,9267.0,10437.316,9824.114
2017-07-10 07:00:00,11243.0,9503.0,10291.644,10488.088
2017-07-10 08:00:00,11847.0,10034.0,11161.416,11478.565
2017-07-10 09:00:00,12408.0,10853.0,12333.251,12571.629
2017-07-10 10:00:00,12836.0,11700.0,13699.255,13895.792
2017-07-10 11:00:00,13402.0,12530.0,14537.517,14568.984
2017-07-10 12:00:00,14194.0,13310.0,16361.923,14999.358
2017-07-10 13:00:00,14705.0,13901.0,17014.268,15932.803
2017-07-10 14:00:00,15056.0,14348.0,18920.775,16616.166
2017-07-10 15:00:00,15662.0,14725.0,19633.682,17233.322
2017-07-10 16:00:00,16147.0,14912.0,17359.223,17203.018
2017-07-10 17:00:00,15987.0,14981.0,17558.025,17567.281
2017-07-10 18:00:00,15924.0,14588.0,17530.252,17720.836
2017-07-10 19:00:00,16101.0,13889.0,17118.479,17333.29
2017-07-10 20:00:00,15862.0,13028.0,16845.48,16625.736
2017-07-10 21:00:00,15439.0,12300.0,15753.269,15816.074
2017-07-10 22:00:00,15028.0,11857.0,15469.375,15365.258
2017-07-10 23:00:00,14764.0,11544.0,14535.557,14618.424
2017-07-11 00:00:00,13570.0,10858.0,12978.704,13008.722
2017-07-11 01:00:00,12362.0,10085.0,12086.691,12152.725
2017-07-11 02:00:00,11437.0,9421.0,11277.135,11079.939
2017-07-11 03:00:00,10800.0,8945.0,10461.176,10418.276
2017-07-11 04:00:00,10394.0,8604.0,10246.256,9989.083
2017-07-11 05:00:00,10172.0,8420.0,10077.02,9967.651
2017-07-11 06:00:00,10296.0,8384.0,10229.734,9981.437
2017-07-11 07:00:00,10739.0,8306.0,11315.38,10132.231
2017-07-11 08:00:00,11712.0,8469.0,12029.919,10931.437
2017-07-11 09:00:00,12885.0,8993.0,12595.721,11807.505
2017-07-11 10:00:00,13975.0,9856.0,13541.405,13039.721
2017-07-11 11:00:00,14796.0,10827.0,14768.579,13912.691
2017-07-11 12:00:00,15456.0,11836.0,15764.36,14896.611
2017-07-11 13:00:00,16049.0,12708.0,16137.764,15798.117
2017-07-11 14:00:00,16772.0,13450.0,16418.572,16007.67
2017-07-11 15:00:00,17401.0,13906.0,17031.648,16940.652
2017-07-11 16:00:00,17535.0,14159.0,17923.059,17165.547
2017-07-11 17:00:00,17114.0,14202.0,19103.008,17516.285
2017-07-11 18:00:00,16628.0,14150.0,19610.654,17742.078
2017-07-11 19:00:00,16378.0,13960.0,18605.227,17356.781
2017-07-11 20:00:00,16089.0,13443.0,17686.234,16786.428
2017-07-11 21:00:00,15750.0,12768.0,16956.926,16238.321
2017-07-11 22:00:00,15564.0,12282.0,16746.348,15779.42
2017-07-11 23:00:00,15224.0,11939.0,16014.689,15213.231
2017-07-12 00:00:00,14296.0,11463.0,14875.711,13696.58
2017-07-12 01:00:00,13155.0,10778.0,13701.615,12608.167
2017-07-12 02:00:00,12256.0,10057.0,12507.602,11469.915
2017-07-12 03:00:00,11743.0,9530.0,12219.868,10945.806
2017-07-12 04:00:00,11326.0,9165.0,11840.831,10251.378
2017-07-12 05:00:00,11120.0,8984.0,11884.272,10240.585
2017-07-12 06:00:00,11081.0,9122.0,11955.415,10247.991
2017-07-12 07:00:00,11568.0,9573.0,11610.933,10679.289
2017-07-12 08:00:00,12346.0,10500.0,12302.211,11574.869
2017-07-12 09:00:00,13382.0,11680.0,13107.493,12618.91
2017-07-12 10:00:00,14046.0,12759.0,13595.257,13844.016
2017-07-12 11:00:00,14311.0,13781.0,14042.166,14432.452
2017-07-12 12:00:00,14355.0,14845.0,14932.744,15254.613
2017-07-12 13:00:00,14353.0,15680.0,16326.721,16231.529
2017-07-12 14:00:00,14258.0,16392.0,17931.098,16485.434
2017-07-12 15:00:00,14163.0,17044.0,19817.672,16448.71
2017-07-12 16:00:00,14284.0,17404.0,20096.195,16854.873
2017-07-12 17:00:00,14609.0,17531.0,19879.443,16796.158
2017-07-12 18:00:00,14839.0,17527.0,20016.7,17091.49
2017-07-12 19:00:00,14908.0,17020.0,16979.895,16471.504
2017-07-12 20:00:00,14941.0,16187.0,16444.768,15619.025
2017-07-12 21:00:00,14981.0,15415.0,15850.879,15179.753
2017-07-12 22:00:00,14993.0,15061.0,15569.132,14730.353
2017-07-12 23:00:00,14739.0,14533.0,14904.932,14351.984
2017-07-13 00:00:00,13906.0,13470.0,13512.417,12763.753
2017-07-13 01:00:00,12960.0,12322.0,12665.175,11850.231
2017-07-13 02:00:00,12172.0,11422.0,12232.194,11235.147
2017-07-13 03:00:00,11476.0,10809.0,11673.173,10857.0
2017-07-13 04:00:00,10968.0,10340.0,11333.966,10465.397
2017-07-13 05:00:00,10697.0,10095.0,11221.686,10175.153
2017-07-13 06:00:00,10806.0,10149.0,11358.255,10231.501
2017-07-13 07:00:00,11341.0,10531.0,11676.785,10940.49
2017-07-13 08:00:00,12160.0,11523.0,12683.827,11471.652
2017-07-13 09:00:00,13089.0,12904.0,13658.523,12652.338
2017-07-13 10:00:00,13742.0,14201.0,14058.072,13226.012
2017-07-13 11:00:00,14172.0,15371.0,14856.683,13851.603
2017-07-13 12:00:00,14590.0,16453.0,15654.316,14710.97
2017-07-13 13:00:00,15093.0,17311.0,16228.69,15482.835
2017-07-13 14:00:00,15535.0,18052.0,17070.326,15878.965
2017-07-13 15:00:00,16056.0,18687.0,17466.281,17140.398
2017-07-13 16:00:00,16526.0,19054.0,17826.996,17140.688
2017-07-13 17:00:00,16790.0,19269.0,18251.336,17403.55
2017-07-13 18:00:00,16963.0,19408.0,18011.525,17203.365
2017-07-13 19:00:00,16864.0,19354.0,16992.387,17266.771
2017-07-13 20:00:00,16550.0,19005.0,16016.027,16185.826
2017-07-13 21:00:00,15864.0,18389.0,15647.946,15935.054
2017-07-13 22:00:00,15207.0,17753.0,15304.287,15515.463
2017-07-13 23:00:00,14724.0,17205.0,14667.728,15056.725
2017-07-14 00:00:00,13590.0,15918.0,13729.861,13791.922
2017-07-14 01:00:00,12371.0,14605.0,12258.093,12575.988
2017-07-14 02:00:00,11408.0,13542.0,11385.93,11624.861
2017-07-14 03:00:00,10689.0,12736.0,10766.653,11068.304
2017-07-14 04:00:00,10197.0,12047.0,10270.603,10648.791
2017-07-14 05:00:00,9933.0,11575.0,9976.127,10445.48
2017-07-14 06:00:00,9976.0,11603.0,10148.856,10532.524
2017-07-14 07:00:00,10296.0,12012.0,10640.816,11020.917
2017-07-14 08:00:00,10950.0,12857.0,11498.188,11620.155
2017-07-14 09:00:00,11718.0,13850.0,12447.977,12785.127
2017-07-14 10:00:00,12322.0,14686.0,13130.914,13513.941
2017-07-14 11:00:00,12660.0,15479.0,13614.628,14059.184
2017-07-14 12:00:00,12866.0,16434.0,14232.3,14722.524
2017-07-14 13:00:00,13043.0,17034.0,14694.082,15396.44
2017-07-14 14:00:00,13194.0,17336.0,14784.77,15726.733
2017-07-14 15:00:00,13391.0,17648.0,14959.809,16110.981
2017-07-14 16:00:00,13394.0,17730.0,15047.941,15718.041
2017-07-14 17:00:00,13210.0,17586.0,14397.689,15538.352
2017-07-14 18:00:00,13094.0,17371.0,14338.04,15045.351
2017-07-14 19:00:00,12731.0,16943.0,14774.262,14605.661
2017-07-14 20:00:00,12244.0,16099.0,13683.231,12826.145
2017-07-14 21:00:00,11935.0,15090.0,13068.076,12374.761
2017-07-14 22:00:00,11890.0,14375.0,12808.59,12292.721
2017-07-14 23:00:00,11778.0,13895.0,12283.431,11563.935
2017-07-15 00:00:00,11055.0,12760.0,11178.369,10922.302
2017-07-15 01:00:00,10296.0,11519.0,10325.137,10327.825
2017-07-15 02:00:00,9631.0,10625.0,9739.744,9714.651
2017-07-15 03:00:00,9136.0,9953.0,9337.84,9450.362
2017-07-15 04:00:00,8802.0,9503.0,8743.093,8988.784
2017-07-15 05:00:00,8634.0,9224.0,8695.814,8932.627
2017-07-15 06:00:00,8565.0,9108.0,8722.884,8942.893
2017-07-15 07:00:00,8611.0,9016.0,8844.031,9146.299
2017-07-15 08:00:00,8850.0,9328.0,9236.935,9381.085
2017-07-15 09:00:00,9505.0,9999.0,9789.135,9699.824
2017-07-15 10:00:00,10291.0,10749.0,10829.748,10147.344
2017-07-15 11:00:00,11009.0,11433.0,11519.31,10751.366
2017-07-15 12:00:00,11647.0,11973.0,12114.317,11400.27
2017-07-15 13:00:00,12090.0,12357.0,12627.695,11815.951
2017-07-15 14:00:00,12504.0,12567.0,13439.9375,12012.232
2017-07-15 15:00:00,12833.0,12730.0,14130.752,12136.366
2017-07-15 16:00:00,13208.0,12908.0,14876.922,12326.8545
2017-07-15 17:00:00,13624.0,13149.0,14471.668,12546.958
2017-07-15 18:00:00,13767.0,13256.0,14173.817,12661.643
2017-07-15 19:00:00,13614.0,13179.0,14040.679,12816.123
2017-07-15 20:00:00,13348.0,12901.0,13224.315,12408.6455
2017-07-15 21:00:00,13030.0,12321.0,12787.244,12281.41
2017-07-15 22:00:00,12722.0,11790.0,12227.577,12336.071
2017-07-15 23:00:00,12483.0,11515.0,12323.836,12105.267
2017-07-16 00:00:00,11818.0,10830.0,11598.217,11260.147
2017-07-16 01:00:00,11042.0,10044.0,10883.334,10556.729
2017-07-16 02:00:00,10399.0,9394.0,10338.885,9842.769
2017-07-16 03:00:00,9816.0,8855.0,9484.862,9282.762
2017-07-16 04:00:00,9441.0,8537.0,9045.03,8981.283
2017-07-16 05:00:00,9267.0,8276.0,8910.41,8744.669
2017-07-16 06:00:00,9178.0,8168.0,8785.364,8706.828
2017-07-16 07:00:00,9028.0,7949.0,8953.273,8684.689
2017-07-16 08:00:00,8993.0,8091.0,8727.129,8822.31
2017-07-16 09:00:00,9372.0,8615.0,8985.056,9181.064
2017-07-16 10:00:00,9839.0,9404.0,9644.992,10245.429
2017-07-16 11:00:00,10297.0,10362.0,10715.847,11527.795
2017-07-16 12:00:00,10777.0,11197.0,11105.102,12285.009
2017-07-16 13:00:00,11051.0,11990.0,11341.489,12758.91
2017-07-16 14:00:00,11147.0,12641.0,11339.961,13085.675
2017-07-16 15:00:00,11286.0,13319.0,11489.663,13573.827
2017-07-16 16:00:00,11402.0,13861.0,11417.195,13786.705
2017-07-16 17:00:00,11567.0,14219.0,11646.559,13541.049
2017-07-16 18:00:00,11818.0,14631.0,12027.216,13397.064
2017-07-16 19:00:00,11874.0,14716.0,12169.451,12977.643
2017-07-16 20:00:00,11662.0,14550.0,11786.81,12602.226
2017-07-16 21:00:00,11219.0,14257.0,11638.759,12453.488
2017-07-16 22:00:00,10982.0,14220.0,11619.618,12308.637
2017-07-16 23:00:00,10858.0,14133.0,11398.107,11697.355
2017-07-17 00:00:00,10316.0,13452.0,10629.118,11074.228
2017-07-17 01:00:00,9602.0,12523.0,9702.21,10147.455
2017-07-17 02:00:00,8982.0,11705.0,9314.348,9561.972
2017-07-17 03:00:00,8607.0,11136.0,9034.3955,9378.8955
2017-07-17 04:00:00,8387.0,10782.0,9159.381,9555.948
2017-07-17 05:00:00,8325.0,10660.0,8928.837,9361.834
2017-07-17 06:00:00,8518.0,10790.0,8973.08,9442.858
2017-07-17 07:00:00,8926.0,11243.0,9372.355,9964.275
2017-07-17 08:00:00,9741.0,11847.0,10511.746,11084.593
2017-07-17 09:00:00,10728.0,12408.0,11638.833,11753.863
2017-07-17 10:00:00,11548.0,12836.0,12231.959,12138.084
2017-07-17 11:00:00,12181.0,13402.0,12514.753,12424.185
2017-07-17 12:00:00,12715.0,14194.0,12878.282,12891.96
2017-07-17 13:00:00,13136.0,14705.0,13109.188,13039.748
2017-07-17 14:00:00,13509.0,15056.0,13258.107,13149.075
2017-07-17 15:00:00,13950.0,15662.0,13584.984,13399.632
2017-07-17 16:00:00,14319.0,16147.0,13919.284,13663.995
2017-07-17 17:00:00,14616.0,15987.0,13794.878,13898.364
2017-07-17 18:00:00,14821.0,15924.0,13838.724,14264.349
2017-07-17 19:00:00,14822.0,16101.0,13879.641,14293.721
2017-07-17 20:00:00,14381.0,15862.0,13727.701,13866.554
2017-07-17 21:00:00,13766.0,15439.0,13280.082,13656.76
2017-07-17 22:00:00,13320.0,15028.0,12952.024,13466.46
2017-07-17 23:00:00,12914.0,14764.0,12563.203,13359.283
2017-07-18 00:00:00,11931.0,13570.0,12140.043,11885.671
2017-07-18 01:00:00,10855.0,12362.0,11075.781,10865.896
2017-07-18 02:00:00,10054.0,11437.0,10261.174,10295.526
2017-07-18 03:00:00,9527.0,10800.0,9637.514,9835.103
2017-07-18 04:00:00,9190.0,10394.0,9163.231,9205.152
2017-07-18 05:00:00,9013.0,10172.0,8993.639,8974.506
2017-07-18 06:00:00,9100.0,10296.0,9019.682,9346.986
2017-07-18 07:00:00,9529.0,10739.0,9934.423,9741.274
2017-07-18 08:00:00,10349.0,11712.0,10793.218,10607.196
2017-07-18 09:00:00,11450.0,12885.0,12666.281,11870.053
2017-07-18 10:00:00,12359.0,13975.0,13713.779,12586.487
2017-07-18 11:00:00,13119.0,14796.0,14769.705,12979.576
2017-07-18 12:00:00,13911.0,15456.0,15227.131,13740.31
2017-07-18 13:00:00,14605.0,16049.0,16467.262,14141.807
2017-07-18 14:00:00,15243.0,16772.0,17755.588,14463.791
2017-07-18 15:00:00,15967.0,17401.0,18389.2,14811.491
2017-07-18 16:00:00,16653.0,17535.0,18836.674,15305.532
2017-07-18 17:00:00,17233.0,17114.0,18672.29,15316.861
2017-07-18 18:00:00,17649.0,16628.0,18497.363,15176.789
2017-07-18 19:00:00,17604.0,16378.0,18161.75,15124.405
2017-07-18 20:00:00,17259.0,16089.0,17511.07,15142.307
2017-07-18 21:00:00,16790.0,15750.0,16811.295,15144.906
2017-07-18 22:00:00,16448.0,15564.0,16544.574,15057.369
2017-07-18 23:00:00,15973.0,15224.0,16012.824,14780.065
2017-07-19 00:00:00,14761.0,14296.0,14063.063,13502.436
2017-07-19 01:00:00,13511.0,13155.0,12959.453,12187.784
2017-07-19 02:00:00,12507.0,12256.0,12112.186,11300.442
2017-07-19 03:00:00,11708.0,11743.0,11752.785,10866.49
2017-07-19 04:00:00,11056.0,11326.0,11155.178,10141.876
2017-07-19 05:00:00,10726.0,11120.0,10918.796,9912.635
2017-07-19 06:00:00,10777.0,11081.0,10950.794,9932.962
2017-07-19 07:00:00,11168.0,11568.0,11665.016,10499.366
2017-07-19 08:00:00,12099.0,12346.0,12424.55,11373.12
2017-07-19 09:00:00,13403.0,13382.0,14039.903,12746.564
2017-07-19 10:00:00,14618.0,14046.0,15030.045,13805.3
2017-07-19 11:00:00,15613.0,14311.0,16247.073,14687.662
2017-07-19 12:00:00,16660.0,14355.0,16289.476,15581.752
2017-07-19 13:00:00,17533.0,14353.0,16372.906,16393.258
2017-07-19 14:00:00,18175.0,14258.0,17299.178,17427.57
2017-07-19 15:00:00,18650.0,14163.0,17794.695,18129.916
2017-07-19 16:00:00,18840.0,14284.0,17886.89,18698.533
2017-07-19 17:00:00,18836.0,14609.0,18056.42,18764.922
2017-07-19 18:00:00,18842.0,14839.0,17889.266,18775.307
2017-07-19 19:00:00,18521.0,14908.0,18357.305,18584.875
2017-07-19 20:00:00,17976.0,14941.0,17156.795,17793.035
2017-07-19 21:00:00,17209.0,14981.0,15802.984,17120.926
2017-07-19 22:00:00,16660.0,14993.0,15406.579,16677.094
2017-07-19 23:00:00,15843.0,14739.0,14853.538,15991.988
2017-07-20 00:00:00,14197.0,13906.0,13934.766,14646.808
2017-07-20 01:00:00,12910.0,12960.0,13019.413,13240.135
2017-07-20 02:00:00,11914.0,12172.0,12232.962,12264.511
2017-07-20 03:00:00,11268.0,11476.0,11909.994,11610.984
2017-07-20 04:00:00,10823.0,10968.0,11767.507,11203.152
2017-07-20 05:00:00,10582.0,10697.0,11698.215,11009.449
2017-07-20 06:00:00,10685.0,10806.0,11798.32,11065.856
2017-07-20 07:00:00,11306.0,11341.0,11344.714,11399.361
2017-07-20 08:00:00,12145.0,12160.0,11538.629,11904.331
2017-07-20 09:00:00,12827.0,13089.0,12575.788,13206.547
2017-07-20 10:00:00,13270.0,13742.0,13327.24,14227.623
2017-07-20 11:00:00,13725.0,14172.0,14827.607,14727.066
2017-07-20 12:00:00,14662.0,14590.0,16345.406,15680.136
2017-07-20 13:00:00,15840.0,15093.0,18127.324,16198.257
2017-07-20 14:00:00,16936.0,15535.0,19905.895,16093.663
2017-07-20 15:00:00,17936.0,16056.0,20059.287,16766.713
2017-07-20 16:00:00,18287.0,16526.0,18069.018,17327.31
2017-07-20 17:00:00,18023.0,16790.0,18167.828,17929.834
2017-07-20 18:00:00,17857.0,16963.0,17942.045,17931.037
2017-07-20 19:00:00,17713.0,16864.0,18056.148,17683.723
2017-07-20 20:00:00,17209.0,16550.0,17374.85,17127.639
2017-07-20 21:00:00,16694.0,15864.0,16412.846,16158.379
2017-07-20 22:00:00,16341.0,15207.0,16304.529,15689.874
2017-07-20 23:00:00,15811.0,14724.0,16116.755,15526.75
2017-07-21 00:00:00,14627.0,13590.0,14847.096,14224.101
2017-07-21 01:00:00,13408.0,12371.0,13684.8,12741.312
2017-07-21 02:00:00,12371.0,11408.0,12433.349,11764.393
2017-07-21 03:00:00,11674.0,10689.0,11732.041,11164.723
2017-07-21 04:00:00,11241.0,10197.0,11733.412,10616.343
2017-07-21 05:00:00,10935.0,9933.0,11202.723,10412.713
2017-07-21 06:00:00,10979.0,9976.0,11509.745,10558.422
2017-07-21 07:00:00,11426.0,10296.0,12164.911,10976.47
2017-07-21 08:00:00,12215.0,10950.0,12848.4,11737.027
2017-07-21 09:00:00,13405.0,11718.0,13946.247,12596.641
2017-07-21 10:00:00,14596.0,12322.0,15254.881,13492.215
2017-07-21 11:00:00,15581.0,12660.0,15922.222,14901.68
2017-07-21 12:00:00,16459.0,12866.0,17056.83,15737.913
2017-07-21 13:00:00,17122.0,13043.0,17306.916,16497.967
2017-07-21 14:00:00,17679.0,13194.0,18058.236,16898.316
2017-07-21 15:00:00,18309.0,13391.0,18508.111,17144.14
2017-07-21 16:00:00,18626.0,13394.0,18520.402,17260.262
2017-07-21 17:00:00,18506.0,13210.0,19047.979,18439.326
2017-07-21 18:00:00,17952.0,13094.0,19096.195,18349.799
2017-07-21 19:00:00,17237.0,12731.0,18286.71,18078.393
2017-07-21 20:00:00,16656.0,12244.0,17235.096,17476.357
2017-07-21 21:00:00,16227.0,11935.0,16147.76,16823.8
2017-07-21 22:00:00,15986.0,11890.0,16218.93,16500.166
2017-07-21 23:00:00,15187.0,11778.0,16149.945,15981.054
2017-07-22 00:00:00,14179.0,11055.0,14664.338,14510.247
2017-07-22 01:00:00,13141.0,10296.0,13409.128,13211.637
2017-07-22 02:00:00,12146.0,9631.0,12383.681,11881.721
2017-07-22 03:00:00,11437.0,9136.0,11736.529,11202.772
2017-07-22 04:00:00,11009.0,8802.0,11101.675,10620.629
2017-07-22 05:00:00,10693.0,8634.0,11023.674,10468.163
2017-07-22 06:00:00,10612.0,8565.0,10814.525,10381.193
2017-07-22 07:00:00,10714.0,8611.0,10342.882,10369.662
2017-07-22 08:00:00,10981.0,8850.0,10587.971,10488.633
2017-07-22 09:00:00,11264.0,9505.0,11425.833,11672.394
2017-07-22 10:00:00,11776.0,10291.0,12311.212,12932.163
2017-07-22 11:00:00,12550.0,11009.0,14033.464,13907.078
2017-07-22 12:00:00,13403.0,11647.0,15007.857,14711.231
2017-07-22 13:00:00,14200.0,12090.0,15808.876,14607.995
2017-07-22 14:00:00,14900.0,12504.0,16704.389,14920.959
2017-07-22 15:00:00,15465.0,12833.0,17082.268,15238.801
2017-07-22 16:00:00,15880.0,13208.0,16408.771,15654.479
2017-07-22 17:00:00,16112.0,13624.0,16413.021,15469.7705
2017-07-22 18:00:00,16411.0,13767.0,16304.466,15752.672
2017-07-22 19:00:00,16397.0,13614.0,15996.066,15981.939
2017-07-22 20:00:00,16074.0,13348.0,15256.508,15311.938
2017-07-22 21:00:00,15400.0,13030.0,14986.268,14833.21
2017-07-22 22:00:00,14981.0,12722.0,15002.717,14757.381
2017-07-22 23:00:00,14516.0,12483.0,14789.06,14604.889
2017-07-23 00:00:00,13624.0,11818.0,13578.253,13405.08
2017-07-23 01:00:00,12618.0,11042.0,12611.142,12351.375
2017-07-23 02:00:00,11727.0,10399.0,11693.137,11338.482
2017-07-23 03:00:00,11058.0,9816.0,11034.772,10791.862
2017-07-23 04:00:00,10607.0,9441.0,10333.778,10202.647
2017-07-23 05:00:00,10288.0,9267.0,10137.578,10017.002
2017-07-23 06:00:00,10116.0,9178.0,10020.148,9976.6455
2017-07-23 07:00:00,9982.0,9028.0,10067.737,9932.837
2017-07-23 08:00:00,10100.0,8993.0,9851.201,9843.101
2017-07-23 09:00:00,10827.0,9372.0,10157.963,10285.127
2017-07-23 10:00:00,11985.0,9839.0,10809.1045,11186.317
2017-07-23 11:00:00,13313.0,10297.0,12607.706,12872.631
2017-07-23 12:00:00,14555.0,10777.0,14724.155,14069.676
2017-07-23 13:00:00,15500.0,11051.0,15787.614,14808.387
2017-07-23 14:00:00,16122.0,11147.0,15660.871,15247.638
2017-07-23 15:00:00,16632.0,11286.0,16400.54,15961.872
2017-07-23 16:00:00,16837.0,11402.0,16779.791,16162.011
2017-07-23 17:00:00,16796.0,11567.0,16957.467,16293.136
2017-07-23 18:00:00,16207.0,11818.0,16231.623,16235.539
2017-07-23 19:00:00,15026.0,11874.0,15464.486,16079.54
2017-07-23 20:00:00,14318.0,11662.0,15182.607,15859.3125
2017-07-23 21:00:00,13765.0,11219.0,14913.44,15494.439
2017-07-23 22:00:00,13477.0,10982.0,14716.37,15558.469
2017-07-23 23:00:00,13102.0,10858.0,14422.899,15004.117
2017-07-24 00:00:00,12413.0,10316.0,13040.383,14073.458
2017-07-24 01:00:00,11513.0,9602.0,11728.484,12758.403
2017-07-24 02:00:00,10749.0,8982.0,10579.764,11546.872
2017-07-24 03:00:00,10209.0,8607.0,9898.238,11096.409
2017-07-24 04:00:00,9862.0,8387.0,9594.525,10803.27
2017-07-24 05:00:00,9690.0,8325.0,9481.959,10514.042
2017-07-24 06:00:00,9790.0,8518.0,9523.297,10676.477
2017-07-24 07:00:00,10325.0,8926.0,10527.152,11322.762
2017-07-24 08:00:00,10979.0,9741.0,11296.707,12058.568
2017-07-24 09:00:00,11902.0,10728.0,12402.069,13006.181
2017-07-24 10:00:00,12530.0,11548.0,13419.545,14321.098
2017-07-24 11:00:00,13002.0,12181.0,13686.431,14762.694
2017-07-24 12:00:00,13339.0,12715.0,13777.043,14902.325
2017-07-24 13:00:00,13552.0,13136.0,13864.626,14447.357
2017-07-24 14:00:00,13731.0,13509.0,13667.351,14307.582
2017-07-24 15:00:00,14005.0,13950.0,13971.578,13881.394
2017-07-24 16:00:00,14214.0,14319.0,13745.847,13703.966
2017-07-24 17:00:00,14411.0,14616.0,13628.357,13299.327
2017-07-24 18:00:00,14485.0,14821.0,13630.417,13508.851
2017-07-24 19:00:00,14386.0,14822.0,14168.58,14539.439
2017-07-24 20:00:00,13902.0,14381.0,13373.92,15024.53
2017-07-24 21:00:00,13271.0,13766.0,13320.383,14705.48
2017-07-24 22:00:00,12973.0,13320.0,13266.796,14566.641
2017-07-24 23:00:00,12597.0,12914.0,12811.108,13800.008
2017-07-25 00:00:00,11690.0,11931.0,11378.379,12134.762
2017-07-25 01:00:00,10709.0,10855.0,10703.965,11000.607
2017-07-25 02:00:00,10051.0,10054.0,9946.348,10100.931
2017-07-25 03:00:00,9555.0,9527.0,9450.043,9707.831
2017-07-25 04:00:00,9256.0,9190.0,9356.806,9485.119
2017-07-25 05:00:00,9108.0,9013.0,9019.799,9373.049
2017-07-25 06:00:00,9240.0,9100.0,9246.444,9426.139
2017-07-25 07:00:00,9656.0,9529.0,10155.3545,9915.942
2017-07-25 08:00:00,10479.0,10349.0,11202.208,11017.169
2017-07-25 09:00:00,11536.0,11450.0,12119.534,11705.361
2017-07-25 10:00:00,12348.0,12359.0,13219.959,12192.123
2017-07-25 11:00:00,12928.0,13119.0,13561.865,12619.258
2017-07-25 12:00:00,13506.0,13911.0,14277.848,13364.757
2017-07-25 13:00:00,13958.0,14605.0,15028.183,13720.738
2017-07-25 14:00:00,14388.0,15243.0,15496.948,14255.246
2017-07-25 15:00:00,14946.0,15967.0,15719.127,14492.289
2017-07-25 16:00:00,15395.0,16653.0,15971.332,14803.461
2017-07-25 17:00:00,15720.0,17233.0,16135.623,15159.024
2017-07-25 18:00:00,15797.0,17649.0,16037.8125,14923.533
2017-07-25 19:00:00,15455.0,17604.0,15232.915,15139.1455
2017-07-25 20:00:00,14857.0,17259.0,14763.249,14739.111
2017-07-25 21:00:00,14286.0,16790.0,14441.506,14360.06
2017-07-25 22:00:00,13958.0,16448.0,14253.775,14079.874
2017-07-25 23:00:00,13479.0,15973.0,13672.308,13732.345
2017-07-26 00:00:00,12459.0,14761.0,12613.719,12654.066
2017-07-26 01:00:00,11421.0,13511.0,11294.221,11308.509
2017-07-26 02:00:00,10659.0,12507.0,10443.819,10441.094
2017-07-26 03:00:00,10059.0,11708.0,9876.419,10013.3545
2017-07-26 04:00:00,9703.0,11056.0,9319.978,9564.516
2017-07-26 05:00:00,9475.0,10726.0,9211.016,9362.393
2017-07-26 06:00:00,9620.0,10777.0,9316.895,9426.895
2017-07-26 07:00:00,10114.0,11168.0,10001.045,9888.896
2017-07-26 08:00:00,10855.0,12099.0,11025.7295,10871.251
2017-07-26 09:00:00,11827.0,13403.0,12655.882,11862.886
2017-07-26 10:00:00,12692.0,14618.0,13996.333,12557.084
2017-07-26 11:00:00,13603.0,15613.0,14590.65,13340.078
2017-07-26 12:00:00,14591.0,16660.0,16048.7,14408.998
2017-07-26 13:00:00,15550.0,17533.0,17078.959,14652.621
2017-07-26 14:00:00,16527.0,18175.0,18254.61,15191.058
2017-07-26 15:00:00,17377.0,18650.0,18119.082,15781.166
2017-07-26 16:00:00,17628.0,18840.0,18380.203,16197.985
2017-07-26 17:00:00,17450.0,18836.0,17765.947,16129.913
2017-07-26 18:00:00,17115.0,18842.0,17759.703,16283.034
2017-07-26 19:00:00,16749.0,18521.0,16980.025,16523.666
2017-07-26 20:00:00,16342.0,17976.0,16686.512,15995.836
2017-07-26 21:00:00,16071.0,17209.0,16355.919,15662.857
2017-07-26 22:00:00,16014.0,16660.0,16194.548,15729.593
2017-07-26 23:00:00,15515.0,15843.0,15832.229,15038.218
2017-07-27 00:00:00,14501.0,14197.0,14887.856,13653.795
2017-07-27 01:00:00,13324.0,12910.0,13273.524,12342.147
2017-07-27 02:00:00,12382.0,11914.0,12297.4,11665.094
2017-07-27 03:00:00,11696.0,11268.0,11613.944,10944.95
2017-07-27 04:00:00,11208.0,10823.0,11051.148,10319.386
2017-07-27 05:00:00,10940.0,10582.0,10806.601,10033.547
2017-07-27 06:00:00,11027.0,10685.0,10870.067,10218.545
2017-07-27 07:00:00,11584.0,11306.0,11545.696,10863.948
2017-07-27 08:00:00,12364.0,12145.0,12221.849,11749.906
2017-07-27 09:00:00,13467.0,12827.0,13357.658,12500.2
2017-07-27 10:00:00,14398.0,13270.0,14028.007,13837.182
2017-07-27 11:00:00,15174.0,13725.0,14241.063,14721.346
2017-07-27 12:00:00,15899.0,14662.0,14894.577,15648.524
2017-07-27 13:00:00,16500.0,15840.0,15411.17,16661.352
2017-07-27 14:00:00,16962.0,16936.0,15590.413,17204.875
2017-07-27 15:00:00,17277.0,17936.0,15855.108,17560.65
2017-07-27 16:00:00,17429.0,18287.0,16186.248,17968.607
2017-07-27 17:00:00,17484.0,18023.0,16171.475,18177.328
2017-07-27 18:00:00,17395.0,17857.0,16343.824,18178.531
2017-07-27 19:00:00,17043.0,17713.0,16312.44,18274.7
2017-07-27 20:00:00,16193.0,17209.0,15226.61,17628.244
2017-07-27 21:00:00,15082.0,16694.0,14587.612,16935.445
2017-07-27 22:00:00,14322.0,16341.0,14363.976,16543.89
2017-07-27 23:00:00,13733.0,15811.0,13878.59,15746.586
2017-07-28 00:00:00,12663.0,14627.0,13245.397,13847.372
2017-07-28 01:00:00,11617.0,13408.0,12186.917,12732.649
2017-07-28 02:00:00,10857.0,12371.0,11393.185,11810.292
2017-07-28 03:00:00,10322.0,11674.0,10606.221,11156.428
2017-07-28 04:00:00,9983.0,11241.0,10410.221,10861.594
2017-07-28 05:00:00,9771.0,10935.0,10223.779,10764.172
2017-07-28 06:00:00,9904.0,10979.0,10228.714,10708.52
2017-07-28 07:00:00,10372.0,11426.0,10861.002,11142.783
2017-07-28 08:00:00,11133.0,12215.0,11486.487,11540.035
2017-07-28 09:00:00,12129.0,13405.0,12756.722,12967.749
2017-07-28 10:00:00,12950.0,14596.0,13365.608,13594.151
2017-07-28 11:00:00,13642.0,15581.0,13858.139,13877.202
2017-07-28 12:00:00,14222.0,16459.0,14450.362,14500.657
2017-07-28 13:00:00,14643.0,17122.0,14796.635,14763.694
2017-07-28 14:00:00,14986.0,17679.0,14788.604,15214.35
2017-07-28 15:00:00,15298.0,18309.0,15056.445,15394.362
2017-07-28 16:00:00,15498.0,18626.0,14911.959,15116.493
2017-07-28 17:00:00,15581.0,18506.0,15000.788,15220.102
2017-07-28 18:00:00,15559.0,17952.0,15028.605,15209.818
2017-07-28 19:00:00,15298.0,17237.0,15175.245,15524.227
2017-07-28 20:00:00,14671.0,16656.0,13775.436,14131.934
2017-07-28 21:00:00,13760.0,16227.0,13552.176,14417.477
2017-07-28 22:00:00,13232.0,15986.0,13375.139,14399.894
2017-07-28 23:00:00,12783.0,15187.0,13010.491,13787.355
2017-07-29 00:00:00,11929.0,14179.0,12400.82,12696.394
2017-07-29 01:00:00,11086.0,13141.0,10985.675,11736.137
2017-07-29 02:00:00,10320.0,12146.0,10277.935,10733.875
2017-07-29 03:00:00,9789.0,11437.0,9676.928,10171.124
2017-07-29 04:00:00,9401.0,11009.0,9177.036,9830.253
2017-07-29 05:00:00,9103.0,10693.0,9038.716,9516.601
2017-07-29 06:00:00,8899.0,10612.0,8909.606,9462.739
2017-07-29 07:00:00,8929.0,10714.0,9310.954,9625.962
2017-07-29 08:00:00,9110.0,10981.0,9728.117,10051.605
2017-07-29 09:00:00,9808.0,11264.0,10252.386,10497.382
2017-07-29 10:00:00,10561.0,11776.0,10679.509,10938.331
2017-07-29 11:00:00,11164.0,12550.0,11628.072,11854.72
2017-07-29 12:00:00,11676.0,13403.0,12401.19,12592.286
2017-07-29 13:00:00,11966.0,14200.0,12573.625,12897.08
2017-07-29 14:00:00,12202.0,14900.0,12879.137,13465.569
2017-07-29 15:00:00,12376.0,15465.0,13326.629,13330.937
2017-07-29 16:00:00,12579.0,15880.0,13411.715,13143.496
2017-07-29 17:00:00,12858.0,16112.0,13589.444,12911.393
2017-07-29 18:00:00,13010.0,16411.0,13817.559,12826.588
2017-07-29 19:00:00,13007.0,16397.0,13334.777,12502.14
2017-07-29 20:00:00,12695.0,16074.0,12200.683,11616.913
2017-07-29 21:00:00,12130.0,15400.0,12116.586,11995.326
2017-07-29 22:00:00,11755.0,14981.0,12045.838,12074.239
2017-07-29 23:00:00,11508.0,14516.0,11883.311,11866.943
2017-07-30 00:00:00,10845.0,13624.0,11112.99,10953.345
2017-07-30 01:00:00,10136.0,12618.0,10436.284,10589.4
2017-07-30 02:00:00,9526.0,11727.0,9571.494,9784.164
2017-07-30 03:00:00,9039.0,11058.0,9163.081,9432.392
2017-07-30 04:00:00,8701.0,10607.0,8597.335,9049.349
2017-07-30 05:00:00,8465.0,10288.0,8484.871,8826.748
2017-07-30 06:00:00,8375.0,10116.0,8385.294,8676.452
2017-07-30 07:00:00,8314.0,9982.0,8476.936,8643.365
2017-07-30 08:00:00,8277.0,10100.0,8720.871,8777.492
2017-07-30 09:00:00,8804.0,10827.0,9658.564,9514.223
2017-07-30 10:00:00,9637.0,11985.0,10889.089,10326.904
2017-07-30 11:00:00,10492.0,13313.0,11640.23,11470.443
2017-07-30 12:00:00,11374.0,14555.0,12507.6455,12171.909
2017-07-30 13:00:00,12011.0,15500.0,12926.677,12464.909
2017-07-30 14:00:00,12508.0,16122.0,13049.381,12233.258
2017-07-30 15:00:00,12947.0,16632.0,13222.239,12462.951
2017-07-30 16:00:00,13332.0,16837.0,13921.6875,12609.559
2017-07-30 17:00:00,13742.0,16796.0,14298.808,12663.044
2017-07-30 18:00:00,14013.0,16207.0,14455.701,12896.572
2017-07-30 19:00:00,14111.0,15026.0,14376.628,13325.885
2017-07-30 20:00:00,13858.0,14318.0,13910.026,13067.388
2017-07-30 21:00:00,13327.0,13765.0,13658.078,13295.169
2017-07-30 22:00:00,13009.0,13477.0,13390.021,13299.102
2017-07-30 23:00:00,12711.0,13102.0,13286.624,12955.011
2017-07-31 00:00:00,11891.0,12413.0,12196.8125,12246.608
2017-07-31 01:00:00,10973.0,11513.0,11234.489,11235.827
2017-07-31 02:00:00,10256.0,10749.0,10328.579,10451.07
2017-07-31 03:00:00,9695.0,10209.0,9621.006,9932.653
2017-07-31 04:00:00,9403.0,9862.0,9392.689,9704.712
2017-07-31 05:00:00,9230.0,9690.0,9227.301,9564.752
2017-07-31 06:00:00,9380.0,9790.0,9227.709,9473.88
2017-07-31 07:00:00,9869.0,10325.0,10471.693,10084.618
2017-07-31 08:00:00,10614.0,10979.0,11835.768,11409.105
2017-07-31 09:00:00,11653.0,11902.0,13136.498,12506.97
2017-07-31 10:00:00,12691.0,12530.0,14059.281,13324.723
2017-07-31 11:00:00,13614.0,13002.0,14526.143,14004.409
2017-07-31 12:00:00,14495.0,13339.0,15903.715,14597.147
2017-07-31 13:00:00,15111.0,13552.0,16964.455,15150.406
2017-07-31 14:00:00,15671.0,13731.0,17837.15,15485.667
2017-07-31 15:00:00,16200.0,14005.0,18503.725,16055.978
2017-07-31 16:00:00,16604.0,14214.0,18257.28,16391.838
2017-07-31 17:00:00,16873.0,14411.0,17965.232,16474.354
2017-07-31 18:00:00,17005.0,14485.0,17295.246,16423.885
2017-07-31 19:00:00,16885.0,14386.0,16838.16,16588.736
2017-07-31 20:00:00,16304.0,13902.0,16362.977,16073.749
2017-07-31 21:00:00,15519.0,13271.0,16386.787,15730.422
2017-07-31 22:00:00,15088.0,12973.0,16050.341,15363.475
2017-07-31 23:00:00,14419.0,12597.0,15403.755,14609.404
2017-08-01 00:00:00,13238.0,11690.0,13929.954,13424.036
2017-08-01 01:00:00,12008.0,10709.0,12969.777,12364.341
2017-08-01 02:00:00,11152.0,10051.0,11560.069,11134.778
2017-08-01 03:00:00,10564.0,9555.0,11043.92,10770.817
2017-08-01 04:00:00,10136.0,9256.0,10560.034,10159.989
2017-08-01 05:00:00,9906.0,9108.0,10414.566,10053.593
2017-08-01 06:00:00,9981.0,9240.0,10358.45,10089.784
2017-08-01 07:00:00,10525.0,9656.0,11635.291,10393.64
2017-08-01 08:00:00,11289.0,10479.0,12240.555,11324.196
2017-08-01 09:00:00,12293.0,11536.0,13125.943,12492.666
2017-08-01 10:00:00,13278.0,12348.0,14668.663,13374.513
2017-08-01 11:00:00,14288.0,12928.0,15631.117,14081.84
2017-08-01 12:00:00,15299.0,13506.0,16061.6875,14489.601
2017-08-01 13:00:00,15950.0,13958.0,16156.666,15597.767
2017-08-01 14:00:00,16425.0,14388.0,16431.195,15840.405
2017-08-01 15:00:00,16939.0,14946.0,16856.535,16185.47
2017-08-01 16:00:00,17096.0,15395.0,17353.797,16393.834
2017-08-01 17:00:00,17017.0,15720.0,18241.719,16976.525
2017-08-01 18:00:00,17146.0,15797.0,17998.262,16973.1
2017-08-01 19:00:00,17219.0,15455.0,17391.197,16777.7
2017-08-01 20:00:00,16692.0,14857.0,16787.28,16293.421
2017-08-01 21:00:00,16037.0,14286.0,16347.222,16022.777
2017-08-01 22:00:00,15637.0,13958.0,15714.604,15614.77
2017-08-01 23:00:00,15025.0,13479.0,14745.207,14974.766
2017-08-02 00:00:00,13765.0,12459.0,13508.583,13507.295
2017-08-02 01:00:00,12508.0,11421.0,12147.917,12660.293
2017-08-02 02:00:00,11504.0,10659.0,11135.869,11373.033
2017-08-02 03:00:00,10811.0,10059.0,10542.935,10703.77
2017-08-02 04:00:00,10340.0,9703.0,10149.641,10368.264
2017-08-02 05:00:00,10068.0,9475.0,9949.209,10180.837
2017-08-02 06:00:00,10148.0,9620.0,10013.979,10373.532
2017-08-02 07:00:00,10632.0,10114.0,10996.061,10659.852
2017-08-02 08:00:00,11364.0,10855.0,12057.79,11633.325
2017-08-02 09:00:00,12492.0,11827.0,13538.132,12464.06
2017-08-02 10:00:00,13560.0,12692.0,14830.455,13526.561
2017-08-02 11:00:00,14553.0,13603.0,15537.825,14102.379
2017-08-02 12:00:00,15527.0,14591.0,16264.918,14803.169
2017-08-02 13:00:00,16112.0,15550.0,17075.193,15571.269
2017-08-02 14:00:00,16902.0,16527.0,17594.936,16182.701
2017-08-02 15:00:00,17489.0,17377.0,18122.814,16750.51
2017-08-02 16:00:00,17846.0,17628.0,18745.182,17225.486
2017-08-02 17:00:00,17997.0,17450.0,18533.98,17465.998
2017-08-02 18:00:00,17899.0,17115.0,18214.646,17659.707
2017-08-02 19:00:00,17440.0,16749.0,16897.61,17348.18
2017-08-02 20:00:00,16602.0,16342.0,15786.779,16609.438
2017-08-02 21:00:00,15905.0,16071.0,15463.923,15950.303
2017-08-02 22:00:00,15581.0,16014.0,15330.542,15632.181
2017-08-02 23:00:00,14886.0,15515.0,14698.378,15104.921
2017-08-03 00:00:00,13733.0,14501.0,13707.844,13735.869
2017-08-03 01:00:00,12560.0,13324.0,12441.695,13039.883
2017-08-03 02:00:00,11671.0,12382.0,11469.745,11768.34
2017-08-03 03:00:00,11010.0,11696.0,10799.57,11109.623
2017-08-03 04:00:00,10567.0,11208.0,10223.384,10637.381
2017-08-03 05:00:00,10298.0,10940.0,9990.856,10375.951
2017-08-03 06:00:00,10387.0,11027.0,10114.403,10472.331
2017-08-03 07:00:00,10881.0,11584.0,11133.115,10970.313
2017-08-03 08:00:00,11680.0,12364.0,11942.384,11691.356
2017-08-03 09:00:00,12660.0,13467.0,12812.758,12720.426
2017-08-03 10:00:00,13595.0,14398.0,13745.927,13753.114
2017-08-03 11:00:00,14666.0,15174.0,14266.176,14473.006
2017-08-03 12:00:00,15761.0,15899.0,15767.248,15063.826
2017-08-03 13:00:00,16514.0,16500.0,16711.717,15744.673
2017-08-03 14:00:00,16740.0,16962.0,17872.557,16460.758
2017-08-03 15:00:00,16781.0,17277.0,18187.15,16885.41
2017-08-03 16:00:00,16421.0,17429.0,17578.248,17237.281
2017-08-03 17:00:00,16122.0,17484.0,18441.465,17330.635
2017-08-03 18:00:00,16282.0,17395.0,18495.092,17204.502
2017-08-03 19:00:00,16086.0,17043.0,16999.744,17003.143
2017-08-03 20:00:00,15203.0,16193.0,15660.104,16255.279
2017-08-03 21:00:00,14462.0,15082.0,15233.746,15684.054
2017-08-03 22:00:00,14259.0,14322.0,14874.774,15448.772
2017-08-03 23:00:00,13553.0,13733.0,14411.836,14677.127
2017-08-04 00:00:00,12464.0,12663.0,13250.583,13259.611
2017-08-04 01:00:00,11363.0,11617.0,11240.3,12198.321
2017-08-04 02:00:00,10344.0,10857.0,10433.822,11528.479
2017-08-04 03:00:00,9612.0,10322.0,9855.573,10821.69
2017-08-04 04:00:00,9175.0,9983.0,9546.826,10143.316
2017-08-04 05:00:00,8941.0,9771.0,9387.85,9953.603
2017-08-04 06:00:00,8976.0,9904.0,9370.628,10010.881
2017-08-04 07:00:00,9373.0,10372.0,10079.533,10652.338
2017-08-04 08:00:00,9867.0,11133.0,10710.505,11312.63
2017-08-04 09:00:00,10428.0,12129.0,11360.451,12237.507
2017-08-04 10:00:00,10871.0,12950.0,11868.044,12857.625
2017-08-04 11:00:00,11084.0,13642.0,12369.253,13073.785
2017-08-04 12:00:00,11271.0,14222.0,12589.684,13047.092
2017-08-04 13:00:00,11332.0,14643.0,12788.8125,13123.969
2017-08-04 14:00:00,11324.0,14986.0,12678.891,12987.878
2017-08-04 15:00:00,11315.0,15298.0,12774.451,13227.212
2017-08-04 16:00:00,11207.0,15498.0,12684.939,13628.782
2017-08-04 17:00:00,11049.0,15581.0,13155.046,13331.005
2017-08-04 18:00:00,10934.0,15559.0,13098.68,12615.855
2017-08-04 19:00:00,10779.0,15298.0,12150.7705,11824.961
2017-08-04 20:00:00,10608.0,14671.0,11448.445,10336.154
2017-08-04 21:00:00,10450.0,13760.0,11138.245,10368.915
2017-08-04 22:00:00,10639.0,13232.0,10787.71,9576.373
2017-08-04 23:00:00,10446.0,12783.0,10647.742,9858.369
2017-08-05 00:00:00,9859.0,11929.0,9774.0205,9590.267
2017-08-05 01:00:00,9227.0,11086.0,9421.59,9403.622
2017-08-05 02:00:00,8747.0,10320.0,9074.038,9162.744
2017-08-05 03:00:00,8385.0,9789.0,8829.485,8936.063
2017-08-05 04:00:00,8197.0,9401.0,8413.389,8481.85
2017-08-05 05:00:00,8047.0,9103.0,8157.5854,8195.656
2017-08-05 06:00:00,8076.0,8899.0,8101.594,8205.635
2017-08-05 07:00:00,8216.0,8929.0,8388.279,8400.464
2017-08-05 08:00:00,8307.0,9110.0,8734.352,8625.678
2017-08-05 09:00:00,8834.0,9808.0,9154.404,9083.398
2017-08-05 10:00:00,9451.0,10561.0,9710.4375,9395.4
2017-08-05 11:00:00,10048.0,11164.0,10313.584,9822.124
2017-08-05 12:00:00,10547.0,11676.0,10779.646,10359.42
2017-08-05 13:00:00,10928.0,11966.0,10953.136,10354.337
2017-08-05 14:00:00,11240.0,12202.0,11146.264,10333.546
2017-08-05 15:00:00,11394.0,12376.0,11258.005,10498.217
2017-08-05 16:00:00,11542.0,12579.0,11823.281,10574.29
2017-08-05 17:00:00,11671.0,12858.0,11720.311,10662.948
2017-08-05 18:00:00,11748.0,13010.0,11307.737,10724.594
2017-08-05 19:00:00,11681.0,13007.0,11076.559,10743.99
2017-08-05 20:00:00,11322.0,12695.0,10679.395,10633.697
2017-08-05 21:00:00,11040.0,12130.0,10481.533,10484.241
2017-08-05 22:00:00,11246.0,11755.0,10667.714,10626.3955
2017-08-05 23:00:00,10956.0,11508.0,10281.787,10330.785
2017-08-06 00:00:00,10338.0,10845.0,10090.6875,10029.791
2017-08-06 01:00:00,9695.0,10136.0,9202.288,9229.941
2017-08-06 02:00:00,9138.0,9526.0,8721.882,8707.437
2017-08-06 03:00:00,8738.0,9039.0,8381.594,8349.657
2017-08-06 04:00:00,8444.0,8701.0,8096.1016,8073.0757
2017-08-06 05:00:00,8247.0,8465.0,7963.687,7928.283
2017-08-06 06:00:00,8164.0,8375.0,7913.019,7919.0386
2017-08-06 07:00:00,8180.0,8314.0,8099.5205,7886.9385
2017-08-06 08:00:00,8175.0,8277.0,7998.67,7814.6475
2017-08-06 09:00:00,8405.0,8804.0,8371.951,8322.884
2017-08-06 10:00:00,8879.0,9637.0,8996.266,8934.349
2017-08-06 11:00:00,9396.0,10492.0,9784.885,9607.868
2017-08-06 12:00:00,9893.0,11374.0,10176.696,10332.314
2017-08-06 13:00:00,10407.0,12011.0,10828.962,10679.124
2017-08-06 14:00:00,10635.0,12508.0,11184.598,11081.971
2017-08-06 15:00:00,10799.0,12947.0,11298.199,11197.858
2017-08-06 16:00:00,10890.0,13332.0,11726.364,11233.161
2017-08-06 17:00:00,11188.0,13742.0,11760.984,11329.279
2017-08-06 18:00:00,11434.0,14013.0,11855.912,11297.377
2017-08-06 19:00:00,11542.0,14111.0,11552.278,11381.101
2017-08-06 20:00:00,11359.0,13858.0,11176.822,11315.405
2017-08-06 21:00:00,11077.0,13327.0,11085.712,11235.128
2017-08-06 22:00:00,11202.0,13009.0,11042.027,11303.862
2017-08-06 23:00:00,10937.0,12711.0,10978.406,11160.973
2017-08-07 00:00:00,10353.0,11891.0,10242.73,10258.127
2017-08-07 01:00:00,9595.0,10973.0,9634.751,9675.507
2017-08-07 02:00:00,9110.0,10256.0,9233.388,9294.671
2017-08-07 03:00:00,8698.0,9695.0,8877.178,8849.265
2017-08-07 04:00:00,8501.0,9403.0,8790.677,8618.558
2017-08-07 05:00:00,8384.0,9230.0,8722.765,8522.028
2017-08-07 06:00:00,8618.0,9380.0,8841.65,8652.451
2017-08-07 07:00:00,9270.0,9869.0,9512.013,9453.369
2017-08-07 08:00:00,9985.0,10614.0,10877.351,10557.805
2017-08-07 09:00:00,10893.0,11653.0,11451.86,11293.249
2017-08-07 10:00:00,11619.0,12691.0,12005.827,11822.161
2017-08-07 11:00:00,12180.0,13614.0,12352.435,12109.267
2017-08-07 12:00:00,12675.0,14495.0,12624.718,12668.767
2017-08-07 13:00:00,12961.0,15111.0,12686.359,12937.658
2017-08-07 14:00:00,13225.0,15671.0,12655.656,13065.531
2017-08-07 15:00:00,13449.0,16200.0,12776.236,13185.992
2017-08-07 16:00:00,13535.0,16604.0,12811.158,13231.683
2017-08-07 17:00:00,13642.0,16873.0,12910.579,13474.376
2017-08-07 18:00:00,13683.0,17005.0,13000.013,13901.633
2017-08-07 19:00:00,13483.0,16885.0,13166.476,13908.583
2017-08-07 20:00:00,12962.0,16304.0,12569.163,13315.446
2017-08-07 21:00:00,12346.0,15519.0,12427.532,13215.166
2017-08-07 22:00:00,12128.0,15088.0,12324.262,13036.652
2017-08-07 23:00:00,11634.0,14419.0,11683.8125,12461.478
2017-08-08 00:00:00,10747.0,13238.0,10714.951,11371.017
2017-08-08 01:00:00,9809.0,12008.0,10010.944,10329.925
2017-08-08 02:00:00,9181.0,11152.0,9409.899,9655.136
2017-08-08 03:00:00,8774.0,10564.0,8928.376,9098.786
2017-08-08 04:00:00,8495.0,10136.0,8700.761,8857.604
2017-08-08 05:00:00,8377.0,9906.0,8437.791,8559.568
2017-08-08 06:00:00,8479.0,9981.0,8744.1,8897.092
2017-08-08 07:00:00,8995.0,10525.0,9423.716,9521.227
2017-08-08 08:00:00,9633.0,11289.0,10333.391,10446.186
2017-08-08 09:00:00,10536.0,12293.0,11435.907,11491.885
2017-08-08 10:00:00,11253.0,13278.0,12573.746,11812.606
2017-08-08 11:00:00,11873.0,14288.0,13713.324,12024.457
2017-08-08 12:00:00,12510.0,15299.0,14069.263,12488.724
2017-08-08 13:00:00,13025.0,15950.0,13951.073,12749.681
2017-08-08 14:00:00,13488.0,16425.0,14395.387,12787.553
2017-08-08 15:00:00,14024.0,16939.0,14665.351,12922.34
2017-08-08 16:00:00,14426.0,17096.0,14628.781,12916.425
2017-08-08 17:00:00,14706.0,17017.0,14746.024,12882.828
2017-08-08 18:00:00,14847.0,17146.0,14450.509,13258.197
2017-08-08 19:00:00,14716.0,17219.0,14567.626,13502.424
2017-08-08 20:00:00,14306.0,16692.0,13727.501,13425.233
2017-08-08 21:00:00,13701.0,16037.0,13254.895,13274.128
2017-08-08 22:00:00,13555.0,15637.0,12975.944,13417.4375
2017-08-08 23:00:00,12940.0,15025.0,12467.555,13255.302
2017-08-09 00:00:00,11918.0,13765.0,11246.172,11511.724
2017-08-09 01:00:00,10853.0,12508.0,10359.762,10559.935
2017-08-09 02:00:00,10083.0,11504.0,9692.33,9796.337
2017-08-09 03:00:00,9508.0,10811.0,9331.905,9213.76
2017-08-09 04:00:00,9142.0,10340.0,8714.554,8947.271
2017-08-09 05:00:00,8982.0,10068.0,8655.567,8785.685
2017-08-09 06:00:00,9050.0,10148.0,8683.091,8947.625
2017-08-09 07:00:00,9550.0,10632.0,9356.842,9201.695
2017-08-09 08:00:00,10179.0,11364.0,10153.522,9875.183
2017-08-09 09:00:00,11081.0,12492.0,11581.14,11176.679
2017-08-09 10:00:00,12020.0,13560.0,13259.744,12104.127
2017-08-09 11:00:00,12796.0,14553.0,14405.531,13060.965
2017-08-09 12:00:00,13516.0,15527.0,14669.926,13642.477
2017-08-09 13:00:00,14049.0,16112.0,14941.487,14032.615
2017-08-09 14:00:00,14485.0,16902.0,15412.275,14544.465
2017-08-09 15:00:00,14932.0,17489.0,15856.342,14706.99
2017-08-09 16:00:00,15153.0,17846.0,16180.679,15225.434
2017-08-09 17:00:00,15308.0,17997.0,15744.683,14950.065
2017-08-09 18:00:00,15491.0,17899.0,15725.889,14972.534
2017-08-09 19:00:00,15298.0,17440.0,15281.915,14832.862
2017-08-09 20:00:00,14778.0,16602.0,14479.39,14615.824
2017-08-09 21:00:00,14182.0,15905.0,14203.854,14197.626
2017-08-09 22:00:00,13955.0,15581.0,14102.379,13892.929
2017-08-09 23:00:00,13315.0,14886.0,13185.674,13439.387
2017-08-10 00:00:00,12202.0,13733.0,11962.233,12239.04
2017-08-10 01:00:00,11216.0,12560.0,10849.2705,11031.282
2017-08-10 02:00:00,10374.0,11671.0,10155.73,10379.154
2017-08-10 03:00:00,9813.0,11010.0,9529.908,9858.419
2017-08-10 04:00:00,9393.0,10567.0,8945.914,9347.386
2017-08-10 05:00:00,9197.0,10298.0,9030.381,9301.641
2017-08-10 06:00:00,9259.0,10387.0,9018.2705,9360.891
2017-08-10 07:00:00,9822.0,10881.0,9706.159,9777.6
2017-08-10 08:00:00,10461.0,11680.0,10562.586,10711.483
2017-08-10 09:00:00,11336.0,12660.0,12349.437,11744.419
2017-08-10 10:00:00,12136.0,13595.0,14198.778,12722.33
2017-08-10 11:00:00,12890.0,14666.0,14420.459,13076.482
2017-08-10 12:00:00,13564.0,15761.0,15440.651,13922.775
2017-08-10 13:00:00,14219.0,16514.0,16117.819,14457.029
2017-08-10 14:00:00,15077.0,16740.0,16919.22,14740.313
2017-08-10 15:00:00,15777.0,16781.0,17150.588,15070.8545
2017-08-10 16:00:00,16176.0,16421.0,17343.164,15504.684
2017-08-10 17:00:00,16306.0,16122.0,17506.86,15223.553
2017-08-10 18:00:00,15942.0,16282.0,16825.447,15352.783
2017-08-10 19:00:00,15669.0,16086.0,15778.998,15487.307
2017-08-10 20:00:00,14884.0,15203.0,14571.998,14747.192
2017-08-10 21:00:00,14300.0,14462.0,14262.847,14267.966
2017-08-10 22:00:00,14224.0,14259.0,14177.699,14109.414
2017-08-10 23:00:00,13627.0,13553.0,13287.52,13856.445
2017-08-11 00:00:00,12595.0,12464.0,12281.294,12430.946
2017-08-11 01:00:00,11421.0,11363.0,11360.236,11614.668
2017-08-11 02:00:00,10598.0,10344.0,10680.283,10644.069
2017-08-11 03:00:00,10007.0,9612.0,10046.846,10195.449
2017-08-11 04:00:00,9631.0,9175.0,9571.877,9621.182
2017-08-11 05:00:00,9477.0,8941.0,9404.542,9457.82
2017-08-11 06:00:00,9551.0,8976.0,9446.028,9469.45
2017-08-11 07:00:00,10070.0,9373.0,9951.868,9991.017
2017-08-11 08:00:00,10747.0,9867.0,10684.806,10764.348
2017-08-11 09:00:00,11498.0,10428.0,12110.162,11663.761
2017-08-11 10:00:00,12342.0,10871.0,13813.54,12604.978
2017-08-11 11:00:00,13155.0,11084.0,14369.555,13362.833
2017-08-11 12:00:00,13690.0,11271.0,14716.466,14204.243
2017-08-11 13:00:00,14054.0,11332.0,15263.937,14441.458
2017-08-11 14:00:00,14302.0,11324.0,15846.019,14694.78
2017-08-11 15:00:00,14533.0,11315.0,15295.364,14733.282
2017-08-11 16:00:00,14599.0,11207.0,14978.465,14737.173
2017-08-11 17:00:00,14486.0,11049.0,15059.69,14760.997
2017-08-11 18:00:00,14260.0,10934.0,14919.672,14279.721
2017-08-11 19:00:00,13949.0,10779.0,14281.963,13967.079
2017-08-11 20:00:00,13391.0,10608.0,13798.486,14126.4
2017-08-11 21:00:00,12790.0,10450.0,13078.802,13676.854
2017-08-11 22:00:00,12751.0,10639.0,12933.61,13292.601
2017-08-11 23:00:00,12259.0,10446.0,12612.053,12848.004
2017-08-12 00:00:00,11457.0,9859.0,11534.055,11676.18
2017-08-12 01:00:00,10513.0,9227.0,10455.52,10911.427
2017-08-12 02:00:00,9799.0,8747.0,9668.414,9849.442
2017-08-12 03:00:00,9222.0,8385.0,9097.753,9367.034
2017-08-12 04:00:00,8923.0,8197.0,8780.768,9109.78
2017-08-12 05:00:00,8695.0,8047.0,8708.626,8903.755
2017-08-12 06:00:00,8642.0,8076.0,8606.208,8875.852
2017-08-12 07:00:00,8699.0,8216.0,8768.44,8901.655
2017-08-12 08:00:00,8822.0,8307.0,9061.778,9168.246
2017-08-12 09:00:00,9306.0,8834.0,9470.055,9610.575
2017-08-12 10:00:00,10073.0,9451.0,10329.797,10220.6455
2017-08-12 11:00:00,10543.0,10048.0,11072.705,10945.964
2017-08-12 12:00:00,10973.0,10547.0,11139.642,11368.2
2017-08-12 13:00:00,11151.0,10928.0,11396.545,11089.253
2017-08-12 14:00:00,11279.0,11240.0,11385.159,11172.294
2017-08-12 15:00:00,11334.0,11394.0,11515.543,11429.234
2017-08-12 16:00:00,11492.0,11542.0,11539.803,11297.43
2017-08-12 17:00:00,11671.0,11671.0,11537.619,11332.029
2017-08-12 18:00:00,11816.0,11748.0,11481.718,11283.495
2017-08-12 19:00:00,11794.0,11681.0,11381.495,11370.004
2017-08-12 20:00:00,11540.0,11322.0,11377.763,11297.892
2017-08-12 21:00:00,11096.0,11040.0,11307.288,11372.429
2017-08-12 22:00:00,11101.0,11246.0,11366.631,11332.194
2017-08-12 23:00:00,10821.0,10956.0,11179.003,11056.606
2017-08-13 00:00:00,10151.0,10338.0,10250.823,10423.68
2017-08-13 01:00:00,9528.0,9695.0,9524.477,9804.414
2017-08-13 02:00:00,8985.0,9138.0,8997.533,9118.842
2017-08-13 03:00:00,8565.0,8738.0,8510.526,8669.159
2017-08-13 04:00:00,8234.0,8444.0,8129.8184,8311.228
2017-08-13 05:00:00,8038.0,8247.0,8011.9976,8134.7363
2017-08-13 06:00:00,7980.0,8164.0,7885.0903,8043.4746
2017-08-13 07:00:00,7982.0,8180.0,8097.5996,8043.1094
2017-08-13 08:00:00,7866.0,8175.0,8058.6562,8030.294
2017-08-13 09:00:00,8272.0,8405.0,8518.454,8323.981
2017-08-13 10:00:00,8883.0,8879.0,9270.601,8839.507
2017-08-13 11:00:00,9542.0,9396.0,9799.561,9539.214
2017-08-13 12:00:00,10066.0,9893.0,10659.883,10149.743
2017-08-13 13:00:00,10492.0,10407.0,10959.619,10627.153
2017-08-13 14:00:00,10899.0,10635.0,10995.909,10759.121
2017-08-13 15:00:00,11289.0,10799.0,11254.834,10790.82
2017-08-13 16:00:00,11493.0,10890.0,11393.8125,10817.913
2017-08-13 17:00:00,11611.0,11188.0,11652.622,11047.807
2017-08-13 18:00:00,11623.0,11434.0,11706.275,11253.246
2017-08-13 19:00:00,11526.0,11542.0,11575.6455,11290.991
2017-08-13 20:00:00,11273.0,11359.0,11669.2,11287.67
2017-08-13 21:00:00,11144.0,11077.0,11349.09,11286.672
2017-08-13 22:00:00,11384.0,11202.0,11366.62,11327.736
2017-08-13 23:00:00,11044.0,10937.0,11202.081,10959.259
2017-08-14 00:00:00,10562.0,10353.0,10728.397,10448.011
2017-08-14 01:00:00,9869.0,9595.0,10334.502,9731.675
2017-08-14 02:00:00,9357.0,9110.0,9313.757,9186.438
2017-08-14 03:00:00,8970.0,8698.0,8954.351,8668.476
2017-08-14 04:00:00,8743.0,8501.0,8721.88,8456.402
2017-08-14 05:00:00,8616.0,8384.0,8511.995,8398.796
2017-08-14 06:00:00,8830.0,8618.0,8666.154,8590.83
2017-08-14 07:00:00,9466.0,9270.0,9620.418,9328.765
2017-08-14 08:00:00,10192.0,9985.0,10928.539,10391.265
2017-08-14 09:00:00,11121.0,10893.0,11725.459,11359.1875
2017-08-14 10:00:00,11998.0,11619.0,12782.751,12106.394
2017-08-14 11:00:00,12803.0,12180.0,13397.489,12440.28
2017-08-14 12:00:00,13428.0,12675.0,14572.533,12874.625
2017-08-14 13:00:00,13760.0,12961.0,14733.618,13082.804
2017-08-14 14:00:00,14066.0,13225.0,15652.881,13210.087
2017-08-14 15:00:00,14471.0,13449.0,16231.434,13592.636
2017-08-14 16:00:00,14942.0,13535.0,16359.153,13874.239
2017-08-14 17:00:00,15328.0,13642.0,16631.648,14114.867
2017-08-14 18:00:00,15433.0,13683.0,16929.363,14445.962
2017-08-14 19:00:00,15235.0,13483.0,16279.767,14437.097
2017-08-14 20:00:00,14731.0,12962.0,15907.134,14387.825
2017-08-14 21:00:00,14473.0,12346.0,15041.794,14342.212
2017-08-14 22:00:00,14535.0,12128.0,14319.928,14099.673
2017-08-14 23:00:00,13990.0,11634.0,13830.435,13759.734
2017-08-15 00:00:00,12969.0,10747.0,12697.016,12333.094
2017-08-15 01:00:00,11878.0,9809.0,11698.825,11552.453
2017-08-15 02:00:00,11038.0,9181.0,10838.59,10704.088
2017-08-15 03:00:00,10419.0,8774.0,10105.941,10020.153
2017-08-15 04:00:00,10056.0,8495.0,9739.904,9716.322
2017-08-15 05:00:00,9789.0,8377.0,9677.622,9702.698
2017-08-15 06:00:00,9909.0,8479.0,9663.717,9566.423
2017-08-15 07:00:00,10486.0,8995.0,10598.326,9806.354
2017-08-15 08:00:00,11253.0,9633.0,11472.063,10701.578
2017-08-15 09:00:00,12275.0,10536.0,12719.899,11943.133
2017-08-15 10:00:00,13299.0,11253.0,14030.707,12781.955
2017-08-15 11:00:00,14164.0,11873.0,14702.569,13655.766
2017-08-15 12:00:00,15038.0,12510.0,15114.337,14450.852
2017-08-15 13:00:00,15687.0,13025.0,15717.86,14986.474
2017-08-15 14:00:00,16249.0,13488.0,15841.599,15151.309
2017-08-15 15:00:00,16784.0,14024.0,16411.162,15752.967
2017-08-15 16:00:00,16993.0,14426.0,16655.521,16501.488
2017-08-15 17:00:00,16984.0,14706.0,16417.414,17060.707
2017-08-15 18:00:00,16777.0,14847.0,16132.236,17125.225
2017-08-15 19:00:00,16252.0,14716.0,15968.305,17006.785
2017-08-15 20:00:00,15236.0,14306.0,15481.537,16003.741
2017-08-15 21:00:00,14498.0,13701.0,14834.292,15413.369
2017-08-15 22:00:00,14272.0,13555.0,14786.32,14992.912
2017-08-15 23:00:00,13553.0,12940.0,14118.364,14453.949
2017-08-16 00:00:00,12514.0,11918.0,12695.267,12969.288
2017-08-16 01:00:00,11418.0,10853.0,11688.947,11964.935
2017-08-16 02:00:00,10626.0,10083.0,10657.37,10895.511
2017-08-16 03:00:00,10074.0,9508.0,10162.652,10400.304
2017-08-16 04:00:00,9732.0,9142.0,9861.094,9900.987
2017-08-16 05:00:00,9532.0,8982.0,9653.422,9818.033
2017-08-16 06:00:00,9635.0,9050.0,9718.236,9798.839
2017-08-16 07:00:00,10237.0,9550.0,10458.326,10208.767
2017-08-16 08:00:00,11101.0,10179.0,11404.649,10948.902
2017-08-16 09:00:00,12116.0,11081.0,12784.722,12085.653
2017-08-16 10:00:00,13105.0,12020.0,14061.228,12980.641
2017-08-16 11:00:00,14056.0,12796.0,14703.339,13740.135
2017-08-16 12:00:00,15092.0,13516.0,15774.152,13860.927
2017-08-16 13:00:00,16106.0,14049.0,16330.798,14516.136
2017-08-16 14:00:00,16994.0,14485.0,16794.889,14852.023
2017-08-16 15:00:00,17802.0,14932.0,17617.447,15567.573
2017-08-16 16:00:00,18237.0,15153.0,17883.764,15989.155
2017-08-16 17:00:00,18282.0,15308.0,17613.61,16157.806
2017-08-16 18:00:00,17547.0,15491.0,16984.8,16160.172
2017-08-16 19:00:00,16633.0,15298.0,16761.057,16243.61
2017-08-16 20:00:00,16042.0,14778.0,16667.332,16340.029
2017-08-16 21:00:00,15727.0,14182.0,15968.662,15644.087
2017-08-16 22:00:00,15768.0,13955.0,15965.863,15692.059
2017-08-16 23:00:00,15274.0,13315.0,15617.611,15313.775
2017-08-17 00:00:00,14254.0,12202.0,14332.491,13657.313
2017-08-17 01:00:00,13266.0,11216.0,13047.009,12641.996
2017-08-17 02:00:00,12442.0,10374.0,12041.332,11426.778
2017-08-17 03:00:00,11819.0,9813.0,11872.226,11218.066
2017-08-17 04:00:00,11312.0,9393.0,11384.25,10673.289
2017-08-17 05:00:00,11011.0,9197.0,11271.2,10603.477
2017-08-17 06:00:00,11019.0,9259.0,11274.689,10635.558
2017-08-17 07:00:00,11656.0,9822.0,11642.983,10792.721
2017-08-17 08:00:00,12611.0,10461.0,12126.238,11622.051
2017-08-17 09:00:00,13344.0,11336.0,12814.382,12592.141
2017-08-17 10:00:00,13788.0,12136.0,13368.692,13483.286
2017-08-17 11:00:00,14251.0,12890.0,14563.583,14591.739
2017-08-17 12:00:00,14575.0,13564.0,14936.421,15331.004
2017-08-17 13:00:00,14982.0,14219.0,16164.748,16012.867
2017-08-17 14:00:00,15687.0,15077.0,17490.49,16585.977
2017-08-17 15:00:00,16265.0,15777.0,18045.102,16941.219
2017-08-17 16:00:00,16501.0,16176.0,17794.168,17352.764
2017-08-17 17:00:00,16662.0,16306.0,17672.812,17520.807
2017-08-17 18:00:00,16676.0,15942.0,17818.516,17421.465
2017-08-17 19:00:00,16422.0,15669.0,17185.293,17094.232
2017-08-17 20:00:00,15742.0,14884.0,16392.99,16644.74
2017-08-17 21:00:00,15161.0,14300.0,15761.445,16070.499
2017-08-17 22:00:00,15050.0,14224.0,15557.428,15524.856
2017-08-17 23:00:00,14344.0,13627.0,14835.511,14903.109
2017-08-18 00:00:00,13169.0,12595.0,13559.874,13459.972
2017-08-18 01:00:00,12036.0,11421.0,12383.477,12203.0
2017-08-18 02:00:00,11176.0,10598.0,11504.358,11468.163
2017-08-18 03:00:00,10524.0,10007.0,10650.579,10730.018
2017-08-18 04:00:00,10060.0,9631.0,10219.586,10426.725
2017-08-18 05:00:00,9834.0,9477.0,9938.086,10262.309
2017-08-18 06:00:00,9864.0,9551.0,9939.739,10121.023
2017-08-18 07:00:00,10401.0,10070.0,10462.654,10732.917
2017-08-18 08:00:00,11120.0,10747.0,11548.435,11759.613
2017-08-18 09:00:00,12021.0,11498.0,12563.741,12553.44
2017-08-18 10:00:00,12710.0,12342.0,13191.819,13163.608
2017-08-18 11:00:00,13190.0,13155.0,13851.289,13630.001
2017-08-18 12:00:00,13587.0,13690.0,14698.477,14214.505
2017-08-18 13:00:00,14063.0,14054.0,15551.106,14812.889
2017-08-18 14:00:00,14650.0,14302.0,16077.675,15362.87
2017-08-18 15:00:00,15240.0,14533.0,16480.912,15724.487
2017-08-18 16:00:00,15708.0,14599.0,16562.1,15736.461
2017-08-18 17:00:00,16105.0,14486.0,16614.768,15816.912
2017-08-18 18:00:00,16229.0,14260.0,16343.267,15792.021
2017-08-18 19:00:00,15941.0,13949.0,15980.22,15442.338
2017-08-18 20:00:00,15232.0,13391.0,14983.821,14853.916
2017-08-18 21:00:00,14489.0,12790.0,14588.918,14424.175
2017-08-18 22:00:00,14307.0,12751.0,14053.346,14021.643
2017-08-18 23:00:00,13670.0,12259.0,13720.668,13592.497
2017-08-19 00:00:00,12724.0,11457.0,12301.791,12344.251
2017-08-19 01:00:00,11690.0,10513.0,11165.6045,11294.477
2017-08-19 02:00:00,10835.0,9799.0,10501.033,10537.421
2017-08-19 03:00:00,10197.0,9222.0,9988.415,10106.979
2017-08-19 04:00:00,9738.0,8923.0,9365.358,9605.776
2017-08-19 05:00:00,9760.0,8695.0,9243.607,9428.73
2017-08-19 06:00:00,9573.0,8642.0,9156.584,9386.877
2017-08-19 07:00:00,9697.0,8699.0,9176.556,9541.263
2017-08-19 08:00:00,9765.0,8822.0,9340.222,9681.205
2017-08-19 09:00:00,10227.0,9306.0,10355.924,10337.303
2017-08-19 10:00:00,11202.0,10073.0,11062.687,11144.457
2017-08-19 11:00:00,12146.0,10543.0,11827.179,11981.896
2017-08-19 12:00:00,13000.0,10973.0,12883.503,13320.676
2017-08-19 13:00:00,13743.0,11151.0,13523.217,13838.985
2017-08-19 14:00:00,14374.0,11279.0,14298.997,14243.073
2017-08-19 15:00:00,14814.0,11334.0,14534.428,14121.639
2017-08-19 16:00:00,15242.0,11492.0,14710.289,13954.333
2017-08-19 17:00:00,15585.0,11671.0,14688.133,14174.213
2017-08-19 18:00:00,15692.0,11816.0,14695.475,14271.204
2017-08-19 19:00:00,15564.0,11794.0,14627.809,14244.542
2017-08-19 20:00:00,14919.0,11540.0,13849.09,14105.56
2017-08-19 21:00:00,13968.0,11096.0,13639.229,13805.8955
2017-08-19 22:00:00,13508.0,11101.0,13014.704,13625.161
2017-08-19 23:00:00,12850.0,10821.0,12468.078,13159.251
2017-08-20 00:00:00,11957.0,10151.0,11944.182,12379.3
2017-08-20 01:00:00,10816.0,9528.0,10950.111,11657.046
2017-08-20 02:00:00,10076.0,8985.0,10215.397,10634.478
2017-08-20 03:00:00,9551.0,8565.0,9409.413,9805.552
2017-08-20 04:00:00,9088.0,8234.0,9141.932,9375.187
2017-08-20 05:00:00,8831.0,8038.0,9004.258,9092.267
2017-08-20 06:00:00,8677.0,7980.0,8956.765,9080.522
2017-08-20 07:00:00,8725.0,7982.0,9062.39,8966.118
2017-08-20 08:00:00,8638.0,7866.0,9204.435,8986.615
2017-08-20 09:00:00,9094.0,8272.0,9978.079,9326.846
2017-08-20 10:00:00,9935.0,8883.0,11255.606,10309.032
2017-08-20 11:00:00,10918.0,9542.0,12745.909,11689.299
2017-08-20 12:00:00,11924.0,10066.0,13933.024,12332.162
2017-08-20 13:00:00,12980.0,10492.0,14805.115,12833.087
2017-08-20 14:00:00,13953.0,10899.0,15293.971,13254.381
2017-08-20 15:00:00,14708.0,11289.0,15413.812,13538.367
2017-08-20 16:00:00,15112.0,11493.0,15563.043,13954.658
2017-08-20 17:00:00,14964.0,11611.0,16042.365,13767.346
2017-08-20 18:00:00,14848.0,11623.0,15820.829,13911.097
2017-08-20 19:00:00,14590.0,11526.0,15473.078,13803.448
2017-08-20 20:00:00,14424.0,11273.0,14679.61,13261.398
2017-08-20 21:00:00,14422.0,11144.0,14698.686,13461.068
2017-08-20 22:00:00,14444.0,11384.0,14297.622,13593.565
2017-08-20 23:00:00,13940.0,11044.0,13990.825,13405.116
2017-08-21 00:00:00,13176.0,10562.0,12941.74,12540.025
2017-08-21 01:00:00,12211.0,9869.0,11770.518,11440.236
2017-08-21 02:00:00,11444.0,9357.0,11284.086,10432.439
2017-08-21 03:00:00,10871.0,8970.0,10551.085,9938.047
2017-08-21 04:00:00,10479.0,8743.0,10293.069,9909.346
2017-08-21 05:00:00,10340.0,8616.0,10096.437,9898.216
2017-08-21 06:00:00,10478.0,8830.0,10193.253,10072.364
2017-08-21 07:00:00,11216.0,9466.0,11056.453,10714.662
2017-08-21 08:00:00,12095.0,10192.0,11912.401,11638.206
2017-08-21 09:00:00,13079.0,11121.0,12917.801,12719.459
2017-08-21 10:00:00,13913.0,11998.0,14661.167,14079.604
2017-08-21 11:00:00,14800.0,12803.0,15566.648,14391.66
2017-08-21 12:00:00,15724.0,13428.0,16977.781,15344.866
2017-08-21 13:00:00,16140.0,13760.0,18113.332,16370.736
2017-08-21 14:00:00,16319.0,14066.0,17634.846,17020.1
2017-08-21 15:00:00,15908.0,14471.0,17441.816,17100.096
2017-08-21 16:00:00,16202.0,14942.0,17529.646,17210.924
2017-08-21 17:00:00,16750.0,15328.0,18032.287,17422.29
2017-08-21 18:00:00,17313.0,15433.0,18530.0,17564.434
2017-08-21 19:00:00,17064.0,15235.0,17655.832,17930.71
2017-08-21 20:00:00,16384.0,14731.0,17272.36,17211.021
2017-08-21 21:00:00,15938.0,14473.0,16202.955,16476.436
2017-08-21 22:00:00,15778.0,14535.0,15996.405,15841.133
2017-08-21 23:00:00,15017.0,13990.0,15031.986,15269.245
2017-08-22 00:00:00,13930.0,12969.0,13863.542,13650.05
2017-08-22 01:00:00,12788.0,11878.0,12730.713,12689.8545
2017-08-22 02:00:00,11767.0,11038.0,11892.788,11845.293
2017-08-22 03:00:00,11236.0,10419.0,11333.71,11080.701
2017-08-22 04:00:00,10930.0,10056.0,11408.397,10522.385
2017-08-22 05:00:00,10746.0,9789.0,11425.907,10391.415
2017-08-22 06:00:00,10899.0,9909.0,10985.577,10448.955
2017-08-22 07:00:00,11465.0,10486.0,11387.526,11134.848
2017-08-22 08:00:00,12308.0,11253.0,11960.414,11918.6045
2017-08-22 09:00:00,12881.0,12275.0,12731.27,12858.664
2017-08-22 10:00:00,13386.0,13299.0,13551.606,13728.011
2017-08-22 11:00:00,13734.0,14164.0,14146.977,14372.908
2017-08-22 12:00:00,14114.0,15038.0,15343.004,14960.108
2017-08-22 13:00:00,14356.0,15687.0,16290.881,15622.997
2017-08-22 14:00:00,14789.0,16249.0,16928.535,16126.432
2017-08-22 15:00:00,15312.0,16784.0,17638.11,17174.352
2017-08-22 16:00:00,15536.0,16993.0,17512.695,17315.16
2017-08-22 17:00:00,15641.0,16984.0,17514.559,17203.57
2017-08-22 18:00:00,15548.0,16777.0,17019.516,17044.578
2017-08-22 19:00:00,15192.0,16252.0,16283.354,16216.957
2017-08-22 20:00:00,14382.0,15236.0,15335.715,15651.055
2017-08-22 21:00:00,13607.0,14498.0,14497.087,14979.256
2017-08-22 22:00:00,13358.0,14272.0,14038.476,14604.681
2017-08-22 23:00:00,12553.0,13553.0,13035.712,13915.192
2017-08-23 00:00:00,11478.0,12514.0,12033.358,12559.592
2017-08-23 01:00:00,10416.0,11418.0,10960.952,11512.047
2017-08-23 02:00:00,9703.0,10626.0,10279.645,10798.872
2017-08-23 03:00:00,9217.0,10074.0,9682.731,10111.474
2017-08-23 04:00:00,8907.0,9732.0,9261.053,9856.236
2017-08-23 05:00:00,8734.0,9532.0,9112.779,9620.965
2017-08-23 06:00:00,8840.0,9635.0,9290.582,9769.585
2017-08-23 07:00:00,9381.0,10237.0,10000.4,10649.994
2017-08-23 08:00:00,10123.0,11101.0,10835.121,11251.319
2017-08-23 09:00:00,10924.0,12116.0,11906.33,12078.8
2017-08-23 10:00:00,11608.0,13105.0,12785.406,12366.786
2017-08-23 11:00:00,12089.0,14056.0,13027.722,12735.548
2017-08-23 12:00:00,12594.0,15092.0,13778.606,13341.146
2017-08-23 13:00:00,12967.0,16106.0,13686.3545,13684.351
2017-08-23 14:00:00,13254.0,16994.0,13703.538,13613.028
2017-08-23 15:00:00,13539.0,17802.0,13998.342,13684.342
2017-08-23 16:00:00,13736.0,18237.0,14286.548,13571.012
2017-08-23 17:00:00,13831.0,18282.0,14105.998,13315.902
2017-08-23 18:00:00,13782.0,17547.0,13880.114,13308.055
2017-08-23 19:00:00,13521.0,16633.0,13296.298,13259.231
2017-08-23 20:00:00,12959.0,16042.0,12972.633,12647.89
2017-08-23 21:00:00,12558.0,15727.0,13092.306,12958.551
2017-08-23 22:00:00,12593.0,15768.0,12634.474,12936.333
2017-08-23 23:00:00,11923.0,15274.0,11987.903,12302.837
2017-08-24 00:00:00,10960.0,14254.0,11140.131,11314.683
2017-08-24 01:00:00,10073.0,13266.0,10221.426,10332.159
2017-08-24 02:00:00,9431.0,12442.0,9529.771,9525.627
2017-08-24 03:00:00,9010.0,11819.0,9131.554,9097.914
2017-08-24 04:00:00,8706.0,11312.0,8827.227,8949.446
2017-08-24 05:00:00,8581.0,11011.0,8691.468,8840.586
2017-08-24 06:00:00,8733.0,11019.0,8815.713,8994.353
2017-08-24 07:00:00,9262.0,11656.0,9414.799,9491.57
2017-08-24 08:00:00,10080.0,12611.0,10060.124,10357.565
2017-08-24 09:00:00,10760.0,13344.0,11037.853,11068.612
2017-08-24 10:00:00,11336.0,13788.0,11830.939,11671.371
2017-08-24 11:00:00,11885.0,14251.0,12502.215,12163.104
2017-08-24 12:00:00,12347.0,14575.0,12776.047,12682.444
2017-08-24 13:00:00,12595.0,14982.0,12926.626,12926.78
2017-08-24 14:00:00,12802.0,15687.0,12809.149,13099.16
2017-08-24 15:00:00,12891.0,16265.0,12622.213,13113.253
2017-08-24 16:00:00,12834.0,16501.0,12574.389,13260.292
2017-08-24 17:00:00,12704.0,16662.0,12626.351,12921.926
2017-08-24 18:00:00,12604.0,16676.0,12317.708,12919.67
2017-08-24 19:00:00,12278.0,16422.0,12467.161,12763.7705
2017-08-24 20:00:00,11763.0,15742.0,12112.529,12675.441
2017-08-24 21:00:00,11539.0,15161.0,12032.499,12482.669
2017-08-24 22:00:00,11592.0,15050.0,11863.323,12115.035
2017-08-24 23:00:00,11029.0,14344.0,11463.003,11728.58
2017-08-25 00:00:00,10202.0,13169.0,10515.944,10865.676
2017-08-25 01:00:00,9393.0,12036.0,9563.277,9821.337
2017-08-25 02:00:00,8853.0,11176.0,9029.856,9201.047
2017-08-25 03:00:00,8503.0,10524.0,8598.164,8703.695
2017-08-25 04:00:00,8230.0,10060.0,8365.113,8471.552
2017-08-25 05:00:00,8112.0,9834.0,8267.48,8420.589
2017-08-25 06:00:00,8281.0,9864.0,8437.627,8540.997
2017-08-25 07:00:00,8780.0,10401.0,9037.222,9056.6875
2017-08-25 08:00:00,9486.0,11120.0,9738.386,9873.437
2017-08-25 09:00:00,10171.0,12021.0,10593.53,10641.679
2017-08-25 10:00:00,10745.0,12710.0,11236.346,11106.646
2017-08-25 11:00:00,11261.0,13190.0,11619.3,11586.854
2017-08-25 12:00:00,11624.0,13587.0,11925.006,11913.789
2017-08-25 13:00:00,11853.0,14063.0,12304.648,11817.663
2017-08-25 14:00:00,12006.0,14650.0,12313.959,11930.153
2017-08-25 15:00:00,12219.0,15240.0,12325.308,11952.016
2017-08-25 16:00:00,12342.0,15708.0,12238.085,11859.424
2017-08-25 17:00:00,12399.0,16105.0,12224.444,11813.793
2017-08-25 18:00:00,12384.0,16229.0,12285.238,11879.4375
2017-08-25 19:00:00,12165.0,15941.0,12050.614,11663.014
2017-08-25 20:00:00,11713.0,15232.0,11764.27,11539.722
2017-08-25 21:00:00,11393.0,14489.0,11641.538,11489.669
2017-08-25 22:00:00,11427.0,14307.0,11549.86,11394.99
2017-08-25 23:00:00,10945.0,13670.0,11275.278,11011.904
2017-08-26 00:00:00,10273.0,12724.0,10322.964,10291.507
2017-08-26 01:00:00,9519.0,11690.0,9536.922,9561.203
2017-08-26 02:00:00,8949.0,10835.0,8863.165,8916.944
2017-08-26 03:00:00,8593.0,10197.0,8431.595,8362.438
2017-08-26 04:00:00,8288.0,9738.0,8194.953,8132.5605
2017-08-26 05:00:00,8146.0,9760.0,8118.089,8099.266
2017-08-26 06:00:00,8132.0,9573.0,8139.6304,8132.94
2017-08-26 07:00:00,8357.0,9697.0,8260.204,8219.4375
2017-08-26 08:00:00,8563.0,9765.0,8640.95,8702.147
2017-08-26 09:00:00,8940.0,10227.0,9139.657,9306.07
2017-08-26 10:00:00,9486.0,11202.0,9884.738,9786.773
2017-08-26 11:00:00,10002.0,12146.0,10743.152,10429.802
2017-08-26 12:00:00,10449.0,13000.0,11189.408,11037.631
2017-08-26 13:00:00,10765.0,13743.0,11465.9795,10982.666
2017-08-26 14:00:00,10967.0,14374.0,11447.323,10911.121
2017-08-26 15:00:00,11113.0,14814.0,11556.825,10780.798
2017-08-26 16:00:00,11122.0,15242.0,12247.045,10688.806
2017-08-26 17:00:00,11008.0,15585.0,12050.979,10628.806
2017-08-26 18:00:00,10834.0,15692.0,11268.321,10575.008
2017-08-26 19:00:00,10683.0,15564.0,11031.747,10504.084
2017-08-26 20:00:00,10548.0,14919.0,11043.869,10712.373
2017-08-26 21:00:00,10720.0,13968.0,11124.201,10705.382
2017-08-26 22:00:00,10728.0,13508.0,11033.594,10678.674
2017-08-26 23:00:00,10424.0,12850.0,10652.921,10486.571
2017-08-27 00:00:00,9901.0,11957.0,10084.639,9932.408
2017-08-27 01:00:00,9314.0,10816.0,9486.853,9351.715
2017-08-27 02:00:00,8868.0,10076.0,8778.619,8626.482
2017-08-27 03:00:00,8509.0,9551.0,8506.63,8358.044
2017-08-27 04:00:00,8213.0,9088.0,8227.99,8104.692
2017-08-27 05:00:00,8031.0,8831.0,8046.5957,8010.0083
2017-08-27 06:00:00,7952.0,8677.0,8024.0083,7959.9033
2017-08-27 07:00:00,7944.0,8725.0,8129.6543,8004.1685
2017-08-27 08:00:00,7838.0,8638.0,8145.1113,8029.743
2017-08-27 09:00:00,7993.0,9094.0,8369.695,8306.873
2017-08-27 10:00:00,8499.0,9935.0,9011.471,8937.602
2017-08-27 11:00:00,8904.0,10918.0,9571.3955,9456.608
2017-08-27 12:00:00,9197.0,11924.0,10181.887,9973.501
2017-08-27 13:00:00,9428.0,12980.0,10644.216,10190.516
2017-08-27 14:00:00,9608.0,13953.0,10814.251,10422.119
2017-08-27 15:00:00,9898.0,14708.0,11602.957,10263.412
2017-08-27 16:00:00,10290.0,15112.0,11646.966,10125.901
2017-08-27 17:00:00,10484.0,14964.0,11638.112,10309.721
2017-08-27 18:00:00,10474.0,14848.0,11590.969,10376.074
2017-08-27 19:00:00,10500.0,14590.0,10925.575,10503.841
2017-08-27 20:00:00,10550.0,14424.0,10721.409,10465.53
2017-08-27 21:00:00,10860.0,14422.0,10871.342,10299.6455
2017-08-27 22:00:00,11007.0,14444.0,10705.742,10324.996
2017-08-27 23:00:00,10673.0,13940.0,10344.981,10196.277
2017-08-28 00:00:00,10147.0,13176.0,10064.27,10006.4
2017-08-28 01:00:00,9423.0,12211.0,9505.142,9253.55
2017-08-28 02:00:00,8980.0,11444.0,8998.782,8785.407
2017-08-28 03:00:00,8689.0,10871.0,8713.942,8567.2295
2017-08-28 04:00:00,8527.0,10479.0,8526.764,8316.995
2017-08-28 05:00:00,8477.0,10340.0,8581.533,8198.569
2017-08-28 06:00:00,8673.0,10478.0,8609.671,8322.721
2017-08-28 07:00:00,9469.0,11216.0,9259.856,9116.792
2017-08-28 08:00:00,10413.0,12095.0,10374.915,10262.573
2017-08-28 09:00:00,11099.0,13079.0,11155.341,10880.857
2017-08-28 10:00:00,11646.0,13913.0,11836.871,11258.957
2017-08-28 11:00:00,12122.0,14800.0,12312.777,11835.747
2017-08-28 12:00:00,12677.0,15724.0,12848.476,12262.767
2017-08-28 13:00:00,13126.0,16140.0,13362.147,12528.083
2017-08-28 14:00:00,13516.0,16319.0,13936.766,12606.958
2017-08-28 15:00:00,13898.0,15908.0,14424.455,13095.874
2017-08-28 16:00:00,14069.0,16202.0,13442.791,13062.438
2017-08-28 17:00:00,13860.0,16750.0,12880.981,13338.829
2017-08-28 18:00:00,13456.0,17313.0,12822.49,13460.069
2017-08-28 19:00:00,13026.0,17064.0,13297.068,13521.077
2017-08-28 20:00:00,12586.0,16384.0,12832.227,13172.678
2017-08-28 21:00:00,12515.0,15938.0,12876.791,13164.943
2017-08-28 22:00:00,12444.0,15778.0,12712.386,13089.751
2017-08-28 23:00:00,11848.0,15017.0,12063.97,12436.682
2017-08-29 00:00:00,10983.0,13930.0,11333.075,11638.506
2017-08-29 01:00:00,10081.0,12788.0,10415.714,10561.204
2017-08-29 02:00:00,9453.0,11767.0,9881.256,9921.318
2017-08-29 03:00:00,9028.0,11236.0,9324.093,9530.16
2017-08-29 04:00:00,8797.0,10930.0,9268.347,9320.017
2017-08-29 05:00:00,8686.0,10746.0,9140.757,9192.107
2017-08-29 06:00:00,8828.0,10899.0,9263.488,9357.04
2017-08-29 07:00:00,9427.0,11465.0,10011.081,9900.764
2017-08-29 08:00:00,10310.0,12308.0,10773.784,10690.972
2017-08-29 09:00:00,11081.0,12881.0,11597.653,11479.0205
2017-08-29 10:00:00,11770.0,13386.0,12050.694,11900.087
2017-08-29 11:00:00,12352.0,13734.0,12580.938,12180.0205
2017-08-29 12:00:00,12813.0,14114.0,12934.309,12819.621
2017-08-29 13:00:00,13013.0,14356.0,13033.529,13109.857
2017-08-29 14:00:00,12996.0,14789.0,13141.551,13075.818
2017-08-29 15:00:00,13033.0,15312.0,13517.274,13150.793
2017-08-29 16:00:00,12921.0,15536.0,13551.986,12914.406
2017-08-29 17:00:00,12659.0,15641.0,13437.536,13142.268
2017-08-29 18:00:00,12522.0,15548.0,13435.167,13408.542
2017-08-29 19:00:00,12608.0,15192.0,13271.037,13364.506
2017-08-29 20:00:00,12371.0,14382.0,13060.101,13174.094
2017-08-29 21:00:00,12377.0,13607.0,12916.361,12921.437
2017-08-29 22:00:00,12372.0,13358.0,12685.241,12682.1045
2017-08-29 23:00:00,11817.0,12553.0,12124.93,12272.112
2017-08-30 00:00:00,10921.0,11478.0,10952.333,11077.906
2017-08-30 01:00:00,10053.0,10416.0,10094.421,9989.307
2017-08-30 02:00:00,9407.0,9703.0,9488.293,9389.352
2017-08-30 03:00:00,8986.0,9217.0,9077.145,8987.018
2017-08-30 04:00:00,8696.0,8907.0,8821.013,8765.384
2017-08-30 05:00:00,8608.0,8734.0,8753.413,8763.793
2017-08-30 06:00:00,8755.0,8840.0,8751.6875,8792.3125
2017-08-30 07:00:00,9344.0,9381.0,9401.249,9311.254
2017-08-30 08:00:00,10164.0,10123.0,10247.012,10147.038
2017-08-30 09:00:00,10923.0,10924.0,11474.012,11033.496
2017-08-30 10:00:00,11590.0,11608.0,12043.808,11542.926
2017-08-30 11:00:00,12166.0,12089.0,12465.37,11989.1875
2017-08-30 12:00:00,12778.0,12594.0,12744.845,12449.11
2017-08-30 13:00:00,13154.0,12967.0,13225.724,12702.265
2017-08-30 14:00:00,13547.0,13254.0,13622.555,13020.876
2017-08-30 15:00:00,13922.0,13539.0,13855.297,13245.046
2017-08-30 16:00:00,14196.0,13736.0,13855.554,13397.335
2017-08-30 17:00:00,14367.0,13831.0,13918.264,13708.321
2017-08-30 18:00:00,14382.0,13782.0,14099.458,13904.611
2017-08-30 19:00:00,14208.0,13521.0,13764.864,13802.529
2017-08-30 20:00:00,13664.0,12959.0,13154.042,13427.05
2017-08-30 21:00:00,13408.0,12558.0,13032.708,13359.951
2017-08-30 22:00:00,13265.0,12593.0,12981.077,13205.762
2017-08-30 23:00:00,12523.0,11923.0,12328.886,12893.782
2017-08-31 00:00:00,11458.0,10960.0,11609.44,11550.923
2017-08-31 01:00:00,10500.0,10073.0,10396.904,10339.406
2017-08-31 02:00:00,9809.0,9431.0,10356.619,9822.645
2017-08-31 03:00:00,9342.0,9010.0,9666.916,9355.605
2017-08-31 04:00:00,9079.0,8706.0,9271.492,9025.171
2017-08-31 05:00:00,8944.0,8581.0,9201.631,8958.825
2017-08-31 06:00:00,9099.0,8733.0,9214.192,9000.871
2017-08-31 07:00:00,9694.0,9262.0,9721.382,9449.337
2017-08-31 08:00:00,10572.0,10080.0,10248.342,10054.49
2017-08-31 09:00:00,11238.0,10760.0,11445.302,11082.235
2017-08-31 10:00:00,11741.0,11336.0,12069.079,11910.082
2017-08-31 11:00:00,12159.0,11885.0,12517.652,12787.349
2017-08-31 12:00:00,12585.0,12347.0,12888.12,13254.383
2017-08-31 13:00:00,12794.0,12595.0,12890.7295,13625.953
2017-08-31 14:00:00,12930.0,12802.0,12960.138,13770.77
2017-08-31 15:00:00,13044.0,12891.0,13172.211,13918.233
2017-08-31 16:00:00,13006.0,12834.0,13128.92,13799.946
2017-08-31 17:00:00,12906.0,12704.0,12815.25,13568.855
2017-08-31 18:00:00,12697.0,12604.0,12868.172,13329.351
2017-08-31 19:00:00,12248.0,12278.0,12751.341,13003.56
2017-08-31 20:00:00,11666.0,11763.0,12409.374,12866.268
2017-08-31 21:00:00,11668.0,11539.0,12141.19,12537.36
2017-08-31 22:00:00,11674.0,11592.0,12021.264,12337.539
2017-08-31 23:00:00,11152.0,11029.0,11614.95,12013.345
2017-09-01 00:00:00,10388.0,10202.0,10563.745,10671.942
2017-09-01 01:00:00,9543.0,9393.0,9725.402,9975.888
2017-09-01 02:00:00,9011.0,8853.0,9061.453,9336.373
2017-09-01 03:00:00,8620.0,8503.0,8601.625,8877.59
2017-09-01 04:00:00,8322.0,8230.0,8446.5625,8661.943
2017-09-01 05:00:00,8193.0,8112.0,8351.556,8592.611
2017-09-01 06:00:00,8309.0,8281.0,8430.932,8621.272
2017-09-01 07:00:00,8813.0,8780.0,8947.362,9200.558
2017-09-01 08:00:00,9543.0,9486.0,9752.678,9885.65
2017-09-01 09:00:00,10119.0,10171.0,10405.871,10357.112
2017-09-01 10:00:00,10604.0,10745.0,10865.25,11047.797
2017-09-01 11:00:00,10877.0,11261.0,11230.233,11467.25
2017-09-01 12:00:00,11169.0,11624.0,11512.979,11518.319
2017-09-01 13:00:00,11304.0,11853.0,11611.19,11616.957
2017-09-01 14:00:00,11427.0,12006.0,11753.511,11815.472
2017-09-01 15:00:00,11554.0,12219.0,11657.994,11859.499
2017-09-01 16:00:00,11578.0,12342.0,11706.947,11849.639
2017-09-01 17:00:00,11503.0,12399.0,11739.295,11829.515
2017-09-01 18:00:00,11404.0,12384.0,11727.283,11646.702
2017-09-01 19:00:00,11187.0,12165.0,11525.135,11374.71
2017-09-01 20:00:00,10775.0,11713.0,11289.859,11294.467
2017-09-01 21:00:00,10709.0,11393.0,11291.392,11218.882
2017-09-01 22:00:00,10734.0,11427.0,11283.643,11163.226
2017-09-01 23:00:00,10319.0,10945.0,10854.759,10746.774
2017-09-02 00:00:00,9660.0,10273.0,9908.504,10018.243
2017-09-02 01:00:00,8989.0,9519.0,9267.538,9310.96
2017-09-02 02:00:00,8411.0,8949.0,8618.41,8648.948
2017-09-02 03:00:00,8084.0,8593.0,8258.878,8288.387
2017-09-02 04:00:00,7837.0,8288.0,7928.147,7995.5635
2017-09-02 05:00:00,7688.0,8146.0,7886.108,7926.841
2017-09-02 06:00:00,7692.0,8132.0,7871.176,7943.297
2017-09-02 07:00:00,7820.0,8357.0,7921.933,8001.706
2017-09-02 08:00:00,7919.0,8563.0,8181.008,8368.596
2017-09-02 09:00:00,8115.0,8940.0,8679.153,8561.988
2017-09-02 10:00:00,8680.0,9486.0,9251.122,9066.095
2017-09-02 11:00:00,9115.0,10002.0,9672.221,9497.842
2017-09-02 12:00:00,9406.0,10449.0,9776.803,9774.978
2017-09-02 13:00:00,9559.0,10765.0,10048.17,9894.047
2017-09-02 14:00:00,9674.0,10967.0,10011.176,9766.026
2017-09-02 15:00:00,9708.0,11113.0,10331.526,9857.689
2017-09-02 16:00:00,9639.0,11122.0,10160.438,9691.653
2017-09-02 17:00:00,9712.0,11008.0,10343.584,9769.652
2017-09-02 18:00:00,9753.0,10834.0,10447.643,9754.071
2017-09-02 19:00:00,9713.0,10683.0,10315.39,9806.808
2017-09-02 20:00:00,9639.0,10548.0,9961.999,9740.562
2017-09-02 21:00:00,9887.0,10720.0,9933.648,9811.488
2017-09-02 22:00:00,9862.0,10728.0,9943.523,9800.393
2017-09-02 23:00:00,9581.0,10424.0,9712.912,9620.439
2017-09-03 00:00:00,9149.0,9901.0,9065.32,9147.992
2017-09-03 01:00:00,8573.0,9314.0,8628.606,8486.988
2017-09-03 02:00:00,8179.0,8868.0,8036.0547,8030.18
2017-09-03 03:00:00,7796.0,8509.0,7820.5205,7798.263
2017-09-03 04:00:00,7591.0,8213.0,7592.124,7545.522
2017-09-03 05:00:00,7467.0,8031.0,7522.9814,7491.2817
2017-09-03 06:00:00,7443.0,7952.0,7508.143,7515.4634
2017-09-03 07:00:00,7513.0,7944.0,7484.3213,7496.86
2017-09-03 08:00:00,7512.0,7838.0,7606.5156,7405.4644
2017-09-03 09:00:00,7748.0,7993.0,7914.481,7455.363
2017-09-03 10:00:00,8266.0,8499.0,8072.292,7897.0737
2017-09-03 11:00:00,8853.0,8904.0,8597.268,8406.184
2017-09-03 12:00:00,9378.0,9197.0,9360.048,8848.998
2017-09-03 13:00:00,9877.0,9428.0,10396.572,9061.919
2017-09-03 14:00:00,10186.0,9608.0,11045.704,9178.597
2017-09-03 15:00:00,10509.0,9898.0,11453.149,9262.946
2017-09-03 16:00:00,10906.0,10290.0,10523.183,9203.608
2017-09-03 17:00:00,11197.0,10484.0,10862.518,9431.861
2017-09-03 18:00:00,11404.0,10474.0,10909.634,9601.991
2017-09-03 19:00:00,11392.0,10500.0,10583.401,9779.049
2017-09-03 20:00:00,11061.0,10550.0,10361.283,9768.237
2017-09-03 21:00:00,10971.0,10860.0,10495.871,10415.021
2017-09-03 22:00:00,10932.0,11007.0,10421.2,10445.456
2017-09-03 23:00:00,10540.0,10673.0,10091.63,9908.517
2017-09-04 00:00:00,9925.0,10147.0,9368.038,9578.029
2017-09-04 01:00:00,9306.0,9423.0,9037.512,8865.429
2017-09-04 02:00:00,8786.0,8980.0,8448.423,8507.719
2017-09-04 03:00:00,8370.0,8689.0,8028.9844,8206.425
2017-09-04 04:00:00,8107.0,8527.0,7990.749,8068.955
2017-09-04 05:00:00,7928.0,8477.0,7861.0107,8014.581
2017-09-04 06:00:00,7932.0,8673.0,7908.2983,8166.04
2017-09-04 07:00:00,8062.0,9469.0,8196.966,8393.725
2017-09-04 08:00:00,8202.0,10413.0,8671.011,9103.348
2017-09-04 09:00:00,8294.0,11099.0,8845.162,9743.081
2017-09-04 10:00:00,8814.0,11646.0,9983.742,10148.827
2017-09-04 11:00:00,9592.0,12122.0,10748.712,10504.5
2017-09-04 12:00:00,10478.0,12677.0,12009.82,10919.594
2017-09-04 13:00:00,11352.0,13126.0,12673.373,10931.733
2017-09-04 14:00:00,11898.0,13516.0,12878.622,11153.891
2017-09-04 15:00:00,11937.0,13898.0,12374.871,11561.79
2017-09-04 16:00:00,11678.0,14069.0,12201.363,11555.604
2017-09-04 17:00:00,11540.0,13860.0,12629.449,12058.815
2017-09-04 18:00:00,11455.0,13456.0,12991.945,12358.218
2017-09-04 19:00:00,11322.0,13026.0,11881.882,12328.03
2017-09-04 20:00:00,11026.0,12586.0,11499.429,11681.4375
2017-09-04 21:00:00,11163.0,12515.0,11389.6045,11666.538
2017-09-04 22:00:00,10979.0,12444.0,10996.08,11605.586
2017-09-04 23:00:00,10341.0,11848.0,10611.74,11033.367
2017-09-05 00:00:00,9592.0,10983.0,9952.137,10229.231
2017-09-05 01:00:00,8889.0,10081.0,9476.585,9484.424
2017-09-05 02:00:00,8376.0,9453.0,8840.182,8865.338
2017-09-05 03:00:00,8065.0,9028.0,8459.105,8443.681
2017-09-05 04:00:00,7853.0,8797.0,8201.898,8250.07
2017-09-05 05:00:00,7725.0,8686.0,8093.0645,8169.971
2017-09-05 06:00:00,7889.0,8828.0,8280.226,8335.071
2017-09-05 07:00:00,8534.0,9427.0,8762.387,8826.212
2017-09-05 08:00:00,9417.0,10310.0,9700.259,9712.433
2017-09-05 09:00:00,10076.0,11081.0,10503.913,10518.715
2017-09-05 10:00:00,10546.0,11770.0,10787.398,11211.93
2017-09-05 11:00:00,10888.0,12352.0,11029.475,11235.495
2017-09-05 12:00:00,11298.0,12813.0,11617.916,11399.294
2017-09-05 13:00:00,11536.0,13013.0,11674.194,11560.013
2017-09-05 14:00:00,11650.0,12996.0,11736.989,11406.826
2017-09-05 15:00:00,11801.0,13033.0,11672.6455,11509.367
2017-09-05 16:00:00,11763.0,12921.0,11536.22,11537.247
2017-09-05 17:00:00,11625.0,12659.0,11485.049,11519.83
2017-09-05 18:00:00,11367.0,12522.0,11422.6,11509.927
2017-09-05 19:00:00,11007.0,12608.0,11263.567,11417.718
2017-09-05 20:00:00,10711.0,12371.0,11137.794,11225.558
2017-09-05 21:00:00,10905.0,12377.0,11120.123,11264.565
2017-09-05 22:00:00,10838.0,12372.0,11095.293,11192.277
2017-09-05 23:00:00,10301.0,11817.0,10764.536,10725.855
2017-09-06 00:00:00,9557.0,10921.0,9681.487,9768.38
2017-09-06 01:00:00,8866.0,10053.0,9070.247,8957.003
2017-09-06 02:00:00,8381.0,9407.0,8538.011,8568.266
2017-09-06 03:00:00,8091.0,8986.0,8243.634,8302.426
2017-09-06 04:00:00,7888.0,8696.0,8100.31,8134.5884
2017-09-06 05:00:00,7836.0,8608.0,8095.312,8112.82
2017-09-06 06:00:00,8008.0,8755.0,8187.238,8225.701
2017-09-06 07:00:00,8575.0,9344.0,8673.735,8722.232
2017-09-06 08:00:00,9433.0,10164.0,9437.706,9392.156
2017-09-06 09:00:00,10007.0,10923.0,10215.13,10221.681
2017-09-06 10:00:00,10350.0,11590.0,10610.123,10740.644
2017-09-06 11:00:00,10612.0,12166.0,10971.792,10923.943
2017-09-06 12:00:00,10875.0,12778.0,11182.814,11123.334
2017-09-06 13:00:00,11040.0,13154.0,11252.11,11192.678
2017-09-06 14:00:00,11086.0,13547.0,11269.789,11259.205
2017-09-06 15:00:00,11178.0,13922.0,11245.458,11266.077
2017-09-06 16:00:00,11077.0,14196.0,11284.697,11236.012
2017-09-06 17:00:00,10913.0,14367.0,11282.895,11232.961
2017-09-06 18:00:00,10805.0,14382.0,11263.684,11298.932
2017-09-06 19:00:00,10649.0,14208.0,11109.063,11194.148
2017-09-06 20:00:00,10488.0,13664.0,10805.247,10832.096
2017-09-06 21:00:00,10741.0,13408.0,10988.075,11032.424
2017-09-06 22:00:00,10668.0,13265.0,10853.21,10875.381
2017-09-06 23:00:00,10154.0,12523.0,10422.423,10551.705
2017-09-07 00:00:00,9448.0,11458.0,9634.963,9696.624
2017-09-07 01:00:00,8740.0,10500.0,8912.454,9026.215
2017-09-07 02:00:00,8285.0,9809.0,8384.499,8442.463
2017-09-07 03:00:00,7989.0,9342.0,8202.656,8272.88
2017-09-07 04:00:00,7831.0,9079.0,8084.0093,8144.8096
2017-09-07 05:00:00,7809.0,8944.0,8085.332,8141.906
2017-09-07 06:00:00,7961.0,9099.0,8204.591,8218.708
2017-09-07 07:00:00,8559.0,9694.0,8567.775,8606.64
2017-09-07 08:00:00,9475.0,10572.0,9336.957,9348.127
2017-09-07 09:00:00,10031.0,11238.0,9957.864,10032.877
2017-09-07 10:00:00,10418.0,11741.0,10326.519,10321.505
2017-09-07 11:00:00,10724.0,12159.0,10644.099,10556.233
2017-09-07 12:00:00,11012.0,12585.0,11113.335,10986.929
2017-09-07 13:00:00,11096.0,12794.0,11138.397,11049.996
2017-09-07 14:00:00,11147.0,12930.0,11179.018,11070.32
2017-09-07 15:00:00,11200.0,13044.0,11300.83,11038.804
2017-09-07 16:00:00,11118.0,13006.0,11342.721,11031.165
2017-09-07 17:00:00,11032.0,12906.0,11255.703,10987.4
2017-09-07 18:00:00,10905.0,12697.0,11145.66,10886.634
2017-09-07 19:00:00,10738.0,12248.0,10895.634,10736.272
2017-09-07 20:00:00,10510.0,11666.0,10717.726,10641.416
2017-09-07 21:00:00,10829.0,11668.0,10870.443,10721.285
2017-09-07 22:00:00,10827.0,11674.0,10741.777,10655.935
2017-09-07 23:00:00,10313.0,11152.0,10127.068,10190.583
2017-09-08 00:00:00,9577.0,10388.0,9579.91,9588.496
2017-09-08 01:00:00,8892.0,9543.0,8890.898,8855.472
2017-09-08 02:00:00,8427.0,9011.0,8372.32,8458.692
2017-09-08 03:00:00,8122.0,8620.0,8162.7964,8213.775
2017-09-08 04:00:00,7938.0,8322.0,7998.8105,7997.625
2017-09-08 05:00:00,7862.0,8193.0,7989.4243,7988.3384
2017-09-08 06:00:00,8007.0,8309.0,8066.7305,8036.4414
2017-09-08 07:00:00,8598.0,8813.0,8719.935,8569.765
2017-09-08 08:00:00,9607.0,9543.0,9373.356,9193.796
2017-09-08 09:00:00,10207.0,10119.0,9953.67,9756.243
2017-09-08 10:00:00,10648.0,10604.0,10259.899,10167.759
2017-09-08 11:00:00,10972.0,10877.0,10776.857,10604.433
2017-09-08 12:00:00,11263.0,11169.0,11059.973,10913.279
2017-09-08 13:00:00,11379.0,11304.0,11162.029,11000.256
2017-09-08 14:00:00,11382.0,11427.0,11198.339,11014.812
2017-09-08 15:00:00,11423.0,11554.0,11143.092,10982.367
2017-09-08 16:00:00,11345.0,11578.0,11081.315,10978.885
2017-09-08 17:00:00,11211.0,11503.0,11010.007,10920.442
2017-09-08 18:00:00,10987.0,11404.0,10897.954,10885.244
2017-09-08 19:00:00,10707.0,11187.0,10813.402,10765.8125
2017-09-08 20:00:00,10491.0,10775.0,10673.848,10585.403
2017-09-08 21:00:00,10659.0,10709.0,10813.8545,10728.881
2017-09-08 22:00:00,10643.0,10734.0,10859.877,10686.892
2017-09-08 23:00:00,10231.0,10319.0,10395.252,10204.082
2017-09-09 00:00:00,9637.0,9660.0,9675.779,9537.395
2017-09-09 01:00:00,8909.0,8989.0,9123.906,8912.764
2017-09-09 02:00:00,8494.0,8411.0,8535.476,8405.589
2017-09-09 03:00:00,8140.0,8084.0,8205.584,8121.6763
2017-09-09 04:00:00,7949.0,7837.0,7963.7124,7895.826
2017-09-09 05:00:00,7823.0,7688.0,7866.976,7851.0073
2017-09-09 06:00:00,7840.0,7692.0,7865.623,7867.324
2017-09-09 07:00:00,8100.0,7820.0,7895.8843,7930.0483
2017-09-09 08:00:00,8318.0,7919.0,8215.574,8319.13
2017-09-09 09:00:00,8622.0,8115.0,8548.261,8436.1455
2017-09-09 10:00:00,9128.0,8680.0,9001.449,8851.487
2017-09-09 11:00:00,9519.0,9115.0,9465.964,9256.5625
2017-09-09 12:00:00,9774.0,9406.0,9593.099,9497.992
2017-09-09 13:00:00,9868.0,9559.0,9930.645,9738.601
2017-09-09 14:00:00,9929.0,9674.0,9980.999,9731.113
2017-09-09 15:00:00,9904.0,9708.0,10033.728,9679.767
2017-09-09 16:00:00,9913.0,9639.0,10253.075,9779.294
2017-09-09 17:00:00,9931.0,9712.0,10181.697,9521.241
2017-09-09 18:00:00,9950.0,9753.0,9893.152,9680.641
2017-09-09 19:00:00,9847.0,9713.0,9736.822,9641.588
2017-09-09 20:00:00,9636.0,9639.0,9718.95,9680.137
2017-09-09 21:00:00,9875.0,9887.0,9862.621,9811.963
2017-09-09 22:00:00,9833.0,9862.0,9863.579,9824.272
2017-09-09 23:00:00,9552.0,9581.0,9574.843,9717.082
2017-09-10 00:00:00,9055.0,9149.0,9010.7295,9062.917
2017-09-10 01:00:00,8528.0,8573.0,8464.165,8414.454
2017-09-10 02:00:00,8083.0,8179.0,8016.295,8056.461
2017-09-10 03:00:00,7730.0,7796.0,7734.1377,7791.5903
2017-09-10 04:00:00,7468.0,7591.0,7603.943,7595.6387
2017-09-10 05:00:00,7314.0,7467.0,7529.1274,7546.0522
2017-09-10 06:00:00,7263.0,7443.0,7520.9673,7553.9507
2017-09-10 07:00:00,7351.0,7513.0,7528.781,7555.4883
2017-09-10 08:00:00,7402.0,7512.0,7505.125,7545.9575
2017-09-10 09:00:00,7520.0,7748.0,7711.445,7662.67
2017-09-10 10:00:00,7934.0,8266.0,8213.754,8172.7305
2017-09-10 11:00:00,8390.0,8853.0,8613.983,8507.789
2017-09-10 12:00:00,8669.0,9378.0,9095.871,9010.64
2017-09-10 13:00:00,8896.0,9877.0,9308.276,9253.983
2017-09-10 14:00:00,9033.0,10186.0,9318.293,9289.216
2017-09-10 15:00:00,9128.0,10509.0,9223.49,9238.11
2017-09-10 16:00:00,9270.0,10906.0,9549.442,9422.796
2017-09-10 17:00:00,9363.0,11197.0,9520.975,9426.586
2017-09-10 18:00:00,9470.0,11404.0,9553.422,9487.218
2017-09-10 19:00:00,9481.0,11392.0,9580.017,9689.611
2017-09-10 20:00:00,9439.0,11061.0,9414.955,9464.21
2017-09-10 21:00:00,9799.0,10971.0,9772.571,9809.899
2017-09-10 22:00:00,9847.0,10932.0,9779.359,9816.426
2017-09-10 23:00:00,9464.0,10540.0,9320.975,9165.276
2017-09-11 00:00:00,8964.0,9925.0,8958.872,8904.991
2017-09-11 01:00:00,8416.0,9306.0,8402.41,8365.845
2017-09-11 02:00:00,8053.0,8786.0,8090.105,8062.487
2017-09-11 03:00:00,7799.0,8370.0,7818.152,7845.666
2017-09-11 04:00:00,7677.0,8107.0,7715.5586,7701.759
2017-09-11 05:00:00,7601.0,7928.0,7704.241,7697.772
2017-09-11 06:00:00,7800.0,7932.0,7910.3916,7881.7246
2017-09-11 07:00:00,8449.0,8062.0,8481.366,8487.602
2017-09-11 08:00:00,9351.0,8202.0,9023.419,9257.791
2017-09-11 09:00:00,9960.0,8294.0,9528.944,9587.403
2017-09-11 10:00:00,10369.0,8814.0,10463.281,10233.752
2017-09-11 11:00:00,10738.0,9592.0,10954.099,10658.728
2017-09-11 12:00:00,11105.0,10478.0,11316.117,11029.657
2017-09-11 13:00:00,11308.0,11352.0,11722.86,11432.518
2017-09-11 14:00:00,11468.0,11898.0,11833.324,11509.425
2017-09-11 15:00:00,11655.0,11937.0,11962.296,11528.412
2017-09-11 16:00:00,11731.0,11678.0,11854.252,11471.776
2017-09-11 17:00:00,11699.0,11540.0,11865.753,11410.279
2017-09-11 18:00:00,11547.0,11455.0,11824.107,11365.569
2017-09-11 19:00:00,11280.0,11322.0,11490.081,11333.341
2017-09-11 20:00:00,11004.0,11026.0,11360.078,11174.941
2017-09-11 21:00:00,11216.0,11163.0,11384.824,11224.182
2017-09-11 22:00:00,11081.0,10979.0,11251.411,11163.208
2017-09-11 23:00:00,10499.0,10341.0,10708.016,10375.349
2017-09-12 00:00:00,9774.0,9592.0,9707.381,9671.901
2017-09-12 01:00:00,9021.0,8889.0,9352.107,8938.536
2017-09-12 02:00:00,8568.0,8376.0,8770.229,8386.563
2017-09-12 03:00:00,8263.0,8065.0,8372.502,8157.189
2017-09-12 04:00:00,8099.0,7853.0,8041.8843,8034.4746
2017-09-12 05:00:00,8047.0,7725.0,8022.926,8016.677
2017-09-12 06:00:00,8210.0,7889.0,8106.124,8089.6216
2017-09-12 07:00:00,8847.0,8534.0,8595.075,8698.1875
2017-09-12 08:00:00,9771.0,9417.0,9921.574,9552.453
2017-09-12 09:00:00,10378.0,10076.0,10849.597,10365.76
2017-09-12 10:00:00,10931.0,10546.0,11196.152,10628.528
2017-09-12 11:00:00,11310.0,10888.0,11744.252,11106.327
2017-09-12 12:00:00,11637.0,11298.0,12032.236,11485.524
2017-09-12 13:00:00,11837.0,11536.0,12048.915,11652.219
2017-09-12 14:00:00,12011.0,11650.0,12135.45,11691.151
2017-09-12 15:00:00,12207.0,11801.0,12311.793,11670.666
2017-09-12 16:00:00,12310.0,11763.0,12012.634,11634.182
2017-09-12 17:00:00,12272.0,11625.0,11993.968,11701.576
2017-09-12 18:00:00,12220.0,11367.0,12088.582,11739.743
2017-09-12 19:00:00,11886.0,11007.0,11932.425,11508.824
2017-09-12 20:00:00,11506.0,10711.0,11578.516,11339.279
2017-09-12 21:00:00,11678.0,10905.0,11597.261,11483.879
2017-09-12 22:00:00,11508.0,10838.0,11357.396,11389.113
2017-09-12 23:00:00,10902.0,10301.0,10983.899,10899.272
2017-09-13 00:00:00,10116.0,9557.0,10136.274,10003.641
2017-09-13 01:00:00,9366.0,8866.0,9453.242,9262.494
2017-09-13 02:00:00,8876.0,8381.0,8857.195,8751.782
2017-09-13 03:00:00,8543.0,8091.0,8477.653,8434.939
2017-09-13 04:00:00,8307.0,7888.0,8293.24,8205.052
2017-09-13 05:00:00,8270.0,7836.0,8304.255,8191.5415
2017-09-13 06:00:00,8428.0,8008.0,8397.043,8271.369
2017-09-13 07:00:00,9072.0,8575.0,8848.547,8729.368
2017-09-13 08:00:00,10128.0,9433.0,9769.335,9572.863
2017-09-13 09:00:00,10764.0,10007.0,10368.422,10293.151
2017-09-13 10:00:00,11150.0,10350.0,11208.682,11005.676
2017-09-13 11:00:00,11368.0,10612.0,11647.928,11143.072
2017-09-13 12:00:00,11733.0,10875.0,11957.488,11684.191
2017-09-13 13:00:00,12018.0,11040.0,12140.67,11859.198
2017-09-13 14:00:00,12200.0,11086.0,12314.1875,12050.8125
2017-09-13 15:00:00,12427.0,11178.0,12529.128,12090.678
2017-09-13 16:00:00,12440.0,11077.0,12298.001,12061.542
2017-09-13 17:00:00,12326.0,10913.0,12307.083,12067.524
2017-09-13 18:00:00,12235.0,10805.0,12263.884,12051.61
2017-09-13 19:00:00,12096.0,10649.0,12254.835,11915.792
2017-09-13 20:00:00,11860.0,10488.0,12068.572,11627.385
2017-09-13 21:00:00,12120.0,10741.0,12101.355,11666.129
2017-09-13 22:00:00,11940.0,10668.0,11960.606,11583.285
2017-09-13 23:00:00,11347.0,10154.0,11432.858,11112.536
2017-09-14 00:00:00,10515.0,9448.0,10500.347,10105.644
2017-09-14 01:00:00,9690.0,8740.0,9480.883,9424.097
2017-09-14 02:00:00,9072.0,8285.0,9028.966,8982.664
2017-09-14 03:00:00,8688.0,7989.0,8652.138,8669.312
2017-09-14 04:00:00,8421.0,7831.0,8391.815,8417.787
2017-09-14 05:00:00,8300.0,7809.0,8328.57,8413.801
2017-09-14 06:00:00,8478.0,7961.0,8410.632,8482.202
2017-09-14 07:00:00,9113.0,8559.0,8931.741,8915.367
2017-09-14 08:00:00,10078.0,9475.0,9805.968,9730.442
2017-09-14 09:00:00,10720.0,10031.0,10615.921,10559.646
2017-09-14 10:00:00,11172.0,10418.0,11304.469,11066.627
2017-09-14 11:00:00,11561.0,10724.0,11713.82,11267.894
2017-09-14 12:00:00,11983.0,11012.0,12426.078,11883.828
2017-09-14 13:00:00,12400.0,11096.0,13145.16,12199.478
2017-09-14 14:00:00,12797.0,11147.0,13157.9,12205.572
2017-09-14 15:00:00,13247.0,11200.0,13501.612,12310.756
2017-09-14 16:00:00,13568.0,11118.0,13583.524,12222.814
2017-09-14 17:00:00,13850.0,11032.0,13954.551,12471.895
2017-09-14 18:00:00,13976.0,10905.0,13793.111,12513.548
2017-09-14 19:00:00,13801.0,10738.0,12945.418,12359.69
2017-09-14 20:00:00,13309.0,10510.0,12521.913,12282.314
2017-09-14 21:00:00,13353.0,10829.0,12515.266,12417.798
2017-09-14 22:00:00,13066.0,10827.0,12466.631,12377.4795
2017-09-14 23:00:00,12341.0,10313.0,12121.819,11894.037
2017-09-15 00:00:00,11305.0,9577.0,10813.312,10694.456
2017-09-15 01:00:00,10357.0,8892.0,10155.865,9978.389
2017-09-15 02:00:00,9665.0,8427.0,9547.2705,9394.005
2017-09-15 03:00:00,9194.0,8122.0,9061.105,9013.5625
2017-09-15 04:00:00,8868.0,7938.0,8703.409,8649.268
2017-09-15 05:00:00,8695.0,7862.0,8629.075,8603.049
2017-09-15 06:00:00,8821.0,8007.0,8686.015,8675.294
2017-09-15 07:00:00,9412.0,8598.0,9256.617,9154.388
2017-09-15 08:00:00,10375.0,9607.0,10233.638,9816.896
2017-09-15 09:00:00,11057.0,10207.0,11316.393,10635.302
2017-09-15 10:00:00,11742.0,10648.0,12468.025,11262.44
2017-09-15 11:00:00,12436.0,10972.0,13451.7295,11850.416
2017-09-15 12:00:00,13200.0,11263.0,14744.434,12747.815
2017-09-15 13:00:00,13890.0,11379.0,15895.934,13028.929
2017-09-15 14:00:00,14479.0,11382.0,16676.25,13104.515
2017-09-15 15:00:00,15074.0,11423.0,16831.127,13479.9795
2017-09-15 16:00:00,15479.0,11345.0,16816.768,13848.706
2017-09-15 17:00:00,15796.0,11211.0,16993.48,13861.517
2017-09-15 18:00:00,15944.0,10987.0,16887.09,13984.13
2017-09-15 19:00:00,15644.0,10707.0,15437.268,14069.408
2017-09-15 20:00:00,14958.0,10491.0,14893.766,14195.296
2017-09-15 21:00:00,14707.0,10659.0,14446.21,14078.461
2017-09-15 22:00:00,14148.0,10643.0,14056.96,13816.361
2017-09-15 23:00:00,13499.0,10231.0,13389.777,13209.2295
2017-09-16 00:00:00,12544.0,9637.0,12227.063,12201.618
2017-09-16 01:00:00,11474.0,8909.0,11557.569,11701.667
2017-09-16 02:00:00,10678.0,8494.0,10878.611,11071.741
2017-09-16 03:00:00,10002.0,8140.0,10099.458,10187.3125
2017-09-16 04:00:00,9542.0,7949.0,9547.051,9842.807
2017-09-16 05:00:00,9313.0,7823.0,9307.625,9590.165
2017-09-16 06:00:00,9187.0,7840.0,9202.385,9525.441
2017-09-16 07:00:00,9319.0,8100.0,9132.457,9380.982
2017-09-16 08:00:00,9540.0,8318.0,9572.804,9692.434
2017-09-16 09:00:00,9929.0,8622.0,10527.51,10023.01
2017-09-16 10:00:00,10937.0,9128.0,11671.79,10777.437
2017-09-16 11:00:00,11925.0,9519.0,13129.4,11602.188
2017-09-16 12:00:00,12927.0,9774.0,14909.83,12561.5
2017-09-16 13:00:00,13852.0,9868.0,15560.844,12801.703
2017-09-16 14:00:00,14427.0,9929.0,15827.984,12933.957
2017-09-16 15:00:00,14709.0,9904.0,15644.9375,13454.246
2017-09-16 16:00:00,15013.0,9913.0,15601.836,13173.244
2017-09-16 17:00:00,15226.0,9931.0,15762.768,13290.678
2017-09-16 18:00:00,15216.0,9950.0,15842.407,13461.716
2017-09-16 19:00:00,14855.0,9847.0,15055.438,13328.283
2017-09-16 20:00:00,14234.0,9636.0,14160.9375,13403.708
2017-09-16 21:00:00,14020.0,9875.0,13878.891,13076.905
2017-09-16 22:00:00,13527.0,9833.0,13566.9,13191.68
2017-09-16 23:00:00,12963.0,9552.0,12806.237,12714.546
2017-09-17 00:00:00,12105.0,9055.0,11708.862,11493.48
2017-09-17 01:00:00,11269.0,8528.0,11311.267,11053.449
2017-09-17 02:00:00,10482.0,8083.0,10631.275,10329.853
2017-09-17 03:00:00,9958.0,7730.0,10032.555,9608.414
2017-09-17 04:00:00,9508.0,7468.0,9599.662,9251.528
2017-09-17 05:00:00,9204.0,7314.0,9242.504,8969.515
2017-09-17 06:00:00,9106.0,7263.0,9173.468,8941.291
2017-09-17 07:00:00,9111.0,7351.0,9134.959,8822.268
2017-09-17 08:00:00,9181.0,7402.0,9211.291,8882.562
2017-09-17 09:00:00,9341.0,7520.0,9764.075,9106.273
2017-09-17 10:00:00,10102.0,7934.0,10720.772,10231.685
2017-09-17 11:00:00,11083.0,8390.0,12107.901,11349.541
2017-09-17 12:00:00,12273.0,8669.0,12995.502,11866.538
2017-09-17 13:00:00,13321.0,8896.0,14026.559,12384.6
2017-09-17 14:00:00,14091.0,9033.0,14566.46,12960.364
2017-09-17 15:00:00,14260.0,9128.0,13709.029,13358.879
2017-09-17 16:00:00,14102.0,9270.0,13881.237,13726.062
2017-09-17 17:00:00,14048.0,9363.0,13765.816,13865.578
2017-09-17 18:00:00,14064.0,9470.0,13234.216,13731.022
2017-09-17 19:00:00,13756.0,9481.0,13451.302,13479.632
2017-09-17 20:00:00,13257.0,9439.0,13003.248,13509.892
2017-09-17 21:00:00,13252.0,9799.0,13058.657,13263.493
2017-09-17 22:00:00,12780.0,9847.0,13095.793,13327.708
2017-09-17 23:00:00,11971.0,9464.0,12521.569,13103.242
2017-09-18 00:00:00,11000.0,8964.0,11245.93,11858.474
2017-09-18 01:00:00,9987.0,8416.0,10045.445,10699.083
2017-09-18 02:00:00,9277.0,8053.0,9698.129,10080.185
2017-09-18 03:00:00,8777.0,7799.0,9312.279,9716.443
2017-09-18 04:00:00,8487.0,7677.0,9184.834,9479.634
2017-09-18 05:00:00,8380.0,7601.0,8974.034,9540.199
2017-09-18 06:00:00,8546.0,7800.0,9130.058,9724.9795
2017-09-18 07:00:00,9205.0,8449.0,9643.31,10315.8545
2017-09-18 08:00:00,10158.0,9351.0,10572.703,11250.69
2017-09-18 09:00:00,10791.0,9960.0,11282.051,11968.298
2017-09-18 10:00:00,11503.0,10369.0,12137.955,12765.976
2017-09-18 11:00:00,12048.0,10738.0,12687.885,13316.851
2017-09-18 12:00:00,12604.0,11105.0,13068.718,13370.299
2017-09-18 13:00:00,13018.0,11308.0,13092.929,12960.758
2017-09-18 14:00:00,13370.0,11468.0,12939.237,12099.444
2017-09-18 15:00:00,13766.0,11655.0,12795.316,12130.822
2017-09-18 16:00:00,14024.0,11731.0,12999.842,12381.483
2017-09-18 17:00:00,14176.0,11699.0,12950.174,12551.53
2017-09-18 18:00:00,13970.0,11547.0,12890.966,12550.004
2017-09-18 19:00:00,13293.0,11280.0,13152.896,12903.767
2017-09-18 20:00:00,12757.0,11004.0,12857.811,12996.226
2017-09-18 21:00:00,12882.0,11216.0,12699.682,12728.183
2017-09-18 22:00:00,12538.0,11081.0,12503.638,12449.691
2017-09-18 23:00:00,11900.0,10499.0,12425.579,12218.21
2017-09-19 00:00:00,11031.0,9774.0,10776.941,11016.155
2017-09-19 01:00:00,10127.0,9021.0,10347.116,10333.376
2017-09-19 02:00:00,9614.0,8568.0,9754.0625,9537.791
2017-09-19 03:00:00,9231.0,8263.0,9347.934,9105.601
2017-09-19 04:00:00,8999.0,8099.0,9135.05,8755.81
2017-09-19 05:00:00,8855.0,8047.0,9073.276,8670.631
2017-09-19 06:00:00,9039.0,8210.0,9167.4,8772.699
2017-09-19 07:00:00,9730.0,8847.0,9732.938,9426.599
2017-09-19 08:00:00,10919.0,9771.0,10718.753,10316.761
2017-09-19 09:00:00,11629.0,10378.0,11600.888,11352.452
2017-09-19 10:00:00,12067.0,10931.0,12140.194,11862.485
2017-09-19 11:00:00,12451.0,11310.0,12490.699,12324.822
2017-09-19 12:00:00,12865.0,11637.0,12872.256,12690.178
2017-09-19 13:00:00,13341.0,11837.0,12961.867,13068.993
2017-09-19 14:00:00,13938.0,12011.0,13284.7,13119.042
2017-09-19 15:00:00,14426.0,12207.0,13495.477,13069.941
2017-09-19 16:00:00,14598.0,12310.0,13489.25,13297.093
2017-09-19 17:00:00,14719.0,12272.0,13526.037,13357.133
2017-09-19 18:00:00,14773.0,12220.0,13467.158,13768.212
2017-09-19 19:00:00,14415.0,11886.0,13600.453,14054.796
2017-09-19 20:00:00,13775.0,11506.0,13282.079,13803.987
2017-09-19 21:00:00,13721.0,11678.0,13177.306,13532.885
2017-09-19 22:00:00,13185.0,11508.0,12956.162,13173.23
2017-09-19 23:00:00,12359.0,10902.0,12662.932,13167.148
2017-09-20 00:00:00,11291.0,10116.0,11155.82,11307.962
2017-09-20 01:00:00,10413.0,9366.0,10722.882,10766.465
2017-09-20 02:00:00,9721.0,8876.0,10004.962,9969.745
2017-09-20 03:00:00,9284.0,8543.0,9406.129,9547.578
2017-09-20 04:00:00,9018.0,8307.0,9125.121,9184.924
2017-09-20 05:00:00,8885.0,8270.0,9044.233,9052.212
2017-09-20 06:00:00,9043.0,8428.0,9255.942,9130.494
2017-09-20 07:00:00,9729.0,9072.0,9760.933,9616.833
2017-09-20 08:00:00,10827.0,10128.0,11016.018,10526.937
2017-09-20 09:00:00,11505.0,10764.0,12056.985,11403.998
2017-09-20 10:00:00,12304.0,11150.0,13517.983,11862.3
2017-09-20 11:00:00,13167.0,11368.0,14352.997,12461.448
2017-09-20 12:00:00,14141.0,11733.0,16088.423,13156.584
2017-09-20 13:00:00,15128.0,12018.0,17344.01,13698.263
2017-09-20 14:00:00,16112.0,12200.0,18039.932,13696.709
2017-09-20 15:00:00,17084.0,12427.0,18892.27,14176.301
2017-09-20 16:00:00,17800.0,12440.0,18968.383,14516.21
2017-09-20 17:00:00,18347.0,12326.0,18653.57,14824.203
2017-09-20 18:00:00,18585.0,12235.0,18372.475,15216.237
2017-09-20 19:00:00,18356.0,12096.0,16640.367,15340.739
2017-09-20 20:00:00,17711.0,11860.0,16439.25,15239.599
2017-09-20 21:00:00,17494.0,12120.0,16423.61,15030.099
2017-09-20 22:00:00,16839.0,11940.0,16651.197,15278.402
2017-09-20 23:00:00,15803.0,11347.0,16346.016,15831.945
2017-09-21 00:00:00,14456.0,10515.0,14661.997,13759.23
2017-09-21 01:00:00,13235.0,9690.0,13793.121,13358.763
2017-09-21 02:00:00,12307.0,9072.0,12813.747,12743.524
2017-09-21 03:00:00,11632.0,8688.0,11952.024,11713.989
2017-09-21 04:00:00,11097.0,8421.0,11465.565,10906.17
2017-09-21 05:00:00,10797.0,8300.0,11106.53,10687.458
2017-09-21 06:00:00,10877.0,8478.0,10876.841,10733.899
2017-09-21 07:00:00,11491.0,9113.0,11126.609,11193.053
2017-09-21 08:00:00,12542.0,10078.0,12385.071,11540.829
2017-09-21 09:00:00,13289.0,10720.0,13637.46,12696.055
2017-09-21 10:00:00,14312.0,11172.0,14943.564,13949.749
2017-09-21 11:00:00,15376.0,11561.0,16757.709,14882.027
2017-09-21 12:00:00,16513.0,11983.0,17524.959,16163.034
2017-09-21 13:00:00,17512.0,12400.0,19185.121,16707.17
2017-09-21 14:00:00,18347.0,12797.0,19279.6,17169.684
2017-09-21 15:00:00,19003.0,13247.0,19524.178,17395.451
2017-09-21 16:00:00,19333.0,13568.0,20362.78,18137.48
2017-09-21 17:00:00,19518.0,13850.0,20905.816,18569.305
2017-09-21 18:00:00,19443.0,13976.0,19823.875,18150.24
2017-09-21 19:00:00,18836.0,13801.0,18697.012,18425.049
2017-09-21 20:00:00,18130.0,13309.0,17800.375,17620.562
2017-09-21 21:00:00,17932.0,13353.0,17262.734,16972.584
2017-09-21 22:00:00,17301.0,13066.0,16864.23,16578.484
2017-09-21 23:00:00,16403.0,12341.0,16344.58,16338.514
2017-09-22 00:00:00,15091.0,11305.0,15172.701,15060.315
2017-09-22 01:00:00,13860.0,10357.0,14090.892,13663.291
2017-09-22 02:00:00,12838.0,9665.0,13561.929,12622.275
2017-09-22 03:00:00,12104.0,9194.0,12418.277,12054.331
2017-09-22 04:00:00,11536.0,8868.0,11483.739,11372.679
2017-09-22 05:00:00,11230.0,8695.0,11456.155,11220.847
2017-09-22 06:00:00,11227.0,8821.0,11124.093,11185.105
2017-09-22 07:00:00,11802.0,9412.0,11699.814,11561.913
2017-09-22 08:00:00,12747.0,10375.0,13119.584,12112.408
2017-09-22 09:00:00,13516.0,11057.0,14384.048,13039.096
2017-09-22 10:00:00,14580.0,11742.0,16249.203,13988.346
2017-09-22 11:00:00,15859.0,12436.0,17150.781,14636.176
2017-09-22 12:00:00,17237.0,13200.0,17726.334,15415.913
2017-09-22 13:00:00,18190.0,13890.0,19581.607,16251.3125
2017-09-22 14:00:00,18944.0,14479.0,20356.123,17124.215
2017-09-22 15:00:00,19533.0,15074.0,20196.31,17838.775
2017-09-22 16:00:00,19889.0,15479.0,20393.3,18744.756
2017-09-22 17:00:00,20040.0,15796.0,20895.547,19411.621
2017-09-22 18:00:00,19979.0,15944.0,19814.275,19412.824
2017-09-22 19:00:00,19391.0,15644.0,18043.455,18952.268
2017-09-22 20:00:00,18477.0,14958.0,17871.303,17476.39
2017-09-22 21:00:00,17950.0,14707.0,16720.291,16696.617
2017-09-22 22:00:00,17070.0,14148.0,16761.686,16219.958
2017-09-22 23:00:00,16145.0,13499.0,15987.172,15558.422
2017-09-23 00:00:00,14893.0,12544.0,14475.326,14394.382
2017-09-23 01:00:00,13675.0,11474.0,13148.703,13000.142
2017-09-23 02:00:00,12653.0,10678.0,11925.052,12001.05
2017-09-23 03:00:00,11882.0,10002.0,11597.354,11459.52
2017-09-23 04:00:00,11303.0,9542.0,11185.229,11125.139
2017-09-23 05:00:00,10899.0,9313.0,10674.473,10839.953
2017-09-23 06:00:00,10730.0,9187.0,10690.1455,10882.359
2017-09-23 07:00:00,10855.0,9319.0,10787.688,10968.707
2017-09-23 08:00:00,11134.0,9540.0,11586.077,11118.623
2017-09-23 09:00:00,11567.0,9929.0,13087.552,11785.164
2017-09-23 10:00:00,12764.0,10937.0,14284.931,12614.41
2017-09-23 11:00:00,14190.0,11925.0,14753.72,13044.226
2017-09-23 12:00:00,15593.0,12927.0,14902.599,13551.603
2017-09-23 13:00:00,16823.0,13852.0,16487.0,14245.552
2017-09-23 14:00:00,17582.0,14427.0,17045.846,14763.479
2017-09-23 15:00:00,18056.0,14709.0,17885.55,15655.146
2017-09-23 16:00:00,18364.0,15013.0,17071.607,15510.8955
2017-09-23 17:00:00,18510.0,15226.0,16523.928,15239.184
2017-09-23 18:00:00,18373.0,15216.0,16395.281,15184.395
2017-09-23 19:00:00,17816.0,14855.0,16636.83,15677.951
2017-09-23 20:00:00,16973.0,14234.0,15271.697,15630.199
2017-09-23 21:00:00,16530.0,14020.0,14805.324,15493.132
2017-09-23 22:00:00,15793.0,13527.0,14959.6,14779.461
2017-09-23 23:00:00,14901.0,12963.0,15567.072,14579.237
2017-09-24 00:00:00,13868.0,12105.0,14324.446,13427.819
2017-09-24 01:00:00,12818.0,11269.0,13199.091,12392.721
2017-09-24 02:00:00,11883.0,10482.0,11996.716,11755.637
2017-09-24 03:00:00,11175.0,9958.0,11119.634,10944.474
2017-09-24 04:00:00,10580.0,9508.0,10573.983,10602.602
2017-09-24 05:00:00,10196.0,9204.0,10286.507,10281.747
2017-09-24 06:00:00,9980.0,9106.0,10177.409,10321.979
2017-09-24 07:00:00,9934.0,9111.0,10000.681,10217.128
2017-09-24 08:00:00,10018.0,9181.0,10135.42,10338.175
2017-09-24 09:00:00,10194.0,9341.0,10843.643,10583.875
2017-09-24 10:00:00,11272.0,10102.0,12646.114,11803.628
2017-09-24 11:00:00,12622.0,11083.0,14485.542,13010.571
2017-09-24 12:00:00,13971.0,12273.0,14951.426,13235.925
2017-09-24 13:00:00,15088.0,13321.0,15742.211,13749.319
2017-09-24 14:00:00,15979.0,14091.0,16539.299,13863.874
2017-09-24 15:00:00,16559.0,14260.0,16788.53,14439.04
2017-09-24 16:00:00,16986.0,14102.0,17290.896,15236.053
2017-09-24 17:00:00,17165.0,14048.0,16795.637,14891.209
2017-09-24 18:00:00,17149.0,14064.0,16665.062,14904.396
2017-09-24 19:00:00,16705.0,13756.0,16566.998,14608.856
2017-09-24 20:00:00,16009.0,13257.0,15642.376,15153.202
2017-09-24 21:00:00,15757.0,13252.0,15272.109,15014.013
2017-09-24 22:00:00,15016.0,12780.0,15776.863,15297.802
2017-09-24 23:00:00,14142.0,11971.0,15117.738,14997.21
2017-09-25 00:00:00,13025.0,11000.0,14081.883,13819.474
2017-09-25 01:00:00,11965.0,9987.0,12677.941,12974.877
2017-09-25 02:00:00,11149.0,9277.0,11771.919,11716.309
2017-09-25 03:00:00,10541.0,8777.0,10968.277,11515.674
2017-09-25 04:00:00,10181.0,8487.0,10742.121,11117.09
2017-09-25 05:00:00,9946.0,8380.0,10276.141,10993.82
2017-09-25 06:00:00,10077.0,8546.0,10450.52,11100.971
2017-09-25 07:00:00,10760.0,9205.0,11125.128,11767.486
2017-09-25 08:00:00,11794.0,10158.0,12196.118,11896.726
2017-09-25 09:00:00,12437.0,10791.0,13441.95,13252.638
2017-09-25 10:00:00,13358.0,11503.0,15197.692,14436.323
2017-09-25 11:00:00,14463.0,12048.0,17274.979,15666.559
2017-09-25 12:00:00,15649.0,12604.0,18301.186,16895.754
2017-09-25 13:00:00,16822.0,13018.0,17791.379,16588.643
2017-09-25 14:00:00,17688.0,13370.0,18496.582,17111.566
2017-09-25 15:00:00,18373.0,13766.0,18709.197,17052.39
2017-09-25 16:00:00,18684.0,14024.0,18401.938,17318.705
2017-09-25 17:00:00,18852.0,14176.0,18186.986,17704.443
2017-09-25 18:00:00,18735.0,13970.0,17701.863,17855.822
2017-09-25 19:00:00,18213.0,13293.0,17442.066,17593.373
2017-09-25 20:00:00,17386.0,12757.0,17645.385,17676.848
2017-09-25 21:00:00,16994.0,12882.0,17827.99,16774.764
2017-09-25 22:00:00,16131.0,12538.0,17772.654,16813.852
2017-09-25 23:00:00,15005.0,11900.0,16769.002,16724.184
2017-09-26 00:00:00,13706.0,11031.0,14755.361,14817.301
2017-09-26 01:00:00,12406.0,10127.0,13493.933,13175.436
2017-09-26 02:00:00,11476.0,9614.0,12657.596,12582.085
2017-09-26 03:00:00,10843.0,9231.0,11726.603,11819.275
2017-09-26 04:00:00,10394.0,8999.0,11489.358,11152.127
2017-09-26 05:00:00,10169.0,8855.0,10941.448,11037.546
2017-09-26 06:00:00,10241.0,9039.0,10897.49,11072.132
2017-09-26 07:00:00,10911.0,9730.0,11495.78,11521.902
2017-09-26 08:00:00,12025.0,10919.0,12658.712,12480.889
2017-09-26 09:00:00,12651.0,11629.0,14030.874,13456.079
2017-09-26 10:00:00,13452.0,12067.0,15587.144,14435.891
2017-09-26 11:00:00,14383.0,12451.0,16868.842,15039.743
2017-09-26 12:00:00,15564.0,12865.0,17176.273,15943.542
2017-09-26 13:00:00,16745.0,13341.0,18007.78,16622.617
2017-09-26 14:00:00,17736.0,13938.0,20128.146,17361.535
2017-09-26 15:00:00,18358.0,14426.0,19783.459,17693.273
2017-09-26 16:00:00,18608.0,14598.0,20004.988,17941.154
2017-09-26 17:00:00,18734.0,14719.0,20277.742,18400.826
2017-09-26 18:00:00,18647.0,14773.0,20325.596,18402.03
2017-09-26 19:00:00,18033.0,14415.0,18974.11,18379.55
2017-09-26 20:00:00,17352.0,13775.0,18651.531,17861.152
2017-09-26 21:00:00,17071.0,13721.0,18043.875,17121.94
2017-09-26 22:00:00,16318.0,13185.0,17102.043,16902.988
2017-09-26 23:00:00,15208.0,12359.0,15742.254,16140.428
2017-09-27 00:00:00,13786.0,11291.0,13972.58,14315.243
2017-09-27 01:00:00,12455.0,10413.0,12487.435,12757.0205
2017-09-27 02:00:00,11472.0,9721.0,11500.358,12023.065
2017-09-27 03:00:00,10760.0,9284.0,10592.916,11127.2
2017-09-27 04:00:00,10219.0,9018.0,10000.989,10466.565
2017-09-27 05:00:00,9843.0,8885.0,9810.129,10559.154
2017-09-27 06:00:00,9790.0,9043.0,9870.419,10594.313
2017-09-27 07:00:00,10266.0,9729.0,10368.513,10916.729
2017-09-27 08:00:00,11166.0,10827.0,11190.081,11885.941
2017-09-27 09:00:00,11512.0,11505.0,11873.071,12790.382
2017-09-27 10:00:00,11811.0,12304.0,12615.983,13852.273
2017-09-27 11:00:00,11922.0,13167.0,13319.539,14431.679
2017-09-27 12:00:00,12155.0,14141.0,13980.368,15144.946
2017-09-27 13:00:00,12472.0,15128.0,14557.589,15663.481
2017-09-27 14:00:00,12847.0,16112.0,14534.44,15476.695
2017-09-27 15:00:00,13075.0,17084.0,14609.09,14867.298
2017-09-27 16:00:00,13073.0,17800.0,14486.433,14471.26
2017-09-27 17:00:00,12982.0,18347.0,14242.357,13771.341
2017-09-27 18:00:00,12660.0,18585.0,13813.581,13379.385
2017-09-27 19:00:00,12125.0,18356.0,13049.301,13039.956
2017-09-27 20:00:00,11943.0,17711.0,12259.879,12015.597
2017-09-27 21:00:00,12051.0,17494.0,12117.049,11320.394
2017-09-27 22:00:00,11546.0,16839.0,11669.945,11225.072
2017-09-27 23:00:00,10899.0,15803.0,11241.908,10332.898
2017-09-28 00:00:00,10038.0,14456.0,10519.484,10173.871
2017-09-28 01:00:00,9188.0,13235.0,9897.87,10210.282
2017-09-28 02:00:00,8668.0,12307.0,9683.218,9802.849
2017-09-28 03:00:00,8326.0,11632.0,9141.946,9280.547
2017-09-28 04:00:00,8112.0,11097.0,8891.619,9096.063
2017-09-28 05:00:00,8034.0,10797.0,8756.746,8920.34
2017-09-28 06:00:00,8193.0,10877.0,8947.067,9056.741
2017-09-28 07:00:00,8784.0,11491.0,9498.208,9813.997
2017-09-28 08:00:00,9747.0,12542.0,10441.065,10657.593
2017-09-28 09:00:00,10225.0,13289.0,10922.754,10824.312
2017-09-28 10:00:00,10625.0,14312.0,11237.081,11226.819
2017-09-28 11:00:00,11035.0,15376.0,11637.978,11644.7295
2017-09-28 12:00:00,11357.0,16513.0,11890.242,11969.802
2017-09-28 13:00:00,11520.0,17512.0,12198.689,11799.245
2017-09-28 14:00:00,11642.0,18347.0,12251.418,11843.099
2017-09-28 15:00:00,11857.0,19003.0,12244.018,12068.014
2017-09-28 16:00:00,11986.0,19333.0,12226.695,12074.083
2017-09-28 17:00:00,12042.0,19518.0,12232.489,12076.733
2017-09-28 18:00:00,12026.0,19443.0,12118.356,12003.13
2017-09-28 19:00:00,11767.0,18836.0,11851.267,11842.469
2017-09-28 20:00:00,11532.0,18130.0,11791.022,11567.519
2017-09-28 21:00:00,11661.0,17932.0,11530.938,11275.149
2017-09-28 22:00:00,11307.0,17301.0,11446.757,11444.952
2017-09-28 23:00:00,10685.0,16403.0,10977.053,10990.421
2017-09-29 00:00:00,9901.0,15091.0,10122.988,10054.166
2017-09-29 01:00:00,9174.0,13860.0,9316.614,9390.196
2017-09-29 02:00:00,8705.0,12838.0,8815.821,8962.814
2017-09-29 03:00:00,8382.0,12104.0,8466.25,8343.587
2017-09-29 04:00:00,8212.0,11536.0,8306.898,8198.761
2017-09-29 05:00:00,8153.0,11230.0,8146.2183,8152.9033
2017-09-29 06:00:00,8327.0,11227.0,8193.679,8217.554
2017-09-29 07:00:00,8877.0,11802.0,8895.89,9035.166
2017-09-29 08:00:00,9834.0,12747.0,9616.107,9714.074
2017-09-29 09:00:00,10290.0,13516.0,10271.318,10428.902
2017-09-29 10:00:00,10759.0,14580.0,10693.656,10776.813
2017-09-29 11:00:00,11072.0,15859.0,11336.715,11159.028
2017-09-29 12:00:00,11358.0,17237.0,11355.458,11469.228
2017-09-29 13:00:00,11467.0,18190.0,11445.42,11747.168
2017-09-29 14:00:00,11560.0,18944.0,11457.288,11878.367
2017-09-29 15:00:00,11651.0,19533.0,11577.906,11791.345
2017-09-29 16:00:00,11609.0,19889.0,11351.589,11629.476
2017-09-29 17:00:00,11495.0,20040.0,11332.159,11623.082
2017-09-29 18:00:00,11288.0,19979.0,11245.375,11571.037
2017-09-29 19:00:00,10956.0,19391.0,11229.82,11549.448
2017-09-29 20:00:00,10811.0,18477.0,11220.437,11252.158
2017-09-29 21:00:00,10958.0,17950.0,11180.748,11174.8
2017-09-29 22:00:00,10651.0,17070.0,11117.641,11081.622
2017-09-29 23:00:00,10238.0,16145.0,10627.918,10614.751
2017-09-30 00:00:00,9536.0,14893.0,9857.153,9835.612
2017-09-30 01:00:00,8902.0,13675.0,9077.375,9173.795
2017-09-30 02:00:00,8478.0,12653.0,8615.911,8818.06
2017-09-30 03:00:00,8176.0,11882.0,8269.356,8236.047
2017-09-30 04:00:00,7952.0,11303.0,7866.319,8043.694
2017-09-30 05:00:00,7837.0,10899.0,7801.2466,7991.7744
2017-09-30 06:00:00,7855.0,10730.0,7858.501,8157.2866
2017-09-30 07:00:00,8067.0,10855.0,7969.898,8328.17
2017-09-30 08:00:00,8416.0,11134.0,8643.378,9049.138
2017-09-30 09:00:00,8578.0,11567.0,8930.799,9296.773
2017-09-30 10:00:00,9058.0,12764.0,9470.593,9584.219
2017-09-30 11:00:00,9382.0,14190.0,9798.609,9965.229
2017-09-30 12:00:00,9655.0,15593.0,9900.644,10377.282
2017-09-30 13:00:00,9748.0,16823.0,9913.361,10297.304
2017-09-30 14:00:00,9802.0,17582.0,9955.023,10424.08
2017-09-30 15:00:00,9767.0,18056.0,9820.991,10141.458
2017-09-30 16:00:00,9754.0,18364.0,9776.312,10151.497
2017-09-30 17:00:00,9796.0,18510.0,9776.779,10032.263
2017-09-30 18:00:00,9774.0,18373.0,9772.213,10021.873
2017-09-30 19:00:00,9584.0,17816.0,9858.555,10123.995
2017-09-30 20:00:00,9563.0,16973.0,9776.039,9819.688
2017-09-30 21:00:00,9881.0,16530.0,9999.125,10018.796
2017-09-30 22:00:00,9698.0,15793.0,9722.531,9892.464
2017-09-30 23:00:00,9413.0,14901.0,9567.61,9779.769
2017-10-01 00:00:00,8974.0,13868.0,8953.822,9024.695
2017-10-01 01:00:00,8467.0,12818.0,8520.889,8616.215
2017-10-01 02:00:00,8027.0,11883.0,8134.6426,8280.088
2017-10-01 03:00:00,7765.0,11175.0,7882.683,8035.729
2017-10-01 04:00:00,7563.0,10580.0,7758.1196,8013.43
2017-10-01 05:00:00,7458.0,10196.0,7652.897,7861.9497
2017-10-01 06:00:00,7409.0,9980.0,7681.84,7909.955
2017-10-01 07:00:00,7539.0,9934.0,7752.829,7931.9526
2017-10-01 08:00:00,7668.0,10018.0,7932.041,8030.8145
2017-10-01 09:00:00,7755.0,10194.0,8034.1406,8104.005
2017-10-01 10:00:00,8072.0,11272.0,8546.271,8679.399
2017-10-01 11:00:00,8370.0,12622.0,8853.037,8782.655
2017-10-01 12:00:00,8646.0,13971.0,9097.295,8978.208
2017-10-01 13:00:00,8867.0,15088.0,9101.9,9042.75
2017-10-01 14:00:00,8981.0,15979.0,9231.349,9098.472
2017-10-01 15:00:00,9071.0,16559.0,9612.95,9111.469
2017-10-01 16:00:00,9133.0,16986.0,9440.979,9118.804
2017-10-01 17:00:00,9167.0,17165.0,9528.809,9091.805
2017-10-01 18:00:00,9237.0,17149.0,9622.519,9205.788
2017-10-01 19:00:00,9262.0,16705.0,9412.426,9128.686
2017-10-01 20:00:00,9643.0,16009.0,9505.266,9151.372
2017-10-01 21:00:00,9901.0,15757.0,9795.34,9467.892
2017-10-01 22:00:00,9707.0,15016.0,9699.451,9300.784
2017-10-01 23:00:00,9420.0,14142.0,9575.367,9075.976
2017-10-02 00:00:00,8948.0,13025.0,9023.927,8675.312
2017-10-02 01:00:00,8370.0,11965.0,8503.607,8293.181
2017-10-02 02:00:00,8049.0,11149.0,8186.1904,8105.5156
2017-10-02 03:00:00,7798.0,10541.0,8028.223,8026.6304
2017-10-02 04:00:00,7687.0,10181.0,8028.0337,7967.387
2017-10-02 05:00:00,7698.0,9946.0,8104.2715,7986.801
2017-10-02 06:00:00,7955.0,10077.0,8359.708,8121.006
2017-10-02 07:00:00,8679.0,10760.0,8767.922,8913.993
2017-10-02 08:00:00,9802.0,11794.0,9912.851,9971.814
2017-10-02 09:00:00,10412.0,12437.0,10887.993,10484.674
2017-10-02 10:00:00,10864.0,13358.0,11465.85,10734.566
2017-10-02 11:00:00,11302.0,14463.0,11949.832,10958.59
2017-10-02 12:00:00,11677.0,15649.0,12171.38,11223.071
2017-10-02 13:00:00,11985.0,16822.0,12490.816,11572.362
2017-10-02 14:00:00,12277.0,17688.0,13562.802,11691.263
2017-10-02 15:00:00,12657.0,18373.0,13879.627,11741.688
2017-10-02 16:00:00,12790.0,18684.0,13986.588,11728.188
2017-10-02 17:00:00,12780.0,18852.0,13984.56,11672.293
2017-10-02 18:00:00,12651.0,18735.0,13532.954,11860.317
2017-10-02 19:00:00,12477.0,18213.0,13172.576,12023.799
2017-10-02 20:00:00,12471.0,17386.0,13224.621,11990.987
2017-10-02 21:00:00,12660.0,16994.0,13325.516,12098.559
2017-10-02 22:00:00,12391.0,16131.0,13014.429,12040.573
2017-10-02 23:00:00,11699.0,15005.0,12341.186,11467.642
2017-10-03 00:00:00,10804.0,13706.0,10777.6045,10425.286
2017-10-03 01:00:00,9966.0,12406.0,9828.805,9543.49
2017-10-03 02:00:00,9374.0,11476.0,9607.983,9268.485
2017-10-03 03:00:00,8985.0,10843.0,9313.823,9134.756
2017-10-03 04:00:00,8761.0,10394.0,8990.79,8734.333
2017-10-03 05:00:00,8676.0,10169.0,8963.322,8647.9795
2017-10-03 06:00:00,8844.0,10241.0,9119.933,8770.9795
2017-10-03 07:00:00,9553.0,10911.0,9867.709,9845.563
2017-10-03 08:00:00,10738.0,12025.0,10604.458,10648.577
2017-10-03 09:00:00,11287.0,12651.0,11451.927,11460.153
2017-10-03 10:00:00,11767.0,13452.0,12221.196,12007.16
2017-10-03 11:00:00,12123.0,14383.0,12774.923,12286.897
2017-10-03 12:00:00,12531.0,15564.0,13057.266,12599.422
2017-10-03 13:00:00,12742.0,16745.0,13089.523,12707.059
2017-10-03 14:00:00,12900.0,17736.0,13398.751,12716.124
2017-10-03 15:00:00,13087.0,18358.0,14413.171,13115.727
2017-10-03 16:00:00,13284.0,18608.0,14750.2705,13184.671
2017-10-03 17:00:00,13322.0,18734.0,14451.739,13222.013
2017-10-03 18:00:00,13172.0,18647.0,14601.652,13249.458
2017-10-03 19:00:00,13112.0,18033.0,14031.992,13352.581
2017-10-03 20:00:00,13132.0,17352.0,13475.501,13228.936
2017-10-03 21:00:00,13357.0,17071.0,13308.728,12915.004
2017-10-03 22:00:00,13004.0,16318.0,13070.097,12672.063
2017-10-03 23:00:00,12383.0,15208.0,12696.238,12387.43
2017-10-04 00:00:00,11453.0,13786.0,11864.983,11244.362
2017-10-04 01:00:00,10621.0,12455.0,10862.411,10397.555
2017-10-04 02:00:00,9993.0,11472.0,10212.866,9599.706
2017-10-04 03:00:00,9631.0,10760.0,9609.372,9153.827
2017-10-04 04:00:00,9369.0,10219.0,9619.885,9023.24
2017-10-04 05:00:00,9252.0,9843.0,9802.315,9045.57
2017-10-04 06:00:00,9500.0,9790.0,9685.868,9160.65
2017-10-04 07:00:00,10269.0,10266.0,10443.527,9617.914
2017-10-04 08:00:00,11474.0,11166.0,11264.3955,10897.974
2017-10-04 09:00:00,12198.0,11512.0,11538.765,11705.947
2017-10-04 10:00:00,12515.0,11811.0,11973.77,12297.816
2017-10-04 11:00:00,12591.0,11922.0,12460.774,12756.185
2017-10-04 12:00:00,12628.0,12155.0,12523.956,12702.246
2017-10-04 13:00:00,12550.0,12472.0,12628.185,12855.88
2017-10-04 14:00:00,12493.0,12847.0,12783.503,13038.772
2017-10-04 15:00:00,12592.0,13075.0,13077.484,13263.6875
2017-10-04 16:00:00,12732.0,13073.0,13287.541,13308.614
2017-10-04 17:00:00,12828.0,12982.0,13639.598,13342.358
2017-10-04 18:00:00,12678.0,12660.0,13536.417,13485.152
2017-10-04 19:00:00,12306.0,12125.0,12933.247,13430.107
2017-10-04 20:00:00,12190.0,11943.0,12690.134,13368.024
2017-10-04 21:00:00,12186.0,12051.0,12510.325,13207.887
2017-10-04 22:00:00,11809.0,11546.0,12362.485,12807.806
2017-10-04 23:00:00,11162.0,10899.0,11704.255,12154.812
2017-10-05 00:00:00,10304.0,10038.0,10867.29,10998.833
2017-10-05 01:00:00,9512.0,9188.0,9824.081,10230.494
2017-10-05 02:00:00,8912.0,8668.0,9255.568,9622.102
2017-10-05 03:00:00,8568.0,8326.0,8820.854,9097.822
2017-10-05 04:00:00,8314.0,8112.0,8623.035,8854.922
2017-10-05 05:00:00,8243.0,8034.0,8582.498,8838.876
2017-10-05 06:00:00,8382.0,8193.0,8690.186,8910.352
2017-10-05 07:00:00,8985.0,8784.0,9334.474,9759.451
2017-10-05 08:00:00,9936.0,9747.0,10454.951,10999.834
2017-10-05 09:00:00,10387.0,10225.0,10939.209,11430.893
2017-10-05 10:00:00,10799.0,10625.0,11458.774,11352.511
2017-10-05 11:00:00,11207.0,11035.0,11730.756,11424.951
2017-10-05 12:00:00,11569.0,11357.0,12230.559,11595.634
2017-10-05 13:00:00,11829.0,11520.0,12352.379,11698.794
2017-10-05 14:00:00,12064.0,11642.0,12488.497,11808.274
2017-10-05 15:00:00,12324.0,11857.0,12552.674,11797.876
2017-10-05 16:00:00,12403.0,11986.0,12495.429,11785.579
2017-10-05 17:00:00,12428.0,12042.0,12591.754,11785.748
2017-10-05 18:00:00,12312.0,12026.0,12536.214,11811.703
2017-10-05 19:00:00,11994.0,11767.0,12309.963,11905.128
2017-10-05 20:00:00,12056.0,11532.0,12286.416,11882.188
2017-10-05 21:00:00,12137.0,11661.0,12309.888,11878.081
2017-10-05 22:00:00,11771.0,11307.0,12008.88,11615.093
2017-10-05 23:00:00,11203.0,10685.0,11207.616,11078.66
2017-10-06 00:00:00,10392.0,9901.0,10351.881,10215.81
2017-10-06 01:00:00,9636.0,9174.0,9658.265,9533.644
2017-10-06 02:00:00,9044.0,8705.0,9085.282,8975.906
2017-10-06 03:00:00,8715.0,8382.0,8794.804,8601.636
2017-10-06 04:00:00,8491.0,8212.0,8471.825,8399.629
2017-10-06 05:00:00,8421.0,8153.0,8623.692,8390.288
2017-10-06 06:00:00,8561.0,8327.0,8649.114,8464.88
2017-10-06 07:00:00,9176.0,8877.0,9138.819,9087.379
2017-10-06 08:00:00,10251.0,9834.0,10005.955,10036.829
2017-10-06 09:00:00,10900.0,10290.0,10336.431,10498.134
2017-10-06 10:00:00,11236.0,10759.0,10884.233,11179.759
2017-10-06 11:00:00,11333.0,11072.0,11280.681,11522.3125
2017-10-06 12:00:00,11691.0,11358.0,11568.749,11640.528
2017-10-06 13:00:00,11753.0,11467.0,11879.402,11708.3545
2017-10-06 14:00:00,11775.0,11560.0,12201.878,11844.545
2017-10-06 15:00:00,11817.0,11651.0,12377.181,11823.361
2017-10-06 16:00:00,11819.0,11609.0,12376.613,11780.835
2017-10-06 17:00:00,11698.0,11495.0,12413.586,11798.018
2017-10-06 18:00:00,11673.0,11288.0,12256.185,11666.39
2017-10-06 19:00:00,11689.0,10956.0,12054.026,11665.595
2017-10-06 20:00:00,11808.0,10811.0,12031.683,11625.185
2017-10-06 21:00:00,11701.0,10958.0,12029.215,11643.436
2017-10-06 22:00:00,11361.0,10651.0,11948.17,11437.859
2017-10-06 23:00:00,10990.0,10238.0,11715.273,10968.648
2017-10-07 00:00:00,10307.0,9536.0,10828.118,10318.966
2017-10-07 01:00:00,9673.0,8902.0,10195.693,9489.287
2017-10-07 02:00:00,9106.0,8478.0,9302.373,8952.702
2017-10-07 03:00:00,8768.0,8176.0,8958.323,8631.27
2017-10-07 04:00:00,8501.0,7952.0,8685.283,8350.019
2017-10-07 05:00:00,8376.0,7837.0,8534.398,8295.627
2017-10-07 06:00:00,8322.0,7855.0,8534.588,8309.798
2017-10-07 07:00:00,8616.0,8067.0,8583.064,8417.275
2017-10-07 08:00:00,9019.0,8416.0,9251.188,8962.315
2017-10-07 09:00:00,9310.0,8578.0,9833.462,9352.548
2017-10-07 10:00:00,9823.0,9058.0,10136.676,9546.78
2017-10-07 11:00:00,10300.0,9382.0,11210.163,9955.308
2017-10-07 12:00:00,10736.0,9655.0,11625.128,10148.705
2017-10-07 13:00:00,11072.0,9748.0,12191.444,10237.166
2017-10-07 14:00:00,11186.0,9802.0,12487.154,10290.347
2017-10-07 15:00:00,11061.0,9767.0,11309.468,10326.068
2017-10-07 16:00:00,11037.0,9754.0,11334.17,10300.032
2017-10-07 17:00:00,10882.0,9796.0,10952.671,10285.75
2017-10-07 18:00:00,10440.0,9774.0,10827.318,10440.09
2017-10-07 19:00:00,10117.0,9584.0,10117.166,10479.198
2017-10-07 20:00:00,10134.0,9563.0,10148.076,10660.861
2017-10-07 21:00:00,10266.0,9881.0,10341.012,10714.406
2017-10-07 22:00:00,10058.0,9698.0,10218.63,10583.73
2017-10-07 23:00:00,9779.0,9413.0,9991.734,10385.096
2017-10-08 00:00:00,9226.0,8974.0,9600.77,9743.521
2017-10-08 01:00:00,8699.0,8467.0,8947.638,9244.28
2017-10-08 02:00:00,8209.0,8027.0,8558.538,8725.886
2017-10-08 03:00:00,7901.0,7765.0,8218.169,8419.084
2017-10-08 04:00:00,7621.0,7563.0,7954.062,8185.8984
2017-10-08 05:00:00,7501.0,7458.0,7874.628,8100.7876
2017-10-08 06:00:00,7421.0,7409.0,7788.836,8076.392
2017-10-08 07:00:00,7567.0,7539.0,7844.9033,8062.5776
2017-10-08 08:00:00,7716.0,7668.0,8051.619,8259.447
2017-10-08 09:00:00,7778.0,7755.0,8285.732,8373.424
2017-10-08 10:00:00,8121.0,8072.0,8825.656,8691.43
2017-10-08 11:00:00,8614.0,8370.0,9397.112,8943.906
2017-10-08 12:00:00,9013.0,8646.0,9818.367,9041.048
2017-10-08 13:00:00,9420.0,8867.0,10369.686,8960.758
2017-10-08 14:00:00,9705.0,8981.0,10428.573,9015.643
2017-10-08 15:00:00,9919.0,9071.0,10880.793,9171.342
2017-10-08 16:00:00,10118.0,9133.0,11120.735,9258.972
2017-10-08 17:00:00,10342.0,9167.0,10948.487,9435.014
2017-10-08 18:00:00,10417.0,9237.0,10386.589,9521.127
2017-10-08 19:00:00,10363.0,9262.0,10414.949,9778.554
2017-10-08 20:00:00,10435.0,9643.0,10676.438,9932.454
2017-10-08 21:00:00,10529.0,9901.0,10631.946,10169.927
2017-10-08 22:00:00,10249.0,9707.0,10347.215,10009.638
2017-10-08 23:00:00,9787.0,9420.0,9857.932,9805.27
2017-10-09 00:00:00,9252.0,8948.0,9160.428,9373.939
2017-10-09 01:00:00,8643.0,8370.0,8675.143,8706.47
2017-10-09 02:00:00,8265.0,8049.0,8217.049,8317.657
2017-10-09 03:00:00,8020.0,7798.0,8002.0684,8140.323
2017-10-09 04:00:00,7818.0,7687.0,7942.0684,8018.093
2017-10-09 05:00:00,7770.0,7698.0,7933.111,8018.093
2017-10-09 06:00:00,7984.0,7955.0,8041.638,8166.6226
2017-10-09 07:00:00,8560.0,8679.0,8363.33,8384.474
2017-10-09 08:00:00,9334.0,9802.0,9309.356,9272.06
2017-10-09 09:00:00,9966.0,10412.0,10207.139,9995.339
2017-10-09 10:00:00,10517.0,10864.0,10569.158,10346.482
2017-10-09 11:00:00,11097.0,11302.0,10160.899,10834.395
2017-10-09 12:00:00,11525.0,11677.0,10597.5205,11130.904
2017-10-09 13:00:00,11933.0,11985.0,11147.954,11148.673
2017-10-09 14:00:00,12247.0,12277.0,11774.439,11148.775
2017-10-09 15:00:00,12646.0,12657.0,12237.93,11075.666
2017-10-09 16:00:00,12795.0,12790.0,12408.203,11412.351
2017-10-09 17:00:00,12865.0,12780.0,12543.073,11642.268
2017-10-09 18:00:00,12788.0,12651.0,12027.874,11943.081
2017-10-09 19:00:00,12475.0,12477.0,12046.905,12129.734
2017-10-09 20:00:00,12435.0,12471.0,12170.949,12173.342
2017-10-09 21:00:00,12330.0,12660.0,12098.172,12365.902
2017-10-09 22:00:00,11714.0,12391.0,12094.841,12249.893
2017-10-09 23:00:00,11071.0,11699.0,11790.104,11679.209
2017-10-10 00:00:00,10257.0,10804.0,10490.893,10363.38
2017-10-10 01:00:00,9516.0,9966.0,9773.449,9443.118
2017-10-10 02:00:00,8907.0,9374.0,9216.387,8990.673
2017-10-10 03:00:00,8563.0,8985.0,8933.15,8773.053
2017-10-10 04:00:00,8357.0,8761.0,8732.204,8577.886
2017-10-10 05:00:00,8296.0,8676.0,8798.088,8504.58
2017-10-10 06:00:00,8400.0,8844.0,8970.11,8704.236
2017-10-10 07:00:00,9036.0,9553.0,9118.728,9143.987
2017-10-10 08:00:00,10090.0,10738.0,10266.459,10351.053
2017-10-10 09:00:00,10632.0,11287.0,10842.497,11240.376
2017-10-10 10:00:00,10958.0,11767.0,11232.168,11690.213
2017-10-10 11:00:00,11185.0,12123.0,11564.045,11833.484
2017-10-10 12:00:00,11355.0,12531.0,11753.165,11925.018
2017-10-10 13:00:00,11429.0,12742.0,11867.222,12085.215
2017-10-10 14:00:00,11419.0,12900.0,11824.491,11876.602
2017-10-10 15:00:00,11415.0,13087.0,11766.593,11928.298
2017-10-10 16:00:00,11287.0,13284.0,11642.689,11822.044
2017-10-10 17:00:00,11148.0,13322.0,11592.324,11757.741
2017-10-10 18:00:00,11102.0,13172.0,11639.345,11717.386
2017-10-10 19:00:00,11250.0,13112.0,11646.641,11811.859
2017-10-10 20:00:00,11360.0,13132.0,11597.8125,11545.031
2017-10-10 21:00:00,11301.0,13357.0,11379.269,11393.46
2017-10-10 22:00:00,11044.0,13004.0,11475.605,11432.392
2017-10-10 23:00:00,10471.0,12383.0,11153.38,10992.576
2017-10-11 00:00:00,9788.0,11453.0,10222.617,10169.138
2017-10-11 01:00:00,9142.0,10621.0,9500.839,9432.961
2017-10-11 02:00:00,8714.0,9993.0,9000.055,8889.947
2017-10-11 03:00:00,8497.0,9631.0,8550.464,8502.453
2017-10-11 04:00:00,8301.0,9369.0,8366.5205,8413.192
2017-10-11 05:00:00,8162.0,9252.0,8339.806,8413.022
2017-10-11 06:00:00,8350.0,9500.0,8501.216,8517.919
2017-10-11 07:00:00,8960.0,10269.0,9196.434,9242.933
2017-10-11 08:00:00,9987.0,11474.0,9989.283,10320.542
2017-10-11 09:00:00,10596.0,12198.0,10628.211,10764.175
2017-10-11 10:00:00,10857.0,12515.0,11049.392,10990.375
2017-10-11 11:00:00,11002.0,12591.0,11179.031,11225.38
2017-10-11 12:00:00,11105.0,12628.0,11306.852,11271.883
2017-10-11 13:00:00,11116.0,12550.0,11354.472,11306.15
2017-10-11 14:00:00,11128.0,12493.0,11354.496,11330.214
2017-10-11 15:00:00,11153.0,12592.0,11333.987,11304.908
2017-10-11 16:00:00,11132.0,12732.0,11292.246,11264.051
2017-10-11 17:00:00,10970.0,12828.0,11241.955,11151.108
2017-10-11 18:00:00,10975.0,12678.0,11235.355,11160.267
2017-10-11 19:00:00,11005.0,12306.0,11301.732,11285.903
2017-10-11 20:00:00,11215.0,12190.0,11300.416,11268.06
2017-10-11 21:00:00,11154.0,12186.0,11312.048,11270.137
2017-10-11 22:00:00,10879.0,11809.0,11148.807,11115.506
2017-10-11 23:00:00,10273.0,11162.0,10524.16,10540.979
2017-10-12 00:00:00,9593.0,10304.0,9905.005,9876.074
2017-10-12 01:00:00,8921.0,9512.0,9149.722,9167.952
2017-10-12 02:00:00,8428.0,8912.0,8675.035,8772.297
2017-10-12 03:00:00,8128.0,8568.0,8360.587,8445.092
2017-10-12 04:00:00,7958.0,8314.0,8133.904,8255.6
2017-10-12 05:00:00,7916.0,8243.0,8103.7856,8184.205
2017-10-12 06:00:00,8080.0,8382.0,8224.9375,8319.718
2017-10-12 07:00:00,8710.0,8985.0,8863.467,8942.744
2017-10-12 08:00:00,9768.0,9936.0,9932.595,9948.674
2017-10-12 09:00:00,10412.0,10387.0,10466.214,10493.524
2017-10-12 10:00:00,10671.0,10799.0,10716.209,10797.454
2017-10-12 11:00:00,10834.0,11207.0,10914.673,10935.407
2017-10-12 12:00:00,10976.0,11569.0,11056.223,10925.85
2017-10-12 13:00:00,10993.0,11829.0,11090.174,10938.619
2017-10-12 14:00:00,10961.0,12064.0,11128.073,10901.483
2017-10-12 15:00:00,10996.0,12324.0,11141.821,10896.129
2017-10-12 16:00:00,10878.0,12403.0,11135.548,10904.285
2017-10-12 17:00:00,10842.0,12428.0,11123.74,10846.8955
2017-10-12 18:00:00,10762.0,12312.0,11139.594,10805.045
2017-10-12 19:00:00,10787.0,11994.0,11124.571,10916.792
2017-10-12 20:00:00,11027.0,12056.0,11125.693,10887.922
2017-10-12 21:00:00,11057.0,12137.0,11088.555,10910.856
2017-10-12 22:00:00,10770.0,11771.0,10991.807,10843.477
2017-10-12 23:00:00,10240.0,11203.0,10413.346,10349.64
2017-10-13 00:00:00,9600.0,10392.0,9648.15,9624.8955
2017-10-13 01:00:00,9023.0,9636.0,9052.281,8981.746
2017-10-13 02:00:00,8488.0,9044.0,8508.938,8616.4
2017-10-13 03:00:00,8189.0,8715.0,8256.794,8359.894
2017-10-13 04:00:00,8009.0,8491.0,8109.2983,8130.9536
2017-10-13 05:00:00,7969.0,8421.0,8069.1387,8116.8823
2017-10-13 06:00:00,8102.0,8561.0,8194.074,8252.898
2017-10-13 07:00:00,8694.0,9176.0,8744.766,8807.863
2017-10-13 08:00:00,9714.0,10251.0,9708.541,9708.268
2017-10-13 09:00:00,10237.0,10900.0,10239.513,10298.111
2017-10-13 10:00:00,10481.0,11236.0,10587.07,10606.839
2017-10-13 11:00:00,10742.0,11333.0,10778.185,10709.267
2017-10-13 12:00:00,10900.0,11691.0,11019.957,10804.935
2017-10-13 13:00:00,11049.0,11753.0,11129.555,10807.216
2017-10-13 14:00:00,11137.0,11775.0,11308.384,10808.218
2017-10-13 15:00:00,11297.0,11817.0,11343.449,10804.603
2017-10-13 16:00:00,11388.0,11819.0,11256.483,10742.351
2017-10-13 17:00:00,11338.0,11698.0,11239.55,10586.978
2017-10-13 18:00:00,11223.0,11673.0,11089.334,10590.554
2017-10-13 19:00:00,11103.0,11689.0,11152.862,10680.404
2017-10-13 20:00:00,11314.0,11808.0,11163.804,10832.466
2017-10-13 21:00:00,11193.0,11701.0,11186.913,10853.756
2017-10-13 22:00:00,10939.0,11361.0,11081.099,10670.313
2017-10-13 23:00:00,10513.0,10990.0,10392.831,10136.674
2017-10-14 00:00:00,9897.0,10307.0,9918.935,9695.224
2017-10-14 01:00:00,9208.0,9673.0,9335.311,9032.138
2017-10-14 02:00:00,8693.0,9106.0,8987.447,8645.285
2017-10-14 03:00:00,8339.0,8768.0,8565.438,8332.143
2017-10-14 04:00:00,8149.0,8501.0,8324.578,8091.0615
2017-10-14 05:00:00,8102.0,8376.0,8152.747,8050.1963
2017-10-14 06:00:00,8102.0,8322.0,8136.1475,8063.8604
2017-10-14 07:00:00,8295.0,8616.0,8270.962,8258.029
2017-10-14 08:00:00,8688.0,9019.0,8678.163,8799.421
2017-10-14 09:00:00,9127.0,9310.0,8885.803,9068.177
2017-10-14 10:00:00,9555.0,9823.0,9366.113,9490.151
2017-10-14 11:00:00,9892.0,10300.0,9753.931,9727.064
2017-10-14 12:00:00,10044.0,10736.0,10353.807,9994.145
2017-10-14 13:00:00,10217.0,11072.0,10380.347,10106.667
2017-10-14 14:00:00,10283.0,11186.0,10297.06,10177.792
2017-10-14 15:00:00,10105.0,11061.0,10321.746,10052.4375
2017-10-14 16:00:00,9947.0,11037.0,10243.211,9867.651
2017-10-14 17:00:00,9864.0,10882.0,10214.737,9848.232
2017-10-14 18:00:00,9957.0,10440.0,10357.092,9950.61
2017-10-14 19:00:00,10088.0,10117.0,10027.004,10029.356
2017-10-14 20:00:00,10357.0,10134.0,10345.147,10169.019
2017-10-14 21:00:00,10395.0,10266.0,10349.088,10175.082
2017-10-14 22:00:00,10279.0,10058.0,10364.888,10059.757
2017-10-14 23:00:00,9923.0,9779.0,10419.874,9873.427
2017-10-15 00:00:00,9474.0,9226.0,9980.679,9443.171
2017-10-15 01:00:00,9017.0,8699.0,9514.602,8991.107
2017-10-15 02:00:00,8586.0,8209.0,8826.733,8490.868
2017-10-15 03:00:00,8235.0,7901.0,8484.631,8124.392
2017-10-15 04:00:00,8029.0,7621.0,8299.679,7926.476
2017-10-15 05:00:00,7918.0,7501.0,8173.0654,7895.3877
2017-10-15 06:00:00,7909.0,7421.0,8139.2646,7906.0264
2017-10-15 07:00:00,7928.0,7567.0,7873.268,7911.957
2017-10-15 08:00:00,8066.0,7716.0,7902.0366,8057.5283
2017-10-15 09:00:00,8129.0,7778.0,8125.0854,8271.286
2017-10-15 10:00:00,8284.0,8121.0,8415.1875,8566.47
2017-10-15 11:00:00,8513.0,8614.0,8788.344,8951.149
2017-10-15 12:00:00,8710.0,9013.0,8943.014,9141.768
2017-10-15 13:00:00,8819.0,9420.0,9163.269,9339.757
2017-10-15 14:00:00,8846.0,9705.0,9268.303,9453.891
2017-10-15 15:00:00,8831.0,9919.0,9339.482,9399.695
2017-10-15 16:00:00,8767.0,10118.0,9304.956,9327.293
2017-10-15 17:00:00,8759.0,10342.0,9362.8,9420.783
2017-10-15 18:00:00,8788.0,10417.0,9375.334,9438.661
2017-10-15 19:00:00,8995.0,10363.0,9763.934,9876.148
2017-10-15 20:00:00,9524.0,10435.0,9969.241,9930.661
2017-10-15 21:00:00,9600.0,10529.0,10062.952,10068.419
2017-10-15 22:00:00,9422.0,10249.0,10067.479,10092.957
2017-10-15 23:00:00,9100.0,9787.0,9739.503,9766.753
2017-10-16 00:00:00,8631.0,9252.0,9057.45,9090.3545
2017-10-16 01:00:00,8168.0,8643.0,8632.835,8653.405
2017-10-16 02:00:00,7850.0,8265.0,8189.074,8247.965
2017-10-16 03:00:00,7658.0,8020.0,7979.6973,7964.9688
2017-10-16 04:00:00,7581.0,7818.0,7971.3857,7870.485
2017-10-16 05:00:00,7596.0,7770.0,8020.5957,7850.982
2017-10-16 06:00:00,7809.0,7984.0,8291.807,8078.972
2017-10-16 07:00:00,8557.0,8560.0,9115.128,8811.497
2017-10-16 08:00:00,9674.0,9334.0,9624.292,9808.355
2017-10-16 09:00:00,10229.0,9966.0,10256.668,10458.05
2017-10-16 10:00:00,10424.0,10517.0,10623.248,10600.908
2017-10-16 11:00:00,10531.0,11097.0,10995.012,11054.427
2017-10-16 12:00:00,10623.0,11525.0,11067.328,10983.287
2017-10-16 13:00:00,10704.0,11933.0,11161.678,11046.694
2017-10-16 14:00:00,10758.0,12247.0,11227.621,11062.234
2017-10-16 15:00:00,10824.0,12646.0,11244.456,11176.702
2017-10-16 16:00:00,10780.0,12795.0,11164.4795,11196.034
2017-10-16 17:00:00,10679.0,12865.0,11155.095,11196.039
2017-10-16 18:00:00,10576.0,12788.0,11047.919,11158.69
2017-10-16 19:00:00,10524.0,12475.0,11173.488,11285.655
2017-10-16 20:00:00,10868.0,12435.0,11216.043,11278.052
2017-10-16 21:00:00,10960.0,12330.0,11181.215,11269.956
2017-10-16 22:00:00,10659.0,11714.0,11129.122,11135.59
2017-10-16 23:00:00,10081.0,11071.0,10722.943,10581.477
2017-10-17 00:00:00,9384.0,10257.0,9400.57,9515.707
2017-10-17 01:00:00,8677.0,9516.0,8837.149,8948.0
2017-10-17 02:00:00,8231.0,8907.0,8474.787,8693.257
2017-10-17 03:00:00,7985.0,8563.0,8190.438,8326.076
2017-10-17 04:00:00,7828.0,8357.0,8085.4004,8181.474
2017-10-17 05:00:00,7756.0,8296.0,8065.4272,8163.2993
2017-10-17 06:00:00,7993.0,8400.0,8172.8975,8256.6455
2017-10-17 07:00:00,8648.0,9036.0,8833.444,9020.047
2017-10-17 08:00:00,9719.0,10090.0,10137.581,10188.797
2017-10-17 09:00:00,10230.0,10632.0,10540.636,10578.831
2017-10-17 10:00:00,10429.0,10958.0,10805.684,10857.513
2017-10-17 11:00:00,10551.0,11185.0,10948.925,10977.345
2017-10-17 12:00:00,10763.0,11355.0,11222.768,10998.625
2017-10-17 13:00:00,10789.0,11429.0,11426.263,11030.166
2017-10-17 14:00:00,10846.0,11419.0,11570.302,11026.392
2017-10-17 15:00:00,11033.0,11415.0,11614.836,11023.675
2017-10-17 16:00:00,11005.0,11287.0,11451.21,10979.784
2017-10-17 17:00:00,10963.0,11148.0,11198.009,10900.844
2017-10-17 18:00:00,10887.0,11102.0,10986.379,10800.304
2017-10-17 19:00:00,10804.0,11250.0,11053.569,10981.314
2017-10-17 20:00:00,11065.0,11360.0,11111.396,11110.309
2017-10-17 21:00:00,11071.0,11301.0,11120.942,11158.15
2017-10-17 22:00:00,10696.0,11044.0,10892.049,10872.435
2017-10-17 23:00:00,10177.0,10471.0,10369.199,10304.326
2017-10-18 00:00:00,9458.0,9788.0,9554.669,9583.127
2017-10-18 01:00:00,8810.0,9142.0,8852.336,9109.005
2017-10-18 02:00:00,8381.0,8714.0,8417.901,8572.762
2017-10-18 03:00:00,8234.0,8497.0,8195.582,8299.569
2017-10-18 04:00:00,8053.0,8301.0,8089.2437,8187.0044
2017-10-18 05:00:00,7996.0,8162.0,8069.5938,8166.2837
2017-10-18 06:00:00,8197.0,8350.0,8182.6416,8270.842
2017-10-18 07:00:00,8816.0,8960.0,8768.2,8869.209
2017-10-18 08:00:00,9911.0,9987.0,9762.955,9768.818
2017-10-18 09:00:00,10454.0,10596.0,10249.481,10237.724
2017-10-18 10:00:00,10619.0,10857.0,10506.623,10630.708
2017-10-18 11:00:00,10744.0,11002.0,10821.701,10849.82
2017-10-18 12:00:00,10925.0,11105.0,11156.469,10972.112
2017-10-18 13:00:00,11058.0,11116.0,11393.652,10973.718
2017-10-18 14:00:00,11121.0,11128.0,11523.2295,10973.821
2017-10-18 15:00:00,11184.0,11153.0,11618.678,11054.367
2017-10-18 16:00:00,11146.0,11132.0,11505.208,11012.963
2017-10-18 17:00:00,11141.0,10970.0,11417.509,10959.09
2017-10-18 18:00:00,11041.0,10975.0,11091.091,10930.046
2017-10-18 19:00:00,10902.0,11005.0,11121.159,10961.016
2017-10-18 20:00:00,11185.0,11215.0,11188.568,11085.658
2017-10-18 21:00:00,11126.0,11154.0,11148.541,11075.884
2017-10-18 22:00:00,10819.0,10879.0,10969.668,10866.804
2017-10-18 23:00:00,10298.0,10273.0,10375.084,10289.235
2017-10-19 00:00:00,9562.0,9593.0,9576.084,9548.24
2017-10-19 01:00:00,8906.0,8921.0,8910.025,8949.238
2017-10-19 02:00:00,8413.0,8428.0,8443.677,8562.698
2017-10-19 03:00:00,8108.0,8128.0,8209.817,8309.675
2017-10-19 04:00:00,7945.0,7958.0,8108.07,8160.442
2017-10-19 05:00:00,7893.0,7916.0,8096.7695,8160.442
2017-10-19 06:00:00,8064.0,8080.0,8197.09,8260.208
2017-10-19 07:00:00,8659.0,8710.0,8717.434,8789.85
2017-10-19 08:00:00,9713.0,9768.0,9838.109,9800.196
2017-10-19 09:00:00,10242.0,10412.0,10323.131,10382.39
2017-10-19 10:00:00,10460.0,10671.0,10595.639,10589.591
2017-10-19 11:00:00,10681.0,10834.0,10795.026,10791.742
2017-10-19 12:00:00,10929.0,10976.0,10990.977,10870.262
2017-10-19 13:00:00,11080.0,10993.0,11096.974,10901.58
2017-10-19 14:00:00,11065.0,10961.0,11122.308,10911.196
2017-10-19 15:00:00,11118.0,10996.0,11266.651,10853.041
2017-10-19 16:00:00,11183.0,10878.0,11076.301,10871.132
2017-10-19 17:00:00,11080.0,10842.0,11011.103,10823.333
2017-10-19 18:00:00,10901.0,10762.0,10875.002,10790.297
2017-10-19 19:00:00,10749.0,10787.0,10832.209,10858.994
2017-10-19 20:00:00,11052.0,11027.0,10932.894,10894.331
2017-10-19 21:00:00,10960.0,11057.0,10903.435,10941.087
2017-10-19 22:00:00,10671.0,10770.0,10759.987,10748.609
2017-10-19 23:00:00,10158.0,10240.0,10220.68,10303.762
2017-10-20 00:00:00,9476.0,9600.0,9612.346,9601.417
2017-10-20 01:00:00,8847.0,9023.0,8933.401,8967.451
2017-10-20 02:00:00,8388.0,8488.0,8431.521,8529.414
2017-10-20 03:00:00,8122.0,8189.0,8156.8765,8264.015
2017-10-20 04:00:00,7935.0,8009.0,8074.1772,8115.7563
2017-10-20 05:00:00,7901.0,7969.0,8052.8677,8108.9614
2017-10-20 06:00:00,8095.0,8102.0,8124.099,8187.318
2017-10-20 07:00:00,8615.0,8694.0,8639.568,8693.386
2017-10-20 08:00:00,9671.0,9714.0,9600.579,9559.188
2017-10-20 09:00:00,10241.0,10237.0,10140.797,10081.724
2017-10-20 10:00:00,10511.0,10481.0,10318.481,10324.863
2017-10-20 11:00:00,10751.0,10742.0,11172.856,10711.452
2017-10-20 12:00:00,11067.0,10900.0,11412.228,10782.973
2017-10-20 13:00:00,11264.0,11049.0,11481.078,10786.433
2017-10-20 14:00:00,11408.0,11137.0,11470.006,10790.161
2017-10-20 15:00:00,11616.0,11297.0,11624.549,10806.122
2017-10-20 16:00:00,11646.0,11388.0,11707.743,10717.093
2017-10-20 17:00:00,11557.0,11338.0,11418.525,10714.47
2017-10-20 18:00:00,11401.0,11223.0,11225.981,10705.869
2017-10-20 19:00:00,11158.0,11103.0,11145.114,10704.295
2017-10-20 20:00:00,11316.0,11314.0,11121.264,10825.433
2017-10-20 21:00:00,11150.0,11193.0,11300.097,10933.87
2017-10-20 22:00:00,10816.0,10939.0,11005.13,10794.405
2017-10-20 23:00:00,10392.0,10513.0,10366.159,10237.356
2017-10-21 00:00:00,9763.0,9897.0,9757.266,9619.713
2017-10-21 01:00:00,9122.0,9208.0,9186.167,9038.34
2017-10-21 02:00:00,8631.0,8693.0,8678.669,8579.844
2017-10-21 03:00:00,8238.0,8339.0,8344.984,8262.403
2017-10-21 04:00:00,8021.0,8149.0,8107.5796,8065.692
2017-10-21 05:00:00,7923.0,8102.0,8022.645,8024.8594
2017-10-21 06:00:00,7941.0,8102.0,7990.8853,8059.7505
2017-10-21 07:00:00,8169.0,8295.0,8014.1245,8113.6445
2017-10-21 08:00:00,8600.0,8688.0,8463.962,8684.379
2017-10-21 09:00:00,8878.0,9127.0,8869.589,9040.516
2017-10-21 10:00:00,9194.0,9555.0,9242.664,9267.292
2017-10-21 11:00:00,9523.0,9892.0,9641.702,9666.657
2017-10-21 12:00:00,9696.0,10044.0,9820.651,9868.817
2017-10-21 13:00:00,9875.0,10217.0,9946.312,9892.496
2017-10-21 14:00:00,9977.0,10283.0,10252.423,9786.267
2017-10-21 15:00:00,10066.0,10105.0,10598.509,9797.085
2017-10-21 16:00:00,10130.0,9947.0,10807.557,9754.004
2017-10-21 17:00:00,10182.0,9864.0,10441.6875,9706.882
2017-10-21 18:00:00,10117.0,9957.0,10174.727,9797.861
2017-10-21 19:00:00,10080.0,10088.0,10303.468,9903.3545
2017-10-21 20:00:00,10507.0,10357.0,10592.233,10086.774
2017-10-21 21:00:00,10468.0,10395.0,10784.848,10104.552
2017-10-21 22:00:00,10261.0,10279.0,10491.412,9972.588
2017-10-21 23:00:00,9923.0,9923.0,10281.698,9816.521
2017-10-22 00:00:00,9420.0,9474.0,9830.925,9397.193
2017-10-22 01:00:00,8883.0,9017.0,9272.391,8795.957
2017-10-22 02:00:00,8397.0,8586.0,8517.577,8322.604
2017-10-22 03:00:00,8091.0,8235.0,8121.552,8063.865
2017-10-22 04:00:00,7834.0,8029.0,8026.698,7868.34
2017-10-22 05:00:00,7695.0,7918.0,7971.972,7820.8687
2017-10-22 06:00:00,7686.0,7909.0,7966.433,7831.5073
2017-10-22 07:00:00,7773.0,7928.0,7873.501,7837.155
2017-10-22 08:00:00,7995.0,8066.0,7949.074,7863.094
2017-10-22 09:00:00,8041.0,8129.0,8155.4907,8114.61
2017-10-22 10:00:00,8421.0,8284.0,8529.826,8409.192
2017-10-22 11:00:00,8836.0,8513.0,8945.756,8734.662
2017-10-22 12:00:00,9146.0,8710.0,9150.742,8989.421
2017-10-22 13:00:00,9321.0,8819.0,9505.679,9070.987
2017-10-22 14:00:00,9456.0,8846.0,9620.16,9139.709
2017-10-22 15:00:00,9451.0,8831.0,9798.866,9194.38
2017-10-22 16:00:00,9375.0,8767.0,9046.408,9205.761
2017-10-22 17:00:00,9218.0,8759.0,9115.631,9374.041
2017-10-22 18:00:00,9178.0,8788.0,9312.956,9552.122
2017-10-22 19:00:00,9367.0,8995.0,9499.196,9656.311
2017-10-22 20:00:00,9676.0,9524.0,9788.996,9923.941
2017-10-22 21:00:00,9640.0,9600.0,9947.013,9940.488
2017-10-22 22:00:00,9419.0,9422.0,9813.375,9966.313
2017-10-22 23:00:00,9127.0,9100.0,9554.0205,9709.473
2017-10-23 00:00:00,8674.0,8631.0,8907.262,9021.326
2017-10-23 01:00:00,8210.0,8168.0,8492.512,8554.416
2017-10-23 02:00:00,7939.0,7850.0,8157.2144,8206.049
2017-10-23 03:00:00,7727.0,7658.0,7957.7227,7985.419
2017-10-23 04:00:00,7629.0,7581.0,7874.195,7893.4805
2017-10-23 05:00:00,7624.0,7596.0,7845.7925,7872.822
2017-10-23 06:00:00,7910.0,7809.0,7993.5,8057.911
2017-10-23 07:00:00,8582.0,8557.0,8697.167,8758.844
2017-10-23 08:00:00,9695.0,9674.0,9734.808,9971.162
2017-10-23 09:00:00,10554.0,10229.0,10385.482,10485.611
2017-10-23 10:00:00,10737.0,10424.0,10746.104,10876.664
2017-10-23 11:00:00,10864.0,10531.0,10773.3125,11045.6
2017-10-23 12:00:00,10999.0,10623.0,10968.198,11106.983
2017-10-23 13:00:00,11071.0,10704.0,11047.526,11159.475
2017-10-23 14:00:00,11015.0,10758.0,11102.957,11221.231
2017-10-23 15:00:00,11010.0,10824.0,11172.8545,11265.734
2017-10-23 16:00:00,10870.0,10780.0,11099.294,11184.952
2017-10-23 17:00:00,10705.0,10679.0,11028.393,11065.143
2017-10-23 18:00:00,10705.0,10576.0,10803.35,11006.7
2017-10-23 19:00:00,10847.0,10524.0,10899.836,11127.764
2017-10-23 20:00:00,11108.0,10868.0,11094.733,11174.543
2017-10-23 21:00:00,10965.0,10960.0,11092.422,11145.476
2017-10-23 22:00:00,10638.0,10659.0,10935.399,10983.494
2017-10-23 23:00:00,10148.0,10081.0,10619.679,10282.819
2017-10-24 00:00:00,9532.0,9384.0,9322.744,9618.697
2017-10-24 01:00:00,8943.0,8677.0,8714.394,8815.74
2017-10-24 02:00:00,8540.0,8231.0,8346.364,8456.789
2017-10-24 03:00:00,8299.0,7985.0,8191.709,8258.336
2017-10-24 04:00:00,8090.0,7828.0,8160.174,8153.3164
2017-10-24 05:00:00,8087.0,7756.0,8149.585,8149.726
2017-10-24 06:00:00,8287.0,7993.0,8271.1455,8228.69
2017-10-24 07:00:00,8944.0,8648.0,8792.109,8849.262
2017-10-24 08:00:00,10093.0,9719.0,10061.509,9960.844
2017-10-24 09:00:00,10907.0,10230.0,10574.747,10481.902
2017-10-24 10:00:00,11139.0,10429.0,10750.537,10735.743
2017-10-24 11:00:00,11265.0,10551.0,10861.234,10810.199
2017-10-24 12:00:00,11401.0,10763.0,11079.709,11088.007
2017-10-24 13:00:00,11426.0,10789.0,11081.099,11123.238
2017-10-24 14:00:00,11376.0,10846.0,11064.752,11186.313
2017-10-24 15:00:00,11406.0,11033.0,11106.101,11189.97
2017-10-24 16:00:00,11277.0,11005.0,11000.781,11134.093
2017-10-24 17:00:00,11184.0,10963.0,10981.277,11081.618
2017-10-24 18:00:00,11221.0,10887.0,10953.249,11067.856
2017-10-24 19:00:00,11469.0,10804.0,11060.912,11149.255
2017-10-24 20:00:00,11613.0,11065.0,11275.0205,11263.185
2017-10-24 21:00:00,11461.0,11071.0,11271.432,11288.25
2017-10-24 22:00:00,11134.0,10696.0,11048.757,11052.345
2017-10-24 23:00:00,10596.0,10177.0,10717.159,10727.527
2017-10-25 00:00:00,9911.0,9458.0,9839.756,9712.626
2017-10-25 01:00:00,9290.0,8810.0,9263.941,9069.491
2017-10-25 02:00:00,8858.0,8381.0,8811.219,8676.145
2017-10-25 03:00:00,8602.0,8234.0,8603.032,8438.947
2017-10-25 04:00:00,8474.0,8053.0,8586.931,8269.661
2017-10-25 05:00:00,8467.0,7996.0,8582.296,8274.554
2017-10-25 06:00:00,8683.0,8197.0,8701.211,8386.342
2017-10-25 07:00:00,9431.0,8816.0,9340.003,9003.445
2017-10-25 08:00:00,10564.0,9911.0,10511.035,10173.948
2017-10-25 09:00:00,11173.0,10454.0,11046.905,10881.133
2017-10-25 10:00:00,11214.0,10619.0,11077.615,11000.42
2017-10-25 11:00:00,11175.0,10744.0,11212.025,11173.231
2017-10-25 12:00:00,11091.0,10925.0,11281.928,11299.406
2017-10-25 13:00:00,11057.0,11058.0,11183.797,11343.011
2017-10-25 14:00:00,10944.0,11121.0,11153.135,11344.714
2017-10-25 15:00:00,10906.0,11184.0,11167.606,11352.271
2017-10-25 16:00:00,10795.0,11146.0,11093.531,11321.349
2017-10-25 17:00:00,10647.0,11141.0,11082.796,11249.069
2017-10-25 18:00:00,10537.0,11041.0,11136.543,11247.161
2017-10-25 19:00:00,10610.0,10902.0,11259.845,11397.741
2017-10-25 20:00:00,11158.0,11185.0,11333.42,11329.377
2017-10-25 21:00:00,11172.0,11126.0,11344.622,11307.84
2017-10-25 22:00:00,10972.0,10819.0,11082.84,11107.814
2017-10-25 23:00:00,10537.0,10298.0,10707.601,10611.089
2017-10-26 00:00:00,9907.0,9562.0,9989.818,9839.253
2017-10-26 01:00:00,9330.0,8906.0,9376.152,9220.425
2017-10-26 02:00:00,8915.0,8413.0,8813.862,8662.526
2017-10-26 03:00:00,8691.0,8108.0,8608.993,8436.793
2017-10-26 04:00:00,8549.0,7945.0,8482.671,8299.627
2017-10-26 05:00:00,8526.0,7893.0,8499.546,8299.627
2017-10-26 06:00:00,8735.0,8064.0,8667.265,8433.562
2017-10-26 07:00:00,9497.0,8659.0,9281.491,9122.225
2017-10-26 08:00:00,10652.0,9713.0,10302.592,10107.634
2017-10-26 09:00:00,11127.0,10242.0,10833.993,10788.09
2017-10-26 10:00:00,11137.0,10460.0,10974.943,10972.958
2017-10-26 11:00:00,11111.0,10681.0,10993.486,11119.464
2017-10-26 12:00:00,11094.0,10929.0,11082.542,11154.441
2017-10-26 13:00:00,11067.0,11080.0,11088.06,11153.599
2017-10-26 14:00:00,11049.0,11065.0,11067.753,11157.134
2017-10-26 15:00:00,11058.0,11118.0,11111.824,11139.53
2017-10-26 16:00:00,10983.0,11183.0,11063.52,11047.223
2017-10-26 17:00:00,10852.0,11080.0,10880.088,10908.49
2017-10-26 18:00:00,10781.0,10901.0,10802.01,10889.66
2017-10-26 19:00:00,10923.0,10749.0,10846.412,10943.005
2017-10-26 20:00:00,11360.0,11052.0,11131.074,11254.988
2017-10-26 21:00:00,11252.0,10960.0,11196.41,11288.683
2017-10-26 22:00:00,10998.0,10671.0,10941.706,11091.773
2017-10-26 23:00:00,10524.0,10158.0,10523.537,10718.154
2017-10-27 00:00:00,9829.0,9476.0,9780.66,10007.806
2017-10-27 01:00:00,9182.0,8847.0,9141.556,9218.904
2017-10-27 02:00:00,8740.0,8388.0,8694.869,8718.251
2017-10-27 03:00:00,8492.0,8122.0,8473.626,8450.586
2017-10-27 04:00:00,8375.0,7935.0,8348.585,8277.379
2017-10-27 05:00:00,8340.0,7901.0,8472.608,8277.379
2017-10-27 06:00:00,8583.0,8095.0,8618.463,8383.793
2017-10-27 07:00:00,9265.0,8615.0,9268.343,9129.806
2017-10-27 08:00:00,10390.0,9671.0,10285.173,10057.172
2017-10-27 09:00:00,11117.0,10241.0,10861.181,10673.59
2017-10-27 10:00:00,11325.0,10511.0,10996.013,10818.615
2017-10-27 11:00:00,11450.0,10751.0,11038.337,10956.607
2017-10-27 12:00:00,11608.0,11067.0,11143.86,11030.366
2017-10-27 13:00:00,11556.0,11264.0,11183.613,11113.4795
2017-10-27 14:00:00,11419.0,11408.0,11164.319,11111.273
2017-10-27 15:00:00,11429.0,11616.0,11174.132,11124.452
2017-10-27 16:00:00,11355.0,11646.0,11124.03,11070.7295
2017-10-27 17:00:00,11243.0,11557.0,11003.723,10944.417
2017-10-27 18:00:00,11259.0,11401.0,11146.044,10978.21
2017-10-27 19:00:00,11456.0,11158.0,11263.896,11146.342
2017-10-27 20:00:00,11617.0,11316.0,11419.188,11287.608
2017-10-27 21:00:00,11389.0,11150.0,11366.405,11253.291
2017-10-27 22:00:00,11217.0,10816.0,11124.19,11063.839
2017-10-27 23:00:00,10833.0,10392.0,10899.391,10680.242
2017-10-28 00:00:00,10238.0,9763.0,10237.674,10079.073
2017-10-28 01:00:00,9620.0,9122.0,9609.554,9420.212
2017-10-28 02:00:00,9170.0,8631.0,9201.059,8847.245
2017-10-28 03:00:00,8897.0,8238.0,8927.853,8562.169
2017-10-28 04:00:00,8659.0,8021.0,8751.296,8292.831
2017-10-28 05:00:00,8615.0,7923.0,8656.085,8245.964
2017-10-28 06:00:00,8657.0,7941.0,8708.895,8274.164
2017-10-28 07:00:00,8973.0,8169.0,8936.665,8433.267
2017-10-28 08:00:00,9441.0,8600.0,9496.234,9153.469
2017-10-28 09:00:00,9783.0,8878.0,9751.176,9397.971
2017-10-28 10:00:00,9980.0,9194.0,9984.706,9636.898
2017-10-28 11:00:00,10239.0,9523.0,10042.495,10002.964
2017-10-28 12:00:00,10258.0,9696.0,10141.576,10158.139
2017-10-28 13:00:00,10292.0,9875.0,10199.843,10287.598
2017-10-28 14:00:00,10249.0,9977.0,10193.949,10280.426
2017-10-28 15:00:00,10093.0,10066.0,10148.386,10262.358
2017-10-28 16:00:00,9948.0,10130.0,9910.564,10039.287
2017-10-28 17:00:00,9910.0,10182.0,9863.87,9955.35
2017-10-28 18:00:00,9964.0,10117.0,10157.504,10226.338
2017-10-28 19:00:00,10230.0,10080.0,10450.149,10501.582
2017-10-28 20:00:00,10542.0,10507.0,10646.182,10669.26
2017-10-28 21:00:00,10444.0,10468.0,10746.302,10585.114
2017-10-28 22:00:00,10253.0,10261.0,10531.853,10348.271
2017-10-28 23:00:00,9977.0,9923.0,10281.974,10158.066
2017-10-29 00:00:00,9556.0,9420.0,9849.935,9709.419
2017-10-29 01:00:00,9119.0,8883.0,9309.81,9108.406
2017-10-29 02:00:00,8748.0,8397.0,8993.222,8672.222
2017-10-29 03:00:00,8520.0,8091.0,8738.472,8381.381
2017-10-29 04:00:00,8346.0,7834.0,8614.916,8213.623
2017-10-29 05:00:00,8304.0,7695.0,8539.65,8121.2227
2017-10-29 06:00:00,8296.0,7686.0,8603.63,8180.609
2017-10-29 07:00:00,8462.0,7773.0,8675.386,8201.998
2017-10-29 08:00:00,8740.0,7995.0,8904.308,8402.17
2017-10-29 09:00:00,8881.0,8041.0,9087.442,8558.906
2017-10-29 10:00:00,8970.0,8421.0,9202.354,8711.78
2017-10-29 11:00:00,9118.0,8836.0,9137.314,9101.783
2017-10-29 12:00:00,9152.0,9146.0,9314.474,9326.811
2017-10-29 13:00:00,9158.0,9321.0,9422.583,9436.591
2017-10-29 14:00:00,9127.0,9456.0,9457.903,9579.03
2017-10-29 15:00:00,9036.0,9451.0,9455.959,9618.566
2017-10-29 16:00:00,8963.0,9375.0,9402.15,9517.772
2017-10-29 17:00:00,8934.0,9218.0,9425.152,9539.254
2017-10-29 18:00:00,9049.0,9178.0,9745.688,9679.304
2017-10-29 19:00:00,9404.0,9367.0,9917.1045,9982.579
2017-10-29 20:00:00,10121.0,9676.0,10086.28,10155.995
2017-10-29 21:00:00,10150.0,9640.0,10178.945,10137.945
2017-10-29 22:00:00,10017.0,9419.0,9983.995,10153.096
2017-10-29 23:00:00,9704.0,9127.0,9835.478,9892.08
2017-10-30 00:00:00,9287.0,8674.0,9177.512,9170.572
2017-10-30 01:00:00,8865.0,8210.0,8867.913,8698.938
2017-10-30 02:00:00,8557.0,7939.0,8589.232,8492.793
2017-10-30 03:00:00,8372.0,7727.0,8432.869,8300.756
2017-10-30 04:00:00,8279.0,7629.0,8278.781,8122.5996
2017-10-30 05:00:00,8307.0,7624.0,8269.361,8122.5996
2017-10-30 06:00:00,8571.0,7910.0,8417.502,8323.837
2017-10-30 07:00:00,9343.0,8582.0,9279.696,9036.964
2017-10-30 08:00:00,10549.0,9695.0,10231.742,10064.866
2017-10-30 09:00:00,11271.0,10554.0,10903.043,10972.424
2017-10-30 10:00:00,11373.0,10737.0,11209.269,11257.154
2017-10-30 11:00:00,11403.0,10864.0,11321.715,11363.37
2017-10-30 12:00:00,11384.0,10999.0,11382.857,11327.318
2017-10-30 13:00:00,11307.0,11071.0,11348.596,11344.894
2017-10-30 14:00:00,11218.0,11015.0,11351.558,11362.084
2017-10-30 15:00:00,11256.0,11010.0,11322.18,11373.961
2017-10-30 16:00:00,11213.0,10870.0,11249.485,11338.36
2017-10-30 17:00:00,11242.0,10705.0,11164.889,11168.95
2017-10-30 18:00:00,11350.0,10705.0,11252.458,11271.639
2017-10-30 19:00:00,11622.0,10847.0,11465.244,11594.977
2017-10-30 20:00:00,11867.0,11108.0,11658.552,11673.92
2017-10-30 21:00:00,11740.0,10965.0,11629.081,11701.254
2017-10-30 22:00:00,11467.0,10638.0,11399.265,11490.591
2017-10-30 23:00:00,10982.0,10148.0,10813.338,10593.15
2017-10-31 00:00:00,10287.0,9532.0,10206.12,10215.534
2017-10-31 01:00:00,9667.0,8943.0,9676.22,9439.259
2017-10-31 02:00:00,9291.0,8540.0,9231.846,8950.183
2017-10-31 03:00:00,9031.0,8299.0,8950.014,8583.115
2017-10-31 04:00:00,8922.0,8090.0,8845.721,8381.841
2017-10-31 05:00:00,8934.0,8087.0,8848.774,8395.171
2017-10-31 06:00:00,9158.0,8287.0,9051.891,8528.117
2017-10-31 07:00:00,9848.0,8944.0,9769.72,9414.177
2017-10-31 08:00:00,10963.0,10093.0,10883.546,10594.148
2017-10-31 09:00:00,11653.0,10907.0,11504.57,11346.135
2017-10-31 10:00:00,11734.0,11139.0,11601.492,11526.083
2017-10-31 11:00:00,11671.0,11265.0,11637.195,11664.599
2017-10-31 12:00:00,11655.0,11401.0,11657.042,11763.817
2017-10-31 13:00:00,11557.0,11426.0,11644.808,11823.45
2017-10-31 14:00:00,11418.0,11376.0,11537.574,11773.563
2017-10-31 15:00:00,11345.0,11406.0,11614.569,11861.742
2017-10-31 16:00:00,11178.0,11277.0,11501.059,11817.942
2017-10-31 17:00:00,11098.0,11184.0,11529.419,11794.247
2017-10-31 18:00:00,11124.0,11221.0,11724.869,11746.704
2017-10-31 19:00:00,11329.0,11469.0,11921.447,11832.417
2017-10-31 20:00:00,11667.0,11613.0,12084.836,12001.502
2017-10-31 21:00:00,11550.0,11461.0,11905.603,11817.65
2017-10-31 22:00:00,11337.0,11134.0,11673.764,11630.322
2017-10-31 23:00:00,10909.0,10596.0,11105.543,11047.263
2017-11-01 00:00:00,10258.0,9911.0,10508.7705,10264.273
2017-11-01 01:00:00,9626.0,9290.0,9863.888,9584.26
2017-11-01 02:00:00,9242.0,8858.0,9418.076,9179.871
2017-11-01 03:00:00,8982.0,8602.0,9145.303,8855.389
2017-11-01 04:00:00,8830.0,8474.0,9025.465,8653.434
2017-11-01 05:00:00,8810.0,8467.0,8974.505,8635.93
2017-11-01 06:00:00,9086.0,8683.0,9162.753,8932.426
2017-11-01 07:00:00,9778.0,9431.0,9861.09,9687.088
2017-11-01 08:00:00,10884.0,10564.0,10993.275,10876.181
2017-11-01 09:00:00,11578.0,11173.0,11537.41,11276.0625
2017-11-01 10:00:00,11596.0,11214.0,11552.416,11454.522
2017-11-01 11:00:00,11665.0,11175.0,11540.141,11512.561
2017-11-01 12:00:00,11653.0,11091.0,11510.437,11520.078
2017-11-01 13:00:00,11659.0,11057.0,11481.713,11451.638
2017-11-01 14:00:00,11559.0,10944.0,11399.37,11391.417
2017-11-01 15:00:00,11554.0,10906.0,11357.802,11398.516
2017-11-01 16:00:00,11494.0,10795.0,11235.106,11421.924
2017-11-01 17:00:00,11504.0,10647.0,11139.376,11253.115
2017-11-01 18:00:00,11644.0,10537.0,11336.757,11353.268
2017-11-01 19:00:00,11912.0,10610.0,11543.849,11577.103
2017-11-01 20:00:00,11964.0,11158.0,11780.892,11858.876
2017-11-01 21:00:00,11791.0,11172.0,11776.345,11845.6045
2017-11-01 22:00:00,11447.0,10972.0,11580.86,11613.288
2017-11-01 23:00:00,10929.0,10537.0,10930.607,11081.75
2017-11-02 00:00:00,10166.0,9907.0,10293.098,10249.991
2017-11-02 01:00:00,9519.0,9330.0,9556.174,9660.169
2017-11-02 02:00:00,9062.0,8915.0,9051.04,9281.692
2017-11-02 03:00:00,8704.0,8691.0,8718.983,9010.373
2017-11-02 04:00:00,8492.0,8549.0,8564.112,8743.548
2017-11-02 05:00:00,8485.0,8526.0,8482.821,8638.355
2017-11-02 06:00:00,8655.0,8735.0,8672.674,8905.138
2017-11-02 07:00:00,9298.0,9497.0,9406.991,9649.693
2017-11-02 08:00:00,10410.0,10652.0,10544.463,10793.894
2017-11-02 09:00:00,11133.0,11127.0,11177.662,11261.512
2017-11-02 10:00:00,11243.0,11137.0,11257.505,11421.851
2017-11-02 11:00:00,11264.0,11111.0,11334.357,11479.53
2017-11-02 12:00:00,11280.0,11094.0,11428.146,11461.95
2017-11-02 13:00:00,11246.0,11067.0,11413.901,11328.286
2017-11-02 14:00:00,11262.0,11049.0,11365.947,11310.051
2017-11-02 15:00:00,11291.0,11058.0,11363.238,11292.745
2017-11-02 16:00:00,11212.0,10983.0,11323.893,11273.726
2017-11-02 17:00:00,11137.0,10852.0,11266.402,11268.569
2017-11-02 18:00:00,11182.0,10781.0,11317.059,11290.475
2017-11-02 19:00:00,11386.0,10923.0,11600.136,11728.001
2017-11-02 20:00:00,11439.0,11360.0,11721.108,11714.093
2017-11-02 21:00:00,11256.0,11252.0,11581.099,11508.76
2017-11-02 22:00:00,10990.0,10998.0,11391.498,11310.602
2017-11-02 23:00:00,10513.0,10524.0,10805.34,10868.352
2017-11-03 00:00:00,9858.0,9829.0,10087.771,10111.241
2017-11-03 01:00:00,9250.0,9182.0,9396.896,9500.54
2017-11-03 02:00:00,8832.0,8740.0,8917.406,9000.558
2017-11-03 03:00:00,8589.0,8492.0,8686.145,8617.443
2017-11-03 04:00:00,8462.0,8375.0,8503.871,8448.868
2017-11-03 05:00:00,8438.0,8340.0,8543.727,8455.982
2017-11-03 06:00:00,8698.0,8583.0,8837.886,8619.745
2017-11-03 07:00:00,9393.0,9265.0,9363.4795,9299.947
2017-11-03 08:00:00,10432.0,10390.0,10393.658,10354.817
2017-11-03 09:00:00,11122.0,11117.0,10944.518,10836.957
2017-11-03 10:00:00,11213.0,11325.0,11079.194,11088.904
2017-11-03 11:00:00,11300.0,11450.0,11197.704,11204.032
2017-11-03 12:00:00,11342.0,11608.0,11262.8,11208.98
2017-11-03 13:00:00,11274.0,11556.0,11259.428,11186.961
2017-11-03 14:00:00,11150.0,11419.0,11166.898,11138.799
2017-11-03 15:00:00,10982.0,11429.0,11161.863,11136.155
2017-11-03 16:00:00,10845.0,11355.0,11120.05,11069.433
2017-11-03 17:00:00,10714.0,11243.0,10997.613,11044.696
2017-11-03 18:00:00,10681.0,11259.0,11221.454,11129.164
2017-11-03 19:00:00,10985.0,11456.0,11376.424,11285.581
2017-11-03 20:00:00,11259.0,11617.0,11405.932,11348.579
2017-11-03 21:00:00,11177.0,11389.0,11332.724,11284.978
2017-11-03 22:00:00,10982.0,11217.0,11116.56,11122.056
2017-11-03 23:00:00,10575.0,10833.0,10683.038,10669.722
2017-11-04 00:00:00,10043.0,10238.0,9980.722,9955.691
2017-11-04 01:00:00,9441.0,9620.0,9348.505,9301.737
2017-11-04 02:00:00,9024.0,9170.0,8861.3545,8857.399
2017-11-04 03:00:00,8699.0,8897.0,8675.0625,8577.055
2017-11-04 04:00:00,8555.0,8659.0,8450.4375,8403.962
2017-11-04 05:00:00,8465.0,8615.0,8377.545,8355.949
2017-11-04 06:00:00,8529.0,8657.0,8454.405,8463.927
2017-11-04 07:00:00,8755.0,8973.0,8732.804,8762.233
2017-11-04 08:00:00,9177.0,9441.0,9258.695,9338.073
2017-11-04 09:00:00,9624.0,9783.0,9656.705,9729.776
2017-11-04 10:00:00,9973.0,9980.0,9848.102,9733.865
2017-11-04 11:00:00,10268.0,10239.0,9908.998,9869.759
2017-11-04 12:00:00,10370.0,10258.0,10027.222,9927.868
2017-11-04 13:00:00,10357.0,10292.0,9934.023,9876.741
2017-11-04 14:00:00,10234.0,10249.0,9856.431,9878.9375
2017-11-04 15:00:00,10054.0,10093.0,9853.1045,9862.458
2017-11-04 16:00:00,9879.0,9948.0,9798.331,9830.203
2017-11-04 17:00:00,9782.0,9910.0,9735.312,9764.4375
2017-11-04 18:00:00,9784.0,9964.0,9935.239,10111.06
2017-11-04 19:00:00,10089.0,10230.0,10149.288,10322.33
2017-11-04 20:00:00,10268.0,10542.0,10476.391,10509.257
2017-11-04 21:00:00,10128.0,10444.0,10414.364,10480.443
2017-11-04 22:00:00,9947.0,10253.0,10195.803,10297.15
2017-11-04 23:00:00,9665.0,9977.0,10004.569,10072.198
2017-11-05 00:00:00,9242.0,9556.0,9369.585,9527.879
2017-11-05 01:00:00,8576.0,9119.0,8932.013,9202.184
2017-11-05 02:00:00,8198.0,8748.0,8461.128,8723.452
2017-11-05 03:00:00,7889.0,8520.0,8204.85,8443.111
2017-11-05 04:00:00,7636.0,8346.0,7957.088,8205.358
2017-11-05 05:00:00,7598.0,8304.0,7888.292,8146.852
2017-11-05 06:00:00,7642.0,8296.0,7873.7905,8135.975
2017-11-05 07:00:00,7805.0,8462.0,7937.348,8222.12
2017-11-05 08:00:00,8130.0,8740.0,8233.59,8585.753
2017-11-05 09:00:00,8300.0,8881.0,8334.074,8677.631
2017-11-05 10:00:00,8658.0,8970.0,8724.297,8818.324
2017-11-05 11:00:00,8920.0,9118.0,8886.786,9039.122
2017-11-05 12:00:00,9067.0,9152.0,9087.718,9073.868
2017-11-05 13:00:00,9149.0,9158.0,9180.237,9067.185
2017-11-05 14:00:00,9225.0,9127.0,9139.294,9171.536
2017-11-05 15:00:00,9213.0,9036.0,9076.596,9177.879
2017-11-05 16:00:00,9234.0,8963.0,9128.276,9050.786
2017-11-05 17:00:00,9251.0,8934.0,9139.706,9157.76
2017-11-05 18:00:00,9740.0,9049.0,9377.57,9265.332
2017-11-05 19:00:00,10096.0,9404.0,9716.044,9737.127
2017-11-05 20:00:00,10002.0,10121.0,10114.619,10022.686
2017-11-05 21:00:00,9854.0,10150.0,10172.093,10082.98
2017-11-05 22:00:00,9663.0,10017.0,10026.443,9955.583
2017-11-05 23:00:00,9276.0,9704.0,9574.181,9567.054
2017-11-06 00:00:00,8818.0,9287.0,9120.069,9048.142
2017-11-06 01:00:00,8530.0,8865.0,8686.11,8511.534
2017-11-06 02:00:00,8339.0,8557.0,8397.164,8239.834
2017-11-06 03:00:00,8207.0,8372.0,8265.425,8074.733
2017-11-06 04:00:00,8242.0,8279.0,8254.04,7967.6562
2017-11-06 05:00:00,8343.0,8307.0,8307.02,7994.809
2017-11-06 06:00:00,8723.0,8571.0,8618.571,8257.444
2017-11-06 07:00:00,9647.0,9343.0,9349.295,9069.385
2017-11-06 08:00:00,10678.0,10549.0,10758.15,10420.687
2017-11-06 09:00:00,11160.0,11271.0,11378.138,11060.169
2017-11-06 10:00:00,11286.0,11373.0,11476.958,11405.404
2017-11-06 11:00:00,11272.0,11403.0,11546.702,11459.301
2017-11-06 12:00:00,11343.0,11384.0,11582.878,11401.552
2017-11-06 13:00:00,11363.0,11307.0,11565.942,11392.772
2017-11-06 14:00:00,11278.0,11218.0,11501.535,11370.28
2017-11-06 15:00:00,11290.0,11256.0,11482.409,11384.341
2017-11-06 16:00:00,11170.0,11213.0,11476.241,11353.339
2017-11-06 17:00:00,11152.0,11242.0,11421.624,11282.886
2017-11-06 18:00:00,11595.0,11350.0,11715.356,11549.083
2017-11-06 19:00:00,12124.0,11622.0,11770.345,11610.764
2017-11-06 20:00:00,11934.0,11867.0,11784.893,11700.147
2017-11-06 21:00:00,11700.0,11740.0,11771.738,11735.224
2017-11-06 22:00:00,11341.0,11467.0,11603.051,11553.266
2017-11-06 23:00:00,10795.0,10982.0,11158.7705,11122.32
2017-11-07 00:00:00,10069.0,10287.0,10093.326,9876.812
2017-11-07 01:00:00,9454.0,9667.0,9460.382,9341.785
2017-11-07 02:00:00,9079.0,9291.0,8952.608,9005.911
2017-11-07 03:00:00,8835.0,9031.0,8805.978,8772.953
2017-11-07 04:00:00,8766.0,8922.0,8665.705,8664.513
2017-11-07 05:00:00,8781.0,8934.0,8674.895,8677.843
2017-11-07 06:00:00,9080.0,9158.0,8934.077,8948.967
2017-11-07 07:00:00,9844.0,9848.0,9880.3,9873.991
2017-11-07 08:00:00,10859.0,10963.0,10788.273,10818.398
2017-11-07 09:00:00,11242.0,11653.0,11360.663,11369.583
2017-11-07 10:00:00,11330.0,11734.0,11503.112,11613.172
2017-11-07 11:00:00,11378.0,11671.0,11577.488,11709.807
2017-11-07 12:00:00,11504.0,11655.0,11627.153,11687.451
2017-11-07 13:00:00,11454.0,11557.0,11635.6875,11638.757
2017-11-07 14:00:00,11416.0,11418.0,11535.946,11608.454
2017-11-07 15:00:00,11431.0,11345.0,11535.946,11589.151
2017-11-07 16:00:00,11358.0,11178.0,11392.475,11647.15
2017-11-07 17:00:00,11380.0,11098.0,11370.962,11578.18
2017-11-07 18:00:00,11676.0,11124.0,11718.798,11580.286
2017-11-07 19:00:00,12137.0,11329.0,12085.16,11948.55
2017-11-07 20:00:00,11984.0,11667.0,12159.771,12043.927
2017-11-07 21:00:00,11803.0,11550.0,12022.129,11886.565
2017-11-07 22:00:00,11519.0,11337.0,11790.137,11713.971
2017-11-07 23:00:00,11018.0,10909.0,11238.905,11172.878
2017-11-08 00:00:00,10353.0,10258.0,10528.943,10306.532
2017-11-08 01:00:00,9751.0,9626.0,9824.567,9577.815
2017-11-08 02:00:00,9377.0,9242.0,9394.919,9148.367
2017-11-08 03:00:00,9184.0,8982.0,9183.541,8832.689
2017-11-08 04:00:00,9074.0,8830.0,9099.913,8720.8
2017-11-08 05:00:00,9097.0,8810.0,9199.484,8807.266
2017-11-08 06:00:00,9419.0,9086.0,9496.38,9033.221
2017-11-08 07:00:00,10161.0,9778.0,10225.232,9873.234
2017-11-08 08:00:00,11116.0,10884.0,11221.086,10991.841
2017-11-08 09:00:00,11448.0,11578.0,11595.357,11367.895
2017-11-08 10:00:00,11462.0,11596.0,11710.741,11572.011
2017-11-08 11:00:00,11426.0,11665.0,11708.065,11653.656
2017-11-08 12:00:00,11447.0,11653.0,11732.873,11678.375
2017-11-08 13:00:00,11344.0,11659.0,11714.29,11667.691
2017-11-08 14:00:00,11252.0,11559.0,11627.729,11566.245
2017-11-08 15:00:00,11204.0,11554.0,11670.243,11633.718
2017-11-08 16:00:00,11073.0,11494.0,11537.472,11531.43
2017-11-08 17:00:00,11034.0,11504.0,11547.266,11524.938
2017-11-08 18:00:00,11432.0,11644.0,12011.68,11721.953
2017-11-08 19:00:00,12035.0,11912.0,12302.701,12085.389
2017-11-08 20:00:00,11923.0,11964.0,12368.129,12115.658
2017-11-08 21:00:00,11777.0,11791.0,12175.735,11915.993
2017-11-08 22:00:00,11540.0,11447.0,11904.402,11714.994
2017-11-08 23:00:00,11068.0,10929.0,11412.328,11239.9795
2017-11-09 00:00:00,10398.0,10166.0,10698.577,10357.187
2017-11-09 01:00:00,9814.0,9519.0,9999.733,9826.57
2017-11-09 02:00:00,9396.0,9062.0,9501.262,9360.918
2017-11-09 03:00:00,9207.0,8704.0,9196.545,9052.046
2017-11-09 04:00:00,9086.0,8492.0,9115.483,8843.166
2017-11-09 05:00:00,9092.0,8485.0,9101.084,8863.468
2017-11-09 06:00:00,9363.0,8655.0,9279.534,9059.932
2017-11-09 07:00:00,10034.0,9298.0,9919.548,9755.949
2017-11-09 08:00:00,11041.0,10410.0,11044.511,11071.527
2017-11-09 09:00:00,11506.0,11133.0,11453.05,11367.611
2017-11-09 10:00:00,11649.0,11243.0,11601.393,11597.794
2017-11-09 11:00:00,11583.0,11264.0,11573.303,11592.189
2017-11-09 12:00:00,11593.0,11280.0,11642.864,11630.25
2017-11-09 13:00:00,11580.0,11246.0,11581.673,11510.763
2017-11-09 14:00:00,11475.0,11262.0,11581.006,11521.562
2017-11-09 15:00:00,11437.0,11291.0,11624.535,11603.055
2017-11-09 16:00:00,11377.0,11212.0,11506.594,11523.034
2017-11-09 17:00:00,11395.0,11137.0,11469.805,11506.545
2017-11-09 18:00:00,11795.0,11182.0,12057.78,11635.139
2017-11-09 19:00:00,12411.0,11386.0,12340.723,12100.621
2017-11-09 20:00:00,12333.0,11439.0,12357.533,12108.184
2017-11-09 21:00:00,12227.0,11256.0,12206.44,11906.374
2017-11-09 22:00:00,12039.0,10990.0,12178.5,11718.608
2017-11-09 23:00:00,11591.0,10513.0,11610.607,11166.631
2017-11-10 00:00:00,10980.0,9858.0,10568.44,10169.369
2017-11-10 01:00:00,10424.0,9250.0,10154.101,9722.849
2017-11-10 02:00:00,10088.0,8832.0,9652.153,9162.331
2017-11-10 03:00:00,9878.0,8589.0,9236.132,8907.723
2017-11-10 04:00:00,9763.0,8462.0,9135.743,8717.212
2017-11-10 05:00:00,9811.0,8438.0,9095.3,8705.727
2017-11-10 06:00:00,10122.0,8698.0,9253.204,8977.303
2017-11-10 07:00:00,10806.0,9393.0,9661.377,9123.284
2017-11-10 08:00:00,11747.0,10432.0,10577.159,9991.057
2017-11-10 09:00:00,12214.0,11122.0,11037.303,10339.061
2017-11-10 10:00:00,12493.0,11213.0,11248.271,10551.321
2017-11-10 11:00:00,12524.0,11300.0,11255.986,10911.964
2017-11-10 12:00:00,12561.0,11342.0,11389.191,11136.931
2017-11-10 13:00:00,12526.0,11274.0,11466.946,11064.389
2017-11-10 14:00:00,12450.0,11150.0,11545.735,11290.997
2017-11-10 15:00:00,12428.0,10982.0,11548.645,11326.322
2017-11-10 16:00:00,12281.0,10845.0,11509.384,11338.641
2017-11-10 17:00:00,12178.0,10714.0,11531.84,11412.255
2017-11-10 18:00:00,12539.0,10681.0,12193.049,12167.336
2017-11-10 19:00:00,12856.0,10985.0,12633.859,12600.08
2017-11-10 20:00:00,12653.0,11259.0,12619.476,12601.37
2017-11-10 21:00:00,12486.0,11177.0,12416.273,12426.738
2017-11-10 22:00:00,12185.0,10982.0,12287.291,12376.249
2017-11-10 23:00:00,11786.0,10575.0,12058.251,11949.047
2017-11-11 00:00:00,11174.0,10043.0,11265.429,11250.234
2017-11-11 01:00:00,10605.0,9441.0,10775.822,10682.177
2017-11-11 02:00:00,10192.0,9024.0,10327.394,10191.996
2017-11-11 03:00:00,9942.0,8699.0,9978.46,9710.277
2017-11-11 04:00:00,9746.0,8555.0,9788.575,9425.686
2017-11-11 05:00:00,9668.0,8465.0,9777.005,9455.718
2017-11-11 06:00:00,9755.0,8529.0,9930.14,9569.615
2017-11-11 07:00:00,10075.0,8755.0,10292.89,9906.184
2017-11-11 08:00:00,10466.0,9177.0,10790.712,10410.788
2017-11-11 09:00:00,10763.0,9624.0,10865.221,10618.869
2017-11-11 10:00:00,11119.0,9973.0,10943.739,10850.929
2017-11-11 11:00:00,11362.0,10268.0,11080.938,11004.35
2017-11-11 12:00:00,11340.0,10370.0,11217.233,11097.939
2017-11-11 13:00:00,11217.0,10357.0,11054.742,11120.256
2017-11-11 14:00:00,11080.0,10234.0,10990.897,11176.93
2017-11-11 15:00:00,10916.0,10054.0,10967.594,11373.642
2017-11-11 16:00:00,10706.0,9879.0,10827.087,11044.621
2017-11-11 17:00:00,10753.0,9782.0,10768.905,10878.8955
2017-11-11 18:00:00,11116.0,9784.0,11413.821,11530.935
2017-11-11 19:00:00,11415.0,10089.0,11935.03,12115.585
2017-11-11 20:00:00,11257.0,10268.0,11688.7705,11820.198
2017-11-11 21:00:00,11063.0,10128.0,11448.466,11640.608
2017-11-11 22:00:00,10797.0,9947.0,10990.489,11219.624
2017-11-11 23:00:00,10495.0,9665.0,10819.71,11028.457
2017-11-12 00:00:00,9971.0,9242.0,10355.415,10426.327
2017-11-12 01:00:00,9524.0,8576.0,9799.086,9923.934
2017-11-12 02:00:00,9150.0,8198.0,9368.452,9420.516
2017-11-12 03:00:00,8934.0,7889.0,9203.855,9208.275
2017-11-12 04:00:00,8740.0,7636.0,9025.715,9016.06
2017-11-12 05:00:00,8725.0,7598.0,8955.21,8837.033
2017-11-12 06:00:00,8736.0,7642.0,9006.8955,8959.187
2017-11-12 07:00:00,8881.0,7805.0,9245.7295,9055.447
2017-11-12 08:00:00,9118.0,8130.0,9370.7295,9291.266
2017-11-12 09:00:00,9196.0,8300.0,9360.048,9362.784
2017-11-12 10:00:00,9491.0,8658.0,9522.277,9629.48
2017-11-12 11:00:00,9795.0,8920.0,9643.5,9627.482
2017-11-12 12:00:00,9954.0,9067.0,9827.537,9780.043
2017-11-12 13:00:00,10061.0,9149.0,9847.588,9894.498
2017-11-12 14:00:00,10140.0,9225.0,9879.349,10107.273
2017-11-12 15:00:00,10097.0,9213.0,9864.451,10151.888
2017-11-12 16:00:00,10042.0,9234.0,9867.497,10140.672
2017-11-12 17:00:00,10060.0,9251.0,9910.544,10285.072
2017-11-12 18:00:00,10551.0,9740.0,10356.908,10634.777
2017-11-12 19:00:00,10888.0,10096.0,11178.364,11078.717
2017-11-12 20:00:00,10843.0,10002.0,11184.27,11054.975
2017-11-12 21:00:00,10729.0,9854.0,10935.664,10993.628
2017-11-12 22:00:00,10544.0,9663.0,10693.282,10726.617
2017-11-12 23:00:00,10162.0,9276.0,10390.2295,10482.657
2017-11-13 00:00:00,9654.0,8818.0,9846.027,9912.956
2017-11-13 01:00:00,9221.0,8530.0,9456.86,9548.504
2017-11-13 02:00:00,8975.0,8339.0,9180.646,9228.617
2017-11-13 03:00:00,8870.0,8207.0,8984.991,8908.708
2017-11-13 04:00:00,8819.0,8242.0,8898.936,8821.824
2017-11-13 05:00:00,8991.0,8343.0,9104.015,8844.192
2017-11-13 06:00:00,9319.0,8723.0,9509.242,9151.279
2017-11-13 07:00:00,10149.0,9647.0,10232.777,9867.626
2017-11-13 08:00:00,11229.0,10678.0,11384.574,10914.498
2017-11-13 09:00:00,11705.0,11160.0,11644.847,11435.226
2017-11-13 10:00:00,11723.0,11286.0,11807.713,11765.187
2017-11-13 11:00:00,11745.0,11272.0,11689.257,11908.267
2017-11-13 12:00:00,11768.0,11343.0,11665.576,11847.688
2017-11-13 13:00:00,11747.0,11363.0,11751.851,11971.295
2017-11-13 14:00:00,11776.0,11278.0,11829.14,12188.97
2017-11-13 15:00:00,11822.0,11290.0,11828.762,12201.444
2017-11-13 16:00:00,11758.0,11170.0,11755.07,12112.225
2017-11-13 17:00:00,11764.0,11152.0,11751.863,12106.1045
2017-11-13 18:00:00,12159.0,11595.0,12258.547,12278.018
2017-11-13 19:00:00,12516.0,12124.0,12440.262,12415.707
2017-11-13 20:00:00,12307.0,11934.0,12460.543,12409.094
2017-11-13 21:00:00,12103.0,11700.0,12496.049,12411.352
2017-11-13 22:00:00,11835.0,11341.0,12161.891,12124.565
2017-11-13 23:00:00,11331.0,10795.0,11486.489,11520.335
2017-11-14 00:00:00,10647.0,10069.0,10697.861,10674.595
2017-11-14 01:00:00,10043.0,9454.0,9920.764,9881.281
2017-11-14 02:00:00,9701.0,9079.0,9511.57,9459.822
2017-11-14 03:00:00,9459.0,8835.0,9370.433,9202.01
2017-11-14 04:00:00,9356.0,8766.0,9221.423,9051.348
2017-11-14 05:00:00,9344.0,8781.0,9348.857,9169.891
2017-11-14 06:00:00,9638.0,9080.0,9505.067,9370.58
2017-11-14 07:00:00,10409.0,9844.0,10331.474,10313.545
2017-11-14 08:00:00,11428.0,10859.0,11306.706,11351.455
2017-11-14 09:00:00,11718.0,11242.0,11728.446,11817.549
2017-11-14 10:00:00,11796.0,11330.0,11913.33,12015.039
2017-11-14 11:00:00,11782.0,11378.0,11929.248,12076.469
2017-11-14 12:00:00,11749.0,11504.0,11940.1455,12082.987
2017-11-14 13:00:00,11719.0,11454.0,11928.257,12049.596
2017-11-14 14:00:00,11701.0,11416.0,11876.528,12024.484
2017-11-14 15:00:00,11725.0,11431.0,11858.667,12031.583
2017-11-14 16:00:00,11643.0,11358.0,11851.409,12021.45
2017-11-14 17:00:00,11668.0,11380.0,11848.8545,12017.214
2017-11-14 18:00:00,12031.0,11676.0,12005.329,12083.917
2017-11-14 19:00:00,12285.0,12137.0,12290.7705,12484.903
2017-11-14 20:00:00,12069.0,11984.0,12165.754,12427.848
2017-11-14 21:00:00,11824.0,11803.0,12090.399,12284.098
2017-11-14 22:00:00,11498.0,11519.0,12012.002,12162.1045
2017-11-14 23:00:00,10983.0,11018.0,11370.455,11653.494
2017-11-15 00:00:00,10260.0,10353.0,10583.278,10699.152
2017-11-15 01:00:00,9634.0,9751.0,9776.074,10068.654
2017-11-15 02:00:00,9219.0,9377.0,9196.22,9568.823
2017-11-15 03:00:00,8943.0,9184.0,8923.869,9225.337
2017-11-15 04:00:00,8796.0,9074.0,8911.249,9080.847
2017-11-15 05:00:00,8813.0,9097.0,8874.334,9080.847
2017-11-15 06:00:00,9083.0,9419.0,9162.472,9340.977
2017-11-15 07:00:00,9816.0,10161.0,10064.894,10312.126
2017-11-15 08:00:00,10826.0,11116.0,11054.828,11145.733
2017-11-15 09:00:00,11499.0,11448.0,11471.587,11467.393
2017-11-15 10:00:00,11803.0,11462.0,11609.025,11641.088
2017-11-15 11:00:00,11858.0,11426.0,11651.774,11722.733
2017-11-15 12:00:00,11939.0,11447.0,11664.758,11695.243
2017-11-15 13:00:00,11890.0,11344.0,11635.86,11644.115
2017-11-15 14:00:00,11802.0,11252.0,11525.552,11611.967
2017-11-15 15:00:00,11741.0,11204.0,11489.576,11615.684
2017-11-15 16:00:00,11563.0,11073.0,11417.913,11583.875
2017-11-15 17:00:00,11429.0,11034.0,11447.6045,11572.758
2017-11-15 18:00:00,11740.0,11432.0,11810.823,11905.082
2017-11-15 19:00:00,12213.0,12035.0,12003.287,12225.332
2017-11-15 20:00:00,12078.0,11923.0,12079.131,12152.902
2017-11-15 21:00:00,11967.0,11777.0,12017.118,11954.154
2017-11-15 22:00:00,11754.0,11540.0,11945.203,11750.866
2017-11-15 23:00:00,11329.0,11068.0,11427.163,11269.65
2017-11-16 00:00:00,10644.0,10398.0,10657.703,10501.402
2017-11-16 01:00:00,9993.0,9814.0,9950.592,9809.992
2017-11-16 02:00:00,9588.0,9396.0,9479.159,9399.647
2017-11-16 03:00:00,9325.0,9207.0,9293.395,9008.76
2017-11-16 04:00:00,9207.0,9086.0,9329.5205,8920.803
2017-11-16 05:00:00,9190.0,9092.0,9329.806,8920.803
2017-11-16 06:00:00,9483.0,9363.0,9559.914,9091.0205
2017-11-16 07:00:00,10234.0,10034.0,10205.226,9957.671
2017-11-16 08:00:00,11268.0,11041.0,11222.402,10983.918
2017-11-16 09:00:00,11741.0,11506.0,11650.53,11491.396
2017-11-16 10:00:00,11974.0,11649.0,11894.859,11748.549
2017-11-16 11:00:00,12008.0,11583.0,12023.963,11921.392
2017-11-16 12:00:00,12071.0,11593.0,12027.372,11917.168
2017-11-16 13:00:00,11980.0,11580.0,12025.332,11924.968
2017-11-16 14:00:00,11919.0,11475.0,11866.057,11741.192
2017-11-16 15:00:00,11936.0,11437.0,11862.2705,11748.291
2017-11-16 16:00:00,11896.0,11377.0,11800.739,11725.154
2017-11-16 17:00:00,11976.0,11395.0,11803.51,11722.836
2017-11-16 18:00:00,12439.0,11795.0,12209.298,11932.902
2017-11-16 19:00:00,12634.0,12411.0,12561.427,12360.595
2017-11-16 20:00:00,12389.0,12333.0,12557.073,12360.258
2017-11-16 21:00:00,12133.0,12227.0,12434.451,12301.158
2017-11-16 22:00:00,11808.0,12039.0,12149.809,12032.52
2017-11-16 23:00:00,11360.0,11591.0,11723.893,11619.188
2017-11-17 00:00:00,10643.0,10980.0,10984.419,10944.039
2017-11-17 01:00:00,9993.0,10424.0,10172.192,10102.215
2017-11-17 02:00:00,9584.0,10088.0,9678.412,9625.469
2017-11-17 03:00:00,9307.0,9878.0,9376.266,9390.953
2017-11-17 04:00:00,9223.0,9763.0,9241.938,9274.433
2017-11-17 05:00:00,9244.0,9811.0,9230.316,9259.758
2017-11-17 06:00:00,9527.0,10122.0,9459.009,9438.795
2017-11-17 07:00:00,10256.0,10806.0,10144.443,10048.241
2017-11-17 08:00:00,11295.0,11747.0,11273.003,11092.692
2017-11-17 09:00:00,11681.0,12214.0,11688.782,11525.036
2017-11-17 10:00:00,11867.0,12493.0,11966.44,11764.072
2017-11-17 11:00:00,11930.0,12524.0,11995.6045,11888.895
2017-11-17 12:00:00,11977.0,12561.0,11944.307,11891.777
2017-11-17 13:00:00,11897.0,12526.0,11830.396,11938.043
2017-11-17 14:00:00,11787.0,12450.0,11724.496,11882.88
2017-11-17 15:00:00,11821.0,12428.0,11719.2295,11895.689
2017-11-17 16:00:00,11834.0,12281.0,11710.93,11860.532
2017-11-17 17:00:00,11828.0,12178.0,11746.691,11881.695
2017-11-17 18:00:00,12186.0,12539.0,12031.028,12242.792
2017-11-17 19:00:00,12199.0,12856.0,12355.545,12620.94
2017-11-17 20:00:00,11973.0,12653.0,12234.69,12395.88
2017-11-17 21:00:00,11714.0,12486.0,12037.749,12186.369
2017-11-17 22:00:00,11432.0,12185.0,11835.254,11878.57
2017-11-17 23:00:00,10925.0,11786.0,11390.978,11437.182
2017-11-18 00:00:00,10310.0,11174.0,10678.115,10875.023
2017-11-18 01:00:00,9645.0,10605.0,9747.377,10133.751
2017-11-18 02:00:00,9171.0,10192.0,9262.806,9566.042
2017-11-18 03:00:00,8829.0,9942.0,8914.382,9208.32
2017-11-18 04:00:00,8635.0,9746.0,8732.973,9053.648
2017-11-18 05:00:00,8553.0,9668.0,8631.921,8996.252
2017-11-18 06:00:00,8639.0,9755.0,8884.6045,9117.049
2017-11-18 07:00:00,8990.0,10075.0,9249.946,9590.992
2017-11-18 08:00:00,9534.0,10466.0,9702.932,10040.552
2017-11-18 09:00:00,10027.0,10763.0,10021.704,10079.437
2017-11-18 10:00:00,10522.0,11119.0,10290.611,10241.753
2017-11-18 11:00:00,10928.0,11362.0,10571.445,10483.731
2017-11-18 12:00:00,11149.0,11340.0,10757.588,10724.363
2017-11-18 13:00:00,11147.0,11217.0,10765.566,10710.071
2017-11-18 14:00:00,11108.0,11080.0,10671.436,10525.704
2017-11-18 15:00:00,10995.0,10916.0,10701.342,10545.322
2017-11-18 16:00:00,10899.0,10706.0,10478.005,10423.483
2017-11-18 17:00:00,10909.0,10753.0,10447.721,10509.124
2017-11-18 18:00:00,11198.0,11116.0,11006.926,10915.312
2017-11-18 19:00:00,11394.0,11415.0,11403.441,11332.088
2017-11-18 20:00:00,11243.0,11257.0,11478.2705,11286.088
2017-11-18 21:00:00,11080.0,11063.0,11280.704,11215.52
2017-11-18 22:00:00,10825.0,10797.0,11020.012,11023.198
2017-11-18 23:00:00,10563.0,10495.0,10683.376,10518.004
2017-11-19 00:00:00,10070.0,9971.0,10304.449,10270.075
2017-11-19 01:00:00,9595.0,9524.0,9689.0,9643.683
2017-11-19 02:00:00,9237.0,9150.0,9252.84,9162.861
2017-11-19 03:00:00,8985.0,8934.0,8952.276,8783.703
2017-11-19 04:00:00,8885.0,8740.0,8918.96,8598.456
2017-11-19 05:00:00,8852.0,8725.0,8980.901,8495.03
2017-11-19 06:00:00,8922.0,8736.0,8992.398,8531.796
2017-11-19 07:00:00,9110.0,8881.0,9179.591,8654.969
2017-11-19 08:00:00,9407.0,9118.0,9411.304,8937.579
2017-11-19 09:00:00,9463.0,9196.0,9622.068,9266.936
2017-11-19 10:00:00,9685.0,9491.0,10024.193,9639.262
2017-11-19 11:00:00,9800.0,9795.0,10253.468,10121.532
2017-11-19 12:00:00,9911.0,9954.0,10294.526,10051.873
2017-11-19 13:00:00,9904.0,10061.0,10207.504,10179.253
2017-11-19 14:00:00,9902.0,10140.0,10215.747,10207.535
2017-11-19 15:00:00,9847.0,10097.0,10282.283,10225.717
2017-11-19 16:00:00,9845.0,10042.0,10300.331,10235.534
2017-11-19 17:00:00,9969.0,10060.0,10352.197,10359.703
2017-11-19 18:00:00,10614.0,10551.0,10987.742,11018.341
2017-11-19 19:00:00,11191.0,10888.0,11498.913,11338.25
2017-11-19 20:00:00,11286.0,10843.0,11497.113,11389.889
2017-11-19 21:00:00,11262.0,10729.0,11390.016,11312.958
2017-11-19 22:00:00,11050.0,10544.0,11259.323,11126.779
2017-11-19 23:00:00,10783.0,10162.0,10988.981,10874.428
2017-11-20 00:00:00,10297.0,9654.0,10395.47,10134.584
2017-11-20 01:00:00,9858.0,9221.0,9862.176,9614.941
2017-11-20 02:00:00,9527.0,8975.0,9526.631,9340.53
2017-11-20 03:00:00,9405.0,8870.0,9433.072,9161.515
2017-11-20 04:00:00,9328.0,8819.0,9275.17,9071.11
2017-11-20 05:00:00,9382.0,8991.0,9207.987,9058.596
2017-11-20 06:00:00,9699.0,9319.0,9452.713,9240.241
2017-11-20 07:00:00,10414.0,10149.0,10227.768,10241.6
2017-11-20 08:00:00,11433.0,11229.0,11234.999,11208.2295
2017-11-20 09:00:00,11797.0,11705.0,11612.073,11769.765
2017-11-20 10:00:00,11797.0,11723.0,11743.034,12039.816
2017-11-20 11:00:00,11776.0,11745.0,11917.861,12292.92
2017-11-20 12:00:00,11731.0,11768.0,11928.65,12291.38
2017-11-20 13:00:00,11616.0,11747.0,11926.219,12389.452
2017-11-20 14:00:00,11489.0,11776.0,11912.34,12393.791
2017-11-20 15:00:00,11418.0,11822.0,11955.419,12427.243
2017-11-20 16:00:00,11301.0,11758.0,11918.361,12393.468
2017-11-20 17:00:00,11257.0,11764.0,11876.596,12316.329
2017-11-20 18:00:00,11778.0,12159.0,12164.911,12470.709
2017-11-20 19:00:00,12240.0,12516.0,12501.597,12791.8545
2017-11-20 20:00:00,12080.0,12307.0,12558.864,12676.973
2017-11-20 21:00:00,11891.0,12103.0,12426.249,12580.884
2017-11-20 22:00:00,11644.0,11835.0,12169.92,12253.954
2017-11-20 23:00:00,11173.0,11331.0,11622.03,11689.567
2017-11-21 00:00:00,10509.0,10647.0,10669.0,10925.615
2017-11-21 01:00:00,9888.0,10043.0,9955.564,10309.793
2017-11-21 02:00:00,9447.0,9701.0,9454.195,9637.361
2017-11-21 03:00:00,9189.0,9459.0,9198.856,9364.21
2017-11-21 04:00:00,9028.0,9356.0,9042.992,9232.244
2017-11-21 05:00:00,9025.0,9344.0,9015.115,9276.18
2017-11-21 06:00:00,9279.0,9638.0,9325.553,9600.494
2017-11-21 07:00:00,10012.0,10409.0,10313.47,10408.046
2017-11-21 08:00:00,10988.0,11428.0,11220.572,11252.8125
2017-11-21 09:00:00,11405.0,11718.0,11546.137,11494.425
2017-11-21 10:00:00,11717.0,11796.0,11668.245,11676.394
2017-11-21 11:00:00,11850.0,11782.0,11732.291,11745.146
2017-11-21 12:00:00,11990.0,11749.0,11748.643,11737.277
2017-11-21 13:00:00,11948.0,11719.0,11735.081,11692.575
2017-11-21 14:00:00,11974.0,11701.0,11724.086,11667.59
2017-11-21 15:00:00,12018.0,11725.0,11775.684,11851.944
2017-11-21 16:00:00,11914.0,11643.0,11836.793,11883.097
2017-11-21 17:00:00,11812.0,11668.0,11897.156,11913.61
2017-11-21 18:00:00,12299.0,12031.0,12168.559,11934.833
2017-11-21 19:00:00,12643.0,12285.0,12591.184,12387.884
2017-11-21 20:00:00,12417.0,12069.0,12498.445,12265.393
2017-11-21 21:00:00,12254.0,11824.0,12495.132,12261.741
2017-11-21 22:00:00,12029.0,11498.0,12397.801,12145.294
2017-11-21 23:00:00,11565.0,10983.0,11952.879,11743.734
2017-11-22 00:00:00,11008.0,10260.0,11042.304,10837.438
2017-11-22 01:00:00,10412.0,9634.0,10375.892,10060.29
2017-11-22 02:00:00,9991.0,9219.0,9995.108,9571.398
2017-11-22 03:00:00,9785.0,8943.0,9855.261,9305.068
2017-11-22 04:00:00,9667.0,8796.0,9669.377,9166.045
2017-11-22 05:00:00,9670.0,8813.0,9688.995,9169.451
2017-11-22 06:00:00,9959.0,9083.0,9910.322,9330.799
2017-11-22 07:00:00,10639.0,9816.0,10663.324,10064.004
2017-11-22 08:00:00,11494.0,10826.0,11541.86,11154.176
2017-11-22 09:00:00,11814.0,11499.0,12052.423,11591.645
2017-11-22 10:00:00,11923.0,11803.0,12208.968,11972.635
2017-11-22 11:00:00,11976.0,11858.0,12214.355,12061.9
2017-11-22 12:00:00,11945.0,11939.0,12258.489,12097.273
2017-11-22 13:00:00,11840.0,11890.0,12200.619,12068.727
2017-11-22 14:00:00,11721.0,11802.0,12133.066,12061.423
2017-11-22 15:00:00,11611.0,11741.0,12120.211,12068.521
2017-11-22 16:00:00,11463.0,11563.0,12072.638,12066.931
2017-11-22 17:00:00,11536.0,11429.0,11962.244,11981.281
2017-11-22 18:00:00,12096.0,11740.0,12503.748,12275.127
2017-11-22 19:00:00,12445.0,12213.0,12868.776,12728.016
2017-11-22 20:00:00,12207.0,12078.0,12777.147,12614.247
2017-11-22 21:00:00,11968.0,11967.0,12592.075,12412.316
2017-11-22 22:00:00,11706.0,11754.0,12369.026,12180.129
2017-11-22 23:00:00,11290.0,11329.0,11999.809,11602.44
2017-11-23 00:00:00,10612.0,10644.0,10794.3125,10491.325
2017-11-23 01:00:00,9998.0,9993.0,10032.131,9992.163
2017-11-23 02:00:00,9513.0,9588.0,9725.0205,9566.953
2017-11-23 03:00:00,9187.0,9325.0,9312.28,9222.658
2017-11-23 04:00:00,8968.0,9207.0,9206.25,9032.003
2017-11-23 05:00:00,8891.0,9190.0,9098.033,9032.003
2017-11-23 06:00:00,8936.0,9483.0,9244.435,9239.243
2017-11-23 07:00:00,9081.0,10234.0,9458.537,9445.967
2017-11-23 08:00:00,9274.0,11268.0,9982.19,9862.844
2017-11-23 09:00:00,9240.0,11741.0,10054.108,10140.8545
2017-11-23 10:00:00,9344.0,11974.0,10193.649,10390.961
2017-11-23 11:00:00,9388.0,12008.0,10322.263,10652.54
2017-11-23 12:00:00,9467.0,12071.0,10371.724,10664.566
2017-11-23 13:00:00,9470.0,11980.0,10337.013,10353.662
2017-11-23 14:00:00,9357.0,11919.0,10077.729,10306.057
2017-11-23 15:00:00,9151.0,11936.0,9952.051,10165.07
2017-11-23 16:00:00,8953.0,11896.0,9652.557,10054.103
2017-11-23 17:00:00,8901.0,11976.0,9382.36,9833.772
2017-11-23 18:00:00,9261.0,12439.0,10156.099,10287.308
2017-11-23 19:00:00,9609.0,12634.0,10332.961,9995.281
2017-11-23 20:00:00,9549.0,12389.0,10237.5625,10022.637
2017-11-23 21:00:00,9504.0,12133.0,10095.342,9837.517
2017-11-23 22:00:00,9483.0,11808.0,9825.158,9985.398
2017-11-23 23:00:00,9378.0,11360.0,9569.806,9458.529
2017-11-24 00:00:00,9140.0,10643.0,10187.985,9887.75
2017-11-24 01:00:00,8860.0,9993.0,9496.45,9271.265
2017-11-24 02:00:00,8644.0,9584.0,9083.581,8898.324
2017-11-24 03:00:00,8477.0,9307.0,8859.055,8601.548
2017-11-24 04:00:00,8397.0,9223.0,8652.039,8345.936
2017-11-24 05:00:00,8405.0,9244.0,8624.316,8381.028
2017-11-24 06:00:00,8567.0,9527.0,8733.809,8438.66
2017-11-24 07:00:00,8975.0,10256.0,9214.234,9202.171
2017-11-24 08:00:00,9399.0,11295.0,9688.833,9672.225
2017-11-24 09:00:00,9446.0,11681.0,9932.846,10046.175
2017-11-24 10:00:00,9538.0,11867.0,10006.75,10118.328
2017-11-24 11:00:00,9564.0,11930.0,10010.57,10058.152
2017-11-24 12:00:00,9549.0,11977.0,9976.52,9953.455
2017-11-24 13:00:00,9532.0,11897.0,9968.3955,9954.342
2017-11-24 14:00:00,9487.0,11787.0,9970.278,10132.729
2017-11-24 15:00:00,9419.0,11821.0,9940.037,10128.885
2017-11-24 16:00:00,9369.0,11834.0,9911.936,10136.357
2017-11-24 17:00:00,9386.0,11828.0,9876.111,10189.991
2017-11-24 18:00:00,9932.0,12186.0,10108.689,10289.774
2017-11-24 19:00:00,10420.0,12199.0,10279.999,10395.784
2017-11-24 20:00:00,10294.0,11973.0,10300.945,10399.791
2017-11-24 21:00:00,10169.0,11714.0,10295.606,10516.966
2017-11-24 22:00:00,9938.0,11432.0,10205.45,10361.135
2017-11-24 23:00:00,9656.0,10925.0,9926.286,10107.817
2017-11-25 00:00:00,9162.0,10310.0,9182.193,9243.524
2017-11-25 01:00:00,8733.0,9645.0,8771.974,8784.063
2017-11-25 02:00:00,8310.0,9171.0,8354.301,8465.476
2017-11-25 03:00:00,8076.0,8829.0,8245.11,8315.29
2017-11-25 04:00:00,7940.0,8635.0,8152.158,8195.379
2017-11-25 05:00:00,7910.0,8553.0,8170.883,8092.4604
2017-11-25 06:00:00,8045.0,8639.0,8229.476,8156.1313
2017-11-25 07:00:00,8327.0,8990.0,8400.414,8397.171
2017-11-25 08:00:00,8737.0,9534.0,8753.884,8723.133
2017-11-25 09:00:00,8913.0,10027.0,8892.86,8951.093
2017-11-25 10:00:00,9185.0,10522.0,9059.137,9156.463
2017-11-25 11:00:00,9370.0,10928.0,9233.886,9268.496
2017-11-25 12:00:00,9453.0,11149.0,9434.055,9419.677
2017-11-25 13:00:00,9444.0,11147.0,9477.928,9425.843
2017-11-25 14:00:00,9387.0,11108.0,9438.313,9436.636
2017-11-25 15:00:00,9226.0,10995.0,9402.928,9418.066
2017-11-25 16:00:00,9119.0,10899.0,9410.132,9518.942
2017-11-25 17:00:00,9211.0,10909.0,9469.694,9574.978
2017-11-25 18:00:00,9765.0,11198.0,10014.552,9838.0625
2017-11-25 19:00:00,10334.0,11394.0,10260.574,9835.138
2017-11-25 20:00:00,10377.0,11243.0,10400.606,10093.932
2017-11-25 21:00:00,10279.0,11080.0,10408.295,10068.815
2017-11-25 22:00:00,10190.0,10825.0,10233.626,9925.984
2017-11-25 23:00:00,9960.0,10563.0,9974.974,9562.684
2017-11-26 00:00:00,9594.0,10070.0,9158.136,8950.073
2017-11-26 01:00:00,9130.0,9595.0,8934.188,8684.813
2017-11-26 02:00:00,8832.0,9237.0,8594.745,8274.239
2017-11-26 03:00:00,8631.0,8985.0,8603.417,8103.213
2017-11-26 04:00:00,8510.0,8885.0,8580.776,8006.491
2017-11-26 05:00:00,8478.0,8852.0,8592.497,8010.161
2017-11-26 06:00:00,8576.0,8922.0,8644.143,8063.9136
2017-11-26 07:00:00,8738.0,9110.0,8760.919,8091.6543
2017-11-26 08:00:00,9045.0,9407.0,9226.133,8409.729
2017-11-26 09:00:00,9070.0,9463.0,9260.615,8507.122
2017-11-26 10:00:00,9156.0,9685.0,9182.44,8872.28
2017-11-26 11:00:00,9278.0,9800.0,9340.876,9160.533
2017-11-26 12:00:00,9318.0,9911.0,9370.458,9251.796
2017-11-26 13:00:00,9329.0,9904.0,9372.245,9272.04
2017-11-26 14:00:00,9269.0,9902.0,9294.16,9296.001
2017-11-26 15:00:00,9154.0,9847.0,9104.449,9187.427
2017-11-26 16:00:00,9089.0,9845.0,9096.6455,9149.709
2017-11-26 17:00:00,9229.0,9969.0,9225.778,9254.339
2017-11-26 18:00:00,9900.0,10614.0,10020.213,9929.478
2017-11-26 19:00:00,10605.0,11191.0,10560.865,10470.69
2017-11-26 20:00:00,10596.0,11286.0,10660.778,10561.479
2017-11-26 21:00:00,10458.0,11262.0,10697.915,10659.63
2017-11-26 22:00:00,10265.0,11050.0,10556.524,10579.182
2017-11-26 23:00:00,9891.0,10783.0,10201.855,10286.374
2017-11-27 00:00:00,9378.0,10297.0,9820.468,9717.484
2017-11-27 01:00:00,8900.0,9858.0,9277.375,9172.109
2017-11-27 02:00:00,8666.0,9527.0,8968.497,8912.363
2017-11-27 03:00:00,8535.0,9405.0,8788.893,8644.54
2017-11-27 04:00:00,8470.0,9328.0,8770.824,8610.238
2017-11-27 05:00:00,8574.0,9382.0,8834.134,8611.629
2017-11-27 06:00:00,8922.0,9699.0,8929.87,8799.991
2017-11-27 07:00:00,9741.0,10414.0,9773.327,9758.115
2017-11-27 08:00:00,10884.0,11433.0,11253.146,10854.032
2017-11-27 09:00:00,11338.0,11797.0,11497.276,11348.969
2017-11-27 10:00:00,11359.0,11797.0,11517.382,11500.983
2017-11-27 11:00:00,11255.0,11776.0,11496.772,11524.078
2017-11-27 12:00:00,11258.0,11731.0,11447.445,11493.628
2017-11-27 13:00:00,11167.0,11616.0,11352.464,11484.0205
2017-11-27 14:00:00,11076.0,11489.0,11424.739,11487.944
2017-11-27 15:00:00,11100.0,11418.0,11425.539,11572.004
2017-11-27 16:00:00,11069.0,11301.0,11347.757,11572.284
2017-11-27 17:00:00,11067.0,11257.0,11295.37,11593.864
2017-11-27 18:00:00,11661.0,11778.0,11480.424,11707.29
2017-11-27 19:00:00,12097.0,12240.0,11671.288,11849.455
2017-11-27 20:00:00,11943.0,12080.0,11712.453,11858.803
2017-11-27 21:00:00,11757.0,11891.0,11822.554,11975.44
2017-11-27 22:00:00,11497.0,11644.0,11737.98,11837.988
2017-11-27 23:00:00,10962.0,11173.0,11124.714,11265.425
2017-11-28 00:00:00,10247.0,10509.0,10176.758,10313.62
2017-11-28 01:00:00,9554.0,9888.0,9494.606,9583.369
2017-11-28 02:00:00,9113.0,9447.0,8974.814,9152.411
2017-11-28 03:00:00,8804.0,9189.0,8655.539,8858.984
2017-11-28 04:00:00,8641.0,9028.0,8491.497,8723.931
2017-11-28 05:00:00,8621.0,9025.0,8509.553,8759.147
2017-11-28 06:00:00,8843.0,9279.0,8739.651,8996.254
2017-11-28 07:00:00,9542.0,10012.0,9696.874,10024.127
2017-11-28 08:00:00,10617.0,10988.0,10467.575,10779.622
2017-11-28 09:00:00,11035.0,11405.0,11043.69,11264.847
2017-11-28 10:00:00,11271.0,11717.0,11312.769,11527.914
2017-11-28 11:00:00,11353.0,11850.0,11428.647,11636.669
2017-11-28 12:00:00,11337.0,11990.0,11524.36,11616.838
2017-11-28 13:00:00,11314.0,11948.0,11509.086,11659.849
2017-11-28 14:00:00,11275.0,11974.0,11460.241,11598.666
2017-11-28 15:00:00,11321.0,12018.0,11482.046,11608.96
2017-11-28 16:00:00,11253.0,11914.0,11456.292,11572.264
2017-11-28 17:00:00,11350.0,11812.0,11386.046,11551.019
2017-11-28 18:00:00,11887.0,12299.0,11592.7,11587.1
2017-11-28 19:00:00,12054.0,12643.0,11810.435,12054.799
2017-11-28 20:00:00,11847.0,12417.0,11800.658,11989.265
2017-11-28 21:00:00,11642.0,12254.0,11730.027,11828.16
2017-11-28 22:00:00,11418.0,12029.0,11638.541,11618.62
2017-11-28 23:00:00,10888.0,11565.0,11213.682,11238.699
2017-11-29 00:00:00,10184.0,11008.0,10361.153,10226.945
2017-11-29 01:00:00,9541.0,10412.0,9647.6455,9564.742
2017-11-29 02:00:00,9112.0,9991.0,9305.516,9130.081
2017-11-29 03:00:00,8905.0,9785.0,9037.908,8787.582
2017-11-29 04:00:00,8805.0,9667.0,8799.424,8566.817
2017-11-29 05:00:00,8812.0,9670.0,8784.922,8566.817
2017-11-29 06:00:00,9100.0,9959.0,9054.619,8889.755
2017-11-29 07:00:00,9912.0,10639.0,9617.838,9447.917
2017-11-29 08:00:00,10988.0,11494.0,10803.154,10560.566
2017-11-29 09:00:00,11412.0,11814.0,11418.476,11200.393
2017-11-29 10:00:00,11424.0,11923.0,11521.167,11486.606
2017-11-29 11:00:00,11395.0,11976.0,11564.715,11560.243
2017-11-29 12:00:00,11442.0,11945.0,11574.319,11556.652
2017-11-29 13:00:00,11332.0,11840.0,11580.832,11524.634
2017-11-29 14:00:00,11268.0,11721.0,11536.785,11511.574
2017-11-29 15:00:00,11302.0,11611.0,11536.785,11495.239
2017-11-29 16:00:00,11164.0,11463.0,11449.714,11450.239
2017-11-29 17:00:00,11173.0,11536.0,11505.683,11433.331
2017-11-29 18:00:00,11797.0,12096.0,11987.822,11776.52
2017-11-29 19:00:00,12318.0,12445.0,12230.07,12028.252
2017-11-29 20:00:00,12171.0,12207.0,12099.874,11977.85
2017-11-29 21:00:00,11998.0,11968.0,11876.46,11839.339
2017-11-29 22:00:00,11681.0,11706.0,11655.849,11580.8955
2017-11-29 23:00:00,11148.0,11290.0,11070.426,11087.208
2017-11-30 00:00:00,10391.0,10612.0,10415.273,10337.55
2017-11-30 01:00:00,9701.0,9998.0,9675.483,9652.134
2017-11-30 02:00:00,9205.0,9513.0,9057.204,9154.1455
2017-11-30 03:00:00,8909.0,9187.0,8780.106,8904.085
2017-11-30 04:00:00,8799.0,8968.0,8647.279,8803.235
2017-11-30 05:00:00,8745.0,8891.0,8682.012,8793.01
2017-11-30 06:00:00,9015.0,8936.0,8947.777,8949.108
2017-11-30 07:00:00,9767.0,9081.0,9571.983,9612.478
2017-11-30 08:00:00,10842.0,9274.0,10370.044,10302.787
2017-11-30 09:00:00,11342.0,9240.0,10679.433,10681.915
2017-11-30 10:00:00,11368.0,9344.0,10736.395,10800.105
2017-11-30 11:00:00,11333.0,9388.0,10838.661,10925.184
2017-11-30 12:00:00,11339.0,9467.0,10860.506,10944.2295
2017-11-30 13:00:00,11243.0,9470.0,10812.251,10945.297
2017-11-30 14:00:00,11171.0,9357.0,10709.491,10754.106
2017-11-30 15:00:00,11174.0,9151.0,10701.659,10938.901
2017-11-30 16:00:00,11054.0,8953.0,10484.251,10824.069
2017-11-30 17:00:00,11035.0,8901.0,10551.2295,10805.963
2017-11-30 18:00:00,11570.0,9261.0,11164.9795,11166.92
2017-11-30 19:00:00,12100.0,9609.0,11690.998,11911.598
2017-11-30 20:00:00,11966.0,9549.0,11781.46,11735.592
2017-11-30 21:00:00,11838.0,9504.0,11730.192,11820.009
2017-11-30 22:00:00,11629.0,9483.0,11261.103,11440.502
2017-11-30 23:00:00,11139.0,9378.0,10969.824,11007.98
2017-12-01 00:00:00,10447.0,9140.0,10339.144,10078.578
2017-12-01 01:00:00,9791.0,8860.0,9778.211,9531.971
2017-12-01 02:00:00,9385.0,8644.0,9309.789,9117.308
2017-12-01 03:00:00,9100.0,8477.0,9123.749,8772.747
2017-12-01 04:00:00,9005.0,8397.0,9061.153,8599.383
2017-12-01 05:00:00,9036.0,8405.0,9099.703,8599.383
2017-12-01 06:00:00,9328.0,8567.0,9312.435,8838.426
2017-12-01 07:00:00,10042.0,8975.0,9888.275,9478.08
2017-12-01 08:00:00,11134.0,9399.0,10725.602,10210.683
2017-12-01 09:00:00,11521.0,9446.0,10890.936,10583.033
2017-12-01 10:00:00,11524.0,9538.0,10918.52,10686.673
2017-12-01 11:00:00,11404.0,9564.0,10777.684,10812.109
2017-12-01 12:00:00,11312.0,9549.0,10770.051,10786.467
2017-12-01 13:00:00,11195.0,9532.0,10730.65,10641.1045
2017-12-01 14:00:00,11075.0,9487.0,10617.261,10780.153
2017-12-01 15:00:00,11032.0,9419.0,10580.261,10787.252
2017-12-01 16:00:00,10908.0,9369.0,10566.331,10777.992
2017-12-01 17:00:00,10848.0,9386.0,10624.458,10761.842
2017-12-01 18:00:00,11465.0,9932.0,11279.854,11141.877
2017-12-01 19:00:00,11953.0,10420.0,11788.309,11702.009
2017-12-01 20:00:00,11823.0,10294.0,11741.124,11707.949
2017-12-01 21:00:00,11655.0,10169.0,11532.173,11514.084
2017-12-01 22:00:00,11457.0,9938.0,11354.625,11379.184
2017-12-01 23:00:00,11119.0,9656.0,11047.548,10947.141
2017-12-02 00:00:00,10491.0,9162.0,10328.451,10277.889
2017-12-02 01:00:00,9816.0,8733.0,9789.152,9732.658
2017-12-02 02:00:00,9383.0,8310.0,9310.468,9140.54
2017-12-02 03:00:00,9051.0,8076.0,9027.98,8816.034
2017-12-02 04:00:00,8891.0,7940.0,8907.625,8615.207
2017-12-02 05:00:00,8785.0,7910.0,8858.109,8574.051
2017-12-02 06:00:00,8858.0,8045.0,8886.51,8677.544
2017-12-02 07:00:00,9132.0,8327.0,9191.54,9010.593
2017-12-02 08:00:00,9655.0,8737.0,9749.403,9445.359
2017-12-02 09:00:00,9794.0,8913.0,9881.624,9579.686
2017-12-02 10:00:00,10021.0,9185.0,9833.719,9719.53
2017-12-02 11:00:00,9995.0,9370.0,9967.964,9930.616
2017-12-02 12:00:00,9982.0,9453.0,9992.463,10032.698
2017-12-02 13:00:00,9886.0,9444.0,9879.483,10061.075
2017-12-02 14:00:00,9749.0,9387.0,9869.843,10104.983
2017-12-02 15:00:00,9584.0,9226.0,9806.64,10073.627
2017-12-02 16:00:00,9436.0,9119.0,9601.4,9786.474
2017-12-02 17:00:00,9512.0,9211.0,9672.95,9821.695
2017-12-02 18:00:00,10153.0,9765.0,10318.011,10170.642
2017-12-02 19:00:00,10718.0,10334.0,10724.2705,10715.806
2017-12-02 20:00:00,10646.0,10377.0,10779.386,10838.866
2017-12-02 21:00:00,10578.0,10279.0,10657.874,10722.757
2017-12-02 22:00:00,10440.0,10190.0,10563.864,10603.085
2017-12-02 23:00:00,10210.0,9960.0,10546.894,10313.21
2017-12-03 00:00:00,9814.0,9594.0,9993.713,9800.426
2017-12-03 01:00:00,9285.0,9130.0,9548.8,9368.053
2017-12-03 02:00:00,8917.0,8832.0,9072.89,8864.636
2017-12-03 03:00:00,8636.0,8631.0,8876.893,8598.38
2017-12-03 04:00:00,8530.0,8510.0,8839.22,8466.737
2017-12-03 05:00:00,8457.0,8478.0,8840.696,8366.561
2017-12-03 06:00:00,8542.0,8576.0,8935.337,8441.155
2017-12-03 07:00:00,8728.0,8738.0,8968.123,8585.001
2017-12-03 08:00:00,9010.0,9045.0,9085.445,8837.681
2017-12-03 09:00:00,9024.0,9070.0,9196.932,8996.023
2017-12-03 10:00:00,9168.0,9156.0,9146.278,9054.697
2017-12-03 11:00:00,9199.0,9278.0,9234.704,9178.826
2017-12-03 12:00:00,9224.0,9318.0,9302.49,9280.989
2017-12-03 13:00:00,9211.0,9329.0,9269.567,9312.196
2017-12-03 14:00:00,9151.0,9269.0,9250.714,9365.061
2017-12-03 15:00:00,9121.0,9154.0,9128.635,9307.642
2017-12-03 16:00:00,9054.0,9089.0,9087.864,9304.019
2017-12-03 17:00:00,9189.0,9229.0,9295.658,9427.704
2017-12-03 18:00:00,9973.0,9900.0,9945.162,10056.387
2017-12-03 19:00:00,10603.0,10605.0,10586.668,10741.692
2017-12-03 20:00:00,10662.0,10596.0,10643.531,10702.144
2017-12-03 21:00:00,10619.0,10458.0,10615.744,10709.169
2017-12-03 22:00:00,10441.0,10265.0,10403.482,10542.474
2017-12-03 23:00:00,10050.0,9891.0,10185.563,10292.297
2017-12-04 00:00:00,9543.0,9378.0,9522.201,9670.579
2017-12-04 01:00:00,8993.0,8900.0,9057.05,9210.792
2017-12-04 02:00:00,8583.0,8666.0,8680.376,8889.509
2017-12-04 03:00:00,8358.0,8535.0,8368.872,8642.016
2017-12-04 04:00:00,8286.0,8470.0,8226.062,8496.46
2017-12-04 05:00:00,8296.0,8574.0,8233.814,8521.959
2017-12-04 06:00:00,8623.0,8922.0,8471.829,8834.195
2017-12-04 07:00:00,9336.0,9741.0,9325.765,9679.402
2017-12-04 08:00:00,10468.0,10884.0,10194.358,10716.499
2017-12-04 09:00:00,10989.0,11338.0,10832.614,11254.517
2017-12-04 10:00:00,11092.0,11359.0,11118.226,11371.464
2017-12-04 11:00:00,11145.0,11255.0,11205.265,11337.898
2017-12-04 12:00:00,11206.0,11258.0,11291.48,11278.611
2017-12-04 13:00:00,11158.0,11167.0,11327.026,11223.637
2017-12-04 14:00:00,11132.0,11076.0,11369.561,11206.077
2017-12-04 15:00:00,11136.0,11100.0,11491.744,11276.441
2017-12-04 16:00:00,11111.0,11069.0,11443.02,11268.834
2017-12-04 17:00:00,11158.0,11067.0,11381.581,11280.671
2017-12-04 18:00:00,11787.0,11661.0,11612.767,11632.907
2017-12-04 19:00:00,12084.0,12097.0,11677.161,11781.963
2017-12-04 20:00:00,11910.0,11943.0,11784.387,11833.99
2017-12-04 21:00:00,11704.0,11757.0,11768.593,11790.247
2017-12-04 22:00:00,11394.0,11497.0,11765.85,11758.291
2017-12-04 23:00:00,10855.0,10962.0,11236.922,11214.771
2017-12-05 00:00:00,10058.0,10247.0,10210.302,10342.606
2017-12-05 01:00:00,9390.0,9554.0,9522.717,9621.374
2017-12-05 02:00:00,8990.0,9113.0,9004.806,9039.889
2017-12-05 03:00:00,8802.0,8804.0,8771.297,8738.507
2017-12-05 04:00:00,8765.0,8641.0,8750.378,8586.077
2017-12-05 05:00:00,8823.0,8621.0,8803.698,8603.5205
2017-12-05 06:00:00,9121.0,8843.0,9124.998,8824.697
2017-12-05 07:00:00,9935.0,9542.0,9803.789,9546.982
2017-12-05 08:00:00,11133.0,10617.0,11016.135,10654.246
2017-12-05 09:00:00,11727.0,11035.0,11533.676,11135.177
2017-12-05 10:00:00,11890.0,11271.0,11760.345,11410.612
2017-12-05 11:00:00,11944.0,11353.0,11809.769,11552.593
2017-12-05 12:00:00,11990.0,11337.0,11662.952,11634.628
2017-12-05 13:00:00,11983.0,11314.0,11599.495,11569.743
2017-12-05 14:00:00,11968.0,11275.0,11651.364,11640.622
2017-12-05 15:00:00,12035.0,11321.0,11649.38,11711.784
2017-12-05 16:00:00,12000.0,11253.0,11537.275,11671.509
2017-12-05 17:00:00,12019.0,11350.0,11596.536,11715.796
2017-12-05 18:00:00,12739.0,11887.0,12078.455,11743.161
2017-12-05 19:00:00,13296.0,12054.0,12450.543,12214.794
2017-12-05 20:00:00,13093.0,11847.0,12522.32,12264.537
2017-12-05 21:00:00,12911.0,11642.0,12453.283,12201.091
2017-12-05 22:00:00,12649.0,11418.0,12401.829,12236.515
2017-12-05 23:00:00,12127.0,10888.0,11999.996,11754.217
2017-12-06 00:00:00,11388.0,10184.0,11042.037,10769.818
2017-12-06 01:00:00,10651.0,9541.0,10299.0625,10071.53
2017-12-06 02:00:00,10153.0,9112.0,9949.52,9608.789
2017-12-06 03:00:00,9888.0,8905.0,9710.892,9286.571
2017-12-06 04:00:00,9732.0,8805.0,9565.882,9237.131
2017-12-06 05:00:00,9708.0,8812.0,9536.873,9244.225
2017-12-06 06:00:00,9897.0,9100.0,9758.228,9407.72
2017-12-06 07:00:00,10629.0,9912.0,10320.852,10186.54
2017-12-06 08:00:00,11726.0,10988.0,11417.566,11200.988
2017-12-06 09:00:00,12152.0,11412.0,11972.068,11903.059
2017-12-06 10:00:00,12150.0,11424.0,12177.999,12095.891
2017-12-06 11:00:00,12146.0,11395.0,12211.554,12224.497
2017-12-06 12:00:00,12186.0,11442.0,12252.146,12261.619
2017-12-06 13:00:00,12131.0,11332.0,12255.793,12199.675
2017-12-06 14:00:00,12023.0,11268.0,12117.583,12131.638
2017-12-06 15:00:00,12006.0,11302.0,12181.611,12203.134
2017-12-06 16:00:00,11901.0,11164.0,12152.348,12155.804
2017-12-06 17:00:00,11980.0,11173.0,12158.997,12170.691
2017-12-06 18:00:00,12722.0,11797.0,12908.485,12676.732
2017-12-06 19:00:00,13306.0,12318.0,13338.972,13128.694
2017-12-06 20:00:00,13194.0,12171.0,13326.136,13148.853
2017-12-06 21:00:00,13021.0,11998.0,13041.953,12999.47
2017-12-06 22:00:00,12786.0,11681.0,12824.223,12618.056
2017-12-06 23:00:00,12265.0,11148.0,12333.485,12228.743
2017-12-07 00:00:00,11471.0,10391.0,11734.515,11483.903
2017-12-07 01:00:00,10738.0,9701.0,10668.387,10432.563
2017-12-07 02:00:00,10229.0,9205.0,10277.846,10091.883
2017-12-07 03:00:00,10016.0,8909.0,10083.588,9683.867
2017-12-07 04:00:00,9906.0,8799.0,9954.799,9536.996
2017-12-07 05:00:00,9975.0,8745.0,10097.816,9540.612
2017-12-07 06:00:00,10263.0,9015.0,10331.46,9770.111
2017-12-07 07:00:00,11025.0,9767.0,10974.882,10470.917
2017-12-07 08:00:00,12125.0,10842.0,11990.629,11624.794
2017-12-07 09:00:00,12571.0,11342.0,12468.982,12061.19
2017-12-07 10:00:00,12700.0,11368.0,12605.548,12239.419
2017-12-07 11:00:00,12831.0,11333.0,12582.862,12347.805
2017-12-07 12:00:00,12901.0,11339.0,12530.308,12270.811
2017-12-07 13:00:00,12734.0,11243.0,12470.753,12261.75
2017-12-07 14:00:00,12504.0,11171.0,12343.15,12311.373
2017-12-07 15:00:00,12404.0,11174.0,12409.067,12335.801
2017-12-07 16:00:00,12315.0,11054.0,12405.976,12317.409
2017-12-07 17:00:00,12328.0,11035.0,12615.855,12332.724
2017-12-07 18:00:00,13078.0,11570.0,13056.116,12867.458
2017-12-07 19:00:00,13645.0,12100.0,13612.26,13416.358
2017-12-07 20:00:00,13534.0,11966.0,13605.795,13419.606
2017-12-07 21:00:00,13382.0,11838.0,13375.801,13212.234
2017-12-07 22:00:00,13157.0,11629.0,13212.31,12905.644
2017-12-07 23:00:00,12678.0,11139.0,12743.685,12571.623
2017-12-08 00:00:00,11910.0,10447.0,12106.089,11902.52
2017-12-08 01:00:00,11183.0,9791.0,11156.126,10777.956
2017-12-08 02:00:00,10721.0,9385.0,10780.712,10391.501
2017-12-08 03:00:00,10445.0,9100.0,10563.884,10065.81
2017-12-08 04:00:00,10318.0,9005.0,10370.888,9792.03
2017-12-08 05:00:00,10338.0,9036.0,10401.987,9968.919
2017-12-08 06:00:00,10635.0,9328.0,10493.583,10070.815
2017-12-08 07:00:00,11294.0,10042.0,11232.721,10990.298
2017-12-08 08:00:00,12364.0,11134.0,12190.292,11963.673
2017-12-08 09:00:00,12763.0,11521.0,12695.749,12460.529
2017-12-08 10:00:00,12737.0,11524.0,12598.871,12553.916
2017-12-08 11:00:00,12603.0,11404.0,12638.852,12620.385
2017-12-08 12:00:00,12549.0,11312.0,12605.157,12506.648
2017-12-08 13:00:00,12369.0,11195.0,12516.33,12468.473
2017-12-08 14:00:00,12201.0,11075.0,12427.328,12472.606
2017-12-08 15:00:00,12042.0,11032.0,12373.805,12493.343
2017-12-08 16:00:00,11897.0,10908.0,12336.289,12458.7
2017-12-08 17:00:00,11878.0,10848.0,12378.895,12481.88
2017-12-08 18:00:00,12631.0,11465.0,13005.207,12909.635
2017-12-08 19:00:00,13191.0,11953.0,13454.726,13388.901
2017-12-08 20:00:00,13077.0,11823.0,13413.938,13308.937
2017-12-08 21:00:00,12885.0,11655.0,13168.109,13150.924
2017-12-08 22:00:00,12642.0,11457.0,12948.845,12915.94
2017-12-08 23:00:00,12224.0,11119.0,12603.506,12585.818
2017-12-09 00:00:00,11452.0,10491.0,11706.373,11663.981
2017-12-09 01:00:00,10743.0,9816.0,10774.153,10875.859
2017-12-09 02:00:00,10286.0,9383.0,10400.95,10390.524
2017-12-09 03:00:00,9943.0,9051.0,10031.46,10051.714
2017-12-09 04:00:00,9818.0,8891.0,9841.208,9839.839
2017-12-09 05:00:00,9668.0,8785.0,9892.322,9774.318
2017-12-09 06:00:00,9772.0,8858.0,9931.535,9827.495
2017-12-09 07:00:00,10058.0,9132.0,10240.352,10134.881
2017-12-09 08:00:00,10573.0,9655.0,10701.828,10647.192
2017-12-09 09:00:00,10873.0,9794.0,10920.183,10939.933
2017-12-09 10:00:00,11247.0,10021.0,10993.486,11022.679
2017-12-09 11:00:00,11520.0,9995.0,11167.296,11174.266
2017-12-09 12:00:00,11559.0,9982.0,11080.354,11065.5
2017-12-09 13:00:00,11575.0,9886.0,11002.759,10936.905
2017-12-09 14:00:00,11421.0,9749.0,10919.691,10855.598
2017-12-09 15:00:00,11304.0,9584.0,10845.774,10905.965
2017-12-09 16:00:00,11276.0,9436.0,10757.342,10914.149
2017-12-09 17:00:00,11313.0,9512.0,10810.723,10938.191
2017-12-09 18:00:00,11985.0,10153.0,11797.579,11938.302
2017-12-09 19:00:00,12422.0,10718.0,12451.161,12235.479
2017-12-09 20:00:00,12387.0,10646.0,12463.793,12217.443
2017-12-09 21:00:00,12232.0,10578.0,12147.4375,12156.06
2017-12-09 22:00:00,12086.0,10440.0,11985.17,12070.825
2017-12-09 23:00:00,11806.0,10210.0,11673.181,11627.217
2017-12-10 00:00:00,11290.0,9814.0,11426.613,11140.3125
2017-12-10 01:00:00,10717.0,9285.0,10945.804,10476.876
2017-12-10 02:00:00,10315.0,8917.0,10417.683,10088.524
2017-12-10 03:00:00,10020.0,8636.0,10079.018,9718.161
2017-12-10 04:00:00,9844.0,8530.0,9875.887,9474.305
2017-12-10 05:00:00,9710.0,8457.0,9739.025,9241.478
2017-12-10 06:00:00,9784.0,8542.0,9804.669,9310.893
2017-12-10 07:00:00,9935.0,8728.0,9906.36,9464.014
2017-12-10 08:00:00,10224.0,9010.0,10151.891,9737.027
2017-12-10 09:00:00,10271.0,9024.0,10254.88,9912.728
2017-12-10 10:00:00,10454.0,9168.0,10307.572,10023.633
2017-12-10 11:00:00,10426.0,9199.0,10496.656,10442.109
2017-12-10 12:00:00,10513.0,9224.0,10497.74,10388.456
2017-12-10 13:00:00,10462.0,9211.0,10414.091,10304.677
2017-12-10 14:00:00,10417.0,9151.0,10374.303,10312.206
2017-12-10 15:00:00,10408.0,9121.0,10242.609,10391.128
2017-12-10 16:00:00,10580.0,9054.0,10287.608,10460.425
2017-12-10 17:00:00,10723.0,9189.0,10476.571,10660.051
2017-12-10 18:00:00,11472.0,9973.0,11248.635,11441.748
2017-12-10 19:00:00,12017.0,10603.0,12116.277,12170.867
2017-12-10 20:00:00,12048.0,10662.0,12287.078,12236.074
2017-12-10 21:00:00,11998.0,10619.0,12157.854,12204.244
2017-12-10 22:00:00,11779.0,10441.0,11893.375,12015.78
2017-12-10 23:00:00,11388.0,10050.0,11596.879,11412.155
2017-12-11 00:00:00,10755.0,9543.0,11016.98,10985.526
2017-12-11 01:00:00,10198.0,8993.0,10495.476,10094.668
2017-12-11 02:00:00,9913.0,8583.0,10151.898,9862.426
2017-12-11 03:00:00,9694.0,8358.0,10004.293,9714.186
2017-12-11 04:00:00,9612.0,8286.0,9980.8545,9739.393
2017-12-11 05:00:00,9693.0,8296.0,9830.8,9579.038
2017-12-11 06:00:00,10055.0,8623.0,9956.096,9678.058
2017-12-11 07:00:00,10824.0,9336.0,10510.603,10315.051
2017-12-11 08:00:00,12013.0,10468.0,11561.281,11531.416
2017-12-11 09:00:00,12536.0,10989.0,12071.578,12062.603
2017-12-11 10:00:00,12660.0,11092.0,12380.461,12327.772
2017-12-11 11:00:00,12627.0,11145.0,12346.512,12310.278
2017-12-11 12:00:00,12677.0,11206.0,12237.593,12375.143
2017-12-11 13:00:00,12664.0,11158.0,12211.498,12383.995
2017-12-11 14:00:00,12546.0,11132.0,12193.654,12460.682
2017-12-11 15:00:00,12450.0,11136.0,12102.286,12477.342
2017-12-11 16:00:00,12430.0,11111.0,12075.328,12561.589
2017-12-11 17:00:00,12465.0,11158.0,12317.927,12705.991
2017-12-11 18:00:00,13140.0,11787.0,13144.446,13260.989
2017-12-11 19:00:00,13568.0,12084.0,13561.509,13341.261
2017-12-11 20:00:00,13481.0,11910.0,13577.495,13462.425
2017-12-11 21:00:00,13267.0,11704.0,13461.885,13320.22
2017-12-11 22:00:00,13018.0,11394.0,12953.1455,13091.314
2017-12-11 23:00:00,12546.0,10855.0,12296.798,12681.752
2017-12-12 00:00:00,11708.0,10058.0,11646.881,11682.564
2017-12-12 01:00:00,10817.0,9390.0,10785.98,10920.658
2017-12-12 02:00:00,10350.0,8990.0,10398.133,10356.867
2017-12-12 03:00:00,10173.0,8802.0,10245.111,9985.022
2017-12-12 04:00:00,10085.0,8765.0,10153.218,9761.097
2017-12-12 05:00:00,10169.0,8823.0,10303.283,9811.629
2017-12-12 06:00:00,10532.0,9121.0,10461.039,10115.279
2017-12-12 07:00:00,11338.0,9935.0,11236.374,10988.563
2017-12-12 08:00:00,12505.0,11133.0,12237.583,12018.596
2017-12-12 09:00:00,12924.0,11727.0,12740.138,12298.173
2017-12-12 10:00:00,12899.0,11890.0,12909.829,12606.976
2017-12-12 11:00:00,12864.0,11944.0,12980.903,12658.068
2017-12-12 12:00:00,12837.0,11990.0,12914.111,12613.154
2017-12-12 13:00:00,12724.0,11983.0,12845.123,12568.048
2017-12-12 14:00:00,12676.0,11968.0,12756.711,12555.461
2017-12-12 15:00:00,12645.0,12035.0,12739.502,12614.177
2017-12-12 16:00:00,12553.0,12000.0,12774.688,12602.211
2017-12-12 17:00:00,12750.0,12019.0,12838.584,12648.699
2017-12-12 18:00:00,13505.0,12739.0,13285.625,13285.203
2017-12-12 19:00:00,14111.0,13296.0,13944.097,13876.932
2017-12-12 20:00:00,13984.0,13093.0,13959.259,13725.0205
2017-12-12 21:00:00,13803.0,12911.0,13853.17,13586.126
2017-12-12 22:00:00,13510.0,12649.0,13548.203,13319.931
2017-12-12 23:00:00,12952.0,12127.0,13123.523,12871.507
2017-12-13 00:00:00,12158.0,11388.0,12331.061,12211.748
2017-12-13 01:00:00,11335.0,10651.0,11451.25,11244.37
2017-12-13 02:00:00,10825.0,10153.0,10830.273,10788.093
2017-12-13 03:00:00,10522.0,9888.0,10551.761,10475.559
2017-12-13 04:00:00,10385.0,9732.0,10457.952,10301.294
2017-12-13 05:00:00,10371.0,9708.0,10388.162,10245.531
2017-12-13 06:00:00,10634.0,9897.0,10477.723,10531.407
2017-12-13 07:00:00,11335.0,10629.0,11305.297,11264.568
2017-12-13 08:00:00,12414.0,11726.0,12247.15,12295.411
2017-12-13 09:00:00,13003.0,12152.0,12616.59,12766.721
2017-12-13 10:00:00,13033.0,12150.0,12625.83,12791.768
2017-12-13 11:00:00,13017.0,12146.0,12753.411,13083.275
2017-12-13 12:00:00,12981.0,12186.0,12821.837,13093.199
2017-12-13 13:00:00,12851.0,12131.0,12781.773,12996.006
2017-12-13 14:00:00,12725.0,12023.0,12677.72,13032.63
2017-12-13 15:00:00,12639.0,12006.0,12675.037,13053.053
2017-12-13 16:00:00,12634.0,11901.0,12615.289,13034.075
2017-12-13 17:00:00,12819.0,11980.0,12760.432,13043.57
2017-12-13 18:00:00,13490.0,12722.0,13389.058,13616.793
2017-12-13 19:00:00,13803.0,13306.0,13901.559,14060.243
2017-12-13 20:00:00,13684.0,13194.0,13850.089,13795.845
2017-12-13 21:00:00,13529.0,13021.0,13730.457,13657.767
2017-12-13 22:00:00,13219.0,12786.0,13383.3955,13444.092
2017-12-13 23:00:00,12681.0,12265.0,12847.261,13015.153
2017-12-14 00:00:00,11784.0,11471.0,12065.401,12066.134
2017-12-14 01:00:00,11014.0,10738.0,11223.908,11358.636
2017-12-14 02:00:00,10516.0,10229.0,10783.719,10788.514
2017-12-14 03:00:00,10245.0,10016.0,10558.572,10514.983
2017-12-14 04:00:00,10166.0,9906.0,10528.297,10368.13
2017-12-14 05:00:00,10194.0,9975.0,10560.912,10406.991
2017-12-14 06:00:00,10555.0,10263.0,10747.061,10480.807
2017-12-14 07:00:00,11281.0,11025.0,11504.157,11303.034
2017-12-14 08:00:00,12388.0,12125.0,12462.884,12162.7705
2017-12-14 09:00:00,12902.0,12571.0,13013.931,12764.865
2017-12-14 10:00:00,12906.0,12700.0,12978.007,12746.015
2017-12-14 11:00:00,12860.0,12831.0,13055.749,12678.148
2017-12-14 12:00:00,12751.0,12901.0,12998.076,12655.924
2017-12-14 13:00:00,12571.0,12734.0,12881.505,12598.145
2017-12-14 14:00:00,12437.0,12504.0,12806.205,12703.569
2017-12-14 15:00:00,12438.0,12404.0,12773.728,12755.729
2017-12-14 16:00:00,12371.0,12315.0,12760.838,12709.313
2017-12-14 17:00:00,12503.0,12328.0,12780.762,12788.111
2017-12-14 18:00:00,13261.0,13078.0,13289.112,13390.357
2017-12-14 19:00:00,13746.0,13645.0,13972.342,13893.958
2017-12-14 20:00:00,13613.0,13534.0,13918.477,13759.579
2017-12-14 21:00:00,13442.0,13382.0,13845.104,13577.452
2017-12-14 22:00:00,13205.0,13157.0,13509.635,13242.351
2017-12-14 23:00:00,12758.0,12678.0,13063.362,12752.702
2017-12-15 00:00:00,11976.0,11910.0,12236.372,12131.705
2017-12-15 01:00:00,11220.0,11183.0,11491.253,11218.499
2017-12-15 02:00:00,10720.0,10721.0,10939.731,10593.913
2017-12-15 03:00:00,10425.0,10445.0,10532.699,10230.592
2017-12-15 04:00:00,10253.0,10318.0,10444.304,10285.579
2017-12-15 05:00:00,10249.0,10338.0,10439.837,10258.608
2017-12-15 06:00:00,10519.0,10635.0,10720.397,10501.272
2017-12-15 07:00:00,11208.0,11294.0,11237.957,11215.331
2017-12-15 08:00:00,12226.0,12364.0,12108.043,12111.354
2017-12-15 09:00:00,12856.0,12763.0,12602.855,12693.852
2017-12-15 10:00:00,12944.0,12737.0,12661.491,12715.815
2017-12-15 11:00:00,12929.0,12603.0,12735.317,12739.839
2017-12-15 12:00:00,12840.0,12549.0,12729.635,12697.309
2017-12-15 13:00:00,12598.0,12369.0,12645.149,12617.717
2017-12-15 14:00:00,12557.0,12201.0,12601.069,12658.338
2017-12-15 15:00:00,12522.0,12042.0,12575.687,12710.334
2017-12-15 16:00:00,12515.0,11897.0,12489.017,12497.147
2017-12-15 17:00:00,12568.0,11878.0,12571.887,12689.404
2017-12-15 18:00:00,13145.0,12631.0,13131.0205,13358.069
2017-12-15 19:00:00,13379.0,13191.0,13653.263,13893.588
2017-12-15 20:00:00,13120.0,13077.0,13602.974,13747.72
2017-12-15 21:00:00,12886.0,12885.0,13403.44,13514.686
2017-12-15 22:00:00,12569.0,12642.0,13089.502,13255.331
2017-12-15 23:00:00,12197.0,12224.0,12598.659,12709.473
2017-12-16 00:00:00,11462.0,11452.0,11701.361,12004.441
2017-12-16 01:00:00,10781.0,10743.0,10848.604,11134.401
2017-12-16 02:00:00,10210.0,10286.0,10249.466,10355.839
2017-12-16 03:00:00,9863.0,9943.0,9894.863,10104.454
2017-12-16 04:00:00,9562.0,9818.0,9621.529,10017.924
2017-12-16 05:00:00,9453.0,9668.0,9566.186,9935.393
2017-12-16 06:00:00,9580.0,9772.0,9744.833,10042.643
2017-12-16 07:00:00,9867.0,10058.0,9968.219,10250.115
2017-12-16 08:00:00,10281.0,10573.0,10507.408,10598.712
2017-12-16 09:00:00,10562.0,10873.0,10673.993,10811.728
2017-12-16 10:00:00,10764.0,11247.0,10812.051,10808.314
2017-12-16 11:00:00,10765.0,11520.0,10969.136,10969.113
2017-12-16 12:00:00,10718.0,11559.0,10962.479,11047.142
2017-12-16 13:00:00,10507.0,11575.0,10951.927,11167.311
2017-12-16 14:00:00,10343.0,11421.0,10891.461,11279.43
2017-12-16 15:00:00,10070.0,11304.0,10901.815,11373.361
2017-12-16 16:00:00,9937.0,11276.0,10891.291,11335.721
2017-12-16 17:00:00,9983.0,11313.0,10913.299,11402.29
2017-12-16 18:00:00,10734.0,11985.0,11339.343,11405.823
2017-12-16 19:00:00,11433.0,12422.0,11838.068,11693.232
2017-12-16 20:00:00,11431.0,12387.0,11834.053,11668.138
2017-12-16 21:00:00,11369.0,12232.0,11700.645,11613.163
2017-12-16 22:00:00,11192.0,12086.0,11522.631,11496.154
2017-12-16 23:00:00,10970.0,11806.0,11340.72,11211.686
2017-12-17 00:00:00,10500.0,11290.0,10811.52,10723.168
2017-12-17 01:00:00,9964.0,10717.0,10089.724,10049.95
2017-12-17 02:00:00,9528.0,10315.0,9625.1875,9671.029
2017-12-17 03:00:00,9198.0,10020.0,9334.872,9407.791
2017-12-17 04:00:00,9002.0,9844.0,9170.772,9246.497
2017-12-17 05:00:00,8914.0,9710.0,9030.451,9025.802
2017-12-17 06:00:00,8948.0,9784.0,9136.141,9174.989
2017-12-17 07:00:00,9094.0,9935.0,9316.351,9346.417
2017-12-17 08:00:00,9385.0,10224.0,9593.308,9620.877
2017-12-17 09:00:00,9559.0,10271.0,9818.589,9800.671
2017-12-17 10:00:00,9815.0,10454.0,9945.1045,9841.78
2017-12-17 11:00:00,10005.0,10426.0,10068.357,9981.45
2017-12-17 12:00:00,10202.0,10513.0,10109.865,10041.684
2017-12-17 13:00:00,10148.0,10462.0,10168.4795,10052.016
2017-12-17 14:00:00,10080.0,10417.0,10004.401,10028.19
2017-12-17 15:00:00,9943.0,10408.0,9842.797,9981.2295
2017-12-17 16:00:00,9960.0,10580.0,9782.645,9892.608
2017-12-17 17:00:00,10130.0,10723.0,9949.006,10111.796
2017-12-17 18:00:00,10851.0,11472.0,10854.51,10929.944
2017-12-17 19:00:00,11362.0,12017.0,11409.074,11391.47
2017-12-17 20:00:00,11366.0,12048.0,11552.932,11425.935
2017-12-17 21:00:00,11330.0,11998.0,11516.402,11415.949
2017-12-17 22:00:00,11126.0,11779.0,11328.75,11408.337
2017-12-17 23:00:00,10746.0,11388.0,11054.763,11190.209
2017-12-18 00:00:00,10161.0,10755.0,10426.624,10444.744
2017-12-18 01:00:00,9560.0,10198.0,9855.587,9926.036
2017-12-18 02:00:00,9159.0,9913.0,9360.356,9588.089
2017-12-18 03:00:00,8890.0,9694.0,9102.873,9325.26
2017-12-18 04:00:00,8822.0,9612.0,8971.954,9211.538
2017-12-18 05:00:00,8828.0,9693.0,8881.438,9136.359
2017-12-18 06:00:00,9148.0,10055.0,9256.751,9534.966
2017-12-18 07:00:00,9887.0,10824.0,9833.697,10068.701
2017-12-18 08:00:00,10995.0,12013.0,10911.828,11237.491
2017-12-18 09:00:00,11710.0,12536.0,11325.239,11645.228
2017-12-18 10:00:00,11852.0,12660.0,11494.66,11870.245
2017-12-18 11:00:00,11843.0,12627.0,11652.278,11997.753
2017-12-18 12:00:00,11899.0,12677.0,11815.631,12154.194
2017-12-18 13:00:00,11851.0,12664.0,11873.523,12209.38
2017-12-18 14:00:00,11716.0,12546.0,11886.019,12261.124
2017-12-18 15:00:00,11578.0,12450.0,11898.433,12327.411
2017-12-18 16:00:00,11474.0,12430.0,11918.386,12217.548
2017-12-18 17:00:00,11460.0,12465.0,11925.868,12285.914
2017-12-18 18:00:00,12157.0,13140.0,12263.845,12359.912
2017-12-18 19:00:00,12798.0,13568.0,12853.334,12787.038
2017-12-18 20:00:00,12710.0,13481.0,12734.197,12841.31
2017-12-18 21:00:00,12567.0,13267.0,12429.235,12775.766
2017-12-18 22:00:00,12308.0,13018.0,12194.124,12341.982
2017-12-18 23:00:00,11800.0,12546.0,11704.766,11802.916
2017-12-19 00:00:00,11013.0,11708.0,10898.84,11004.043
2017-12-19 01:00:00,10256.0,10817.0,10045.348,10220.727
2017-12-19 02:00:00,9694.0,10350.0,9561.507,9699.574
2017-12-19 03:00:00,9389.0,10173.0,9280.661,9399.932
2017-12-19 04:00:00,9229.0,10085.0,9137.248,9233.431
2017-12-19 05:00:00,9220.0,10169.0,9134.521,9222.958
2017-12-19 06:00:00,9502.0,10532.0,9421.08,9496.962
2017-12-19 07:00:00,10205.0,11338.0,10146.865,10238.609
2017-12-19 08:00:00,11264.0,12505.0,11159.165,11168.212
2017-12-19 09:00:00,11732.0,12924.0,11872.937,11762.671
2017-12-19 10:00:00,11784.0,12899.0,11937.315,11918.582
2017-12-19 11:00:00,11745.0,12864.0,11843.054,11948.892
2017-12-19 12:00:00,11659.0,12837.0,11871.21,11927.17
2017-12-19 13:00:00,11506.0,12724.0,11845.736,12032.782
2017-12-19 14:00:00,11354.0,12676.0,11848.414,12018.805
2017-12-19 15:00:00,11333.0,12645.0,11809.259,12034.482
2017-12-19 16:00:00,11230.0,12553.0,11799.477,12023.889
2017-12-19 17:00:00,11294.0,12750.0,11829.669,12008.223
2017-12-19 18:00:00,12044.0,13505.0,12289.29,12252.812
2017-12-19 19:00:00,12606.0,14111.0,12844.71,12749.015
2017-12-19 20:00:00,12489.0,13984.0,12815.328,12678.744
2017-12-19 21:00:00,12350.0,13803.0,12676.861,12605.305
2017-12-19 22:00:00,12140.0,13510.0,12351.054,12261.451
2017-12-19 23:00:00,11698.0,12952.0,11831.768,11906.93
2017-12-20 00:00:00,10984.0,12158.0,10970.889,11032.99
2017-12-20 01:00:00,10256.0,11335.0,10266.763,10208.592
2017-12-20 02:00:00,9757.0,10825.0,9810.791,9517.898
2017-12-20 03:00:00,9468.0,10522.0,9535.799,9170.897
2017-12-20 04:00:00,9338.0,10385.0,9419.924,9103.357
2017-12-20 05:00:00,9362.0,10371.0,9410.146,9103.357
2017-12-20 06:00:00,9644.0,10634.0,9623.982,9254.389
2017-12-20 07:00:00,10387.0,11335.0,10381.357,10158.667
2017-12-20 08:00:00,11491.0,12414.0,11516.673,11195.375
2017-12-20 09:00:00,11991.0,13003.0,11929.487,11483.697
2017-12-20 10:00:00,12028.0,13033.0,11914.909,11675.546
2017-12-20 11:00:00,12008.0,13017.0,11992.718,11819.8125
2017-12-20 12:00:00,11978.0,12981.0,11981.41,11868.289
2017-12-20 13:00:00,11882.0,12851.0,11983.499,11726.438
2017-12-20 14:00:00,11820.0,12725.0,11902.474,11730.384
2017-12-20 15:00:00,11851.0,12639.0,11978.635,11855.573
2017-12-20 16:00:00,11884.0,12634.0,12066.417,11813.101
2017-12-20 17:00:00,11995.0,12819.0,12121.328,11800.16
2017-12-20 18:00:00,12708.0,13490.0,12445.887,12444.114
2017-12-20 19:00:00,13266.0,13803.0,12955.282,13091.725
2017-12-20 20:00:00,13121.0,13684.0,12887.83,13028.865
2017-12-20 21:00:00,12935.0,13529.0,12696.867,12778.662
2017-12-20 22:00:00,12641.0,13219.0,12413.384,12455.502
2017-12-20 23:00:00,12171.0,12681.0,11988.738,12084.046
2017-12-21 00:00:00,11373.0,11784.0,11358.33,11270.3545
2017-12-21 01:00:00,10574.0,11014.0,10541.156,10318.828
2017-12-21 02:00:00,10046.0,10516.0,9990.183,9706.836
2017-12-21 03:00:00,9702.0,10245.0,9619.06,9474.004
2017-12-21 04:00:00,9554.0,10166.0,9574.962,9404.32
2017-12-21 05:00:00,9541.0,10194.0,9567.096,9404.32
2017-12-21 06:00:00,9774.0,10555.0,9633.034,9424.312
2017-12-21 07:00:00,10472.0,11281.0,10282.101,10328.052
2017-12-21 08:00:00,11496.0,12388.0,11448.371,11413.455
2017-12-21 09:00:00,12092.0,12902.0,12005.904,11857.076
2017-12-21 10:00:00,12161.0,12906.0,12154.078,12072.737
2017-12-21 11:00:00,12178.0,12860.0,12215.981,12078.467
2017-12-21 12:00:00,12171.0,12751.0,12220.394,12181.962
2017-12-21 13:00:00,12076.0,12571.0,12176.774,12106.341
2017-12-21 14:00:00,12054.0,12437.0,12049.102,11974.673
2017-12-21 15:00:00,12101.0,12438.0,12117.968,12163.635
2017-12-21 16:00:00,12081.0,12371.0,12122.636,12198.034
2017-12-21 17:00:00,12090.0,12503.0,12221.305,12289.373
2017-12-21 18:00:00,12740.0,13261.0,12943.879,12993.441
2017-12-21 19:00:00,12990.0,13746.0,13320.93,13360.255
2017-12-21 20:00:00,12766.0,13613.0,13312.112,13279.286
2017-12-21 21:00:00,12548.0,13442.0,13044.656,13090.241
2017-12-21 22:00:00,12306.0,13205.0,12698.451,12690.907
2017-12-21 23:00:00,11829.0,12758.0,12054.003,12083.097
2017-12-22 00:00:00,11069.0,11976.0,11326.955,11327.594
2017-12-22 01:00:00,10307.0,11220.0,10557.212,10494.865
2017-12-22 02:00:00,9758.0,10720.0,9927.623,9789.228
2017-12-22 03:00:00,9428.0,10425.0,9478.582,9451.261
2017-12-22 04:00:00,9224.0,10253.0,9370.319,9465.803
2017-12-22 05:00:00,9201.0,10249.0,9354.282,9414.682
2017-12-22 06:00:00,9416.0,10519.0,9517.069,9520.305
2017-12-22 07:00:00,9980.0,11208.0,10241.662,10388.217
2017-12-22 08:00:00,10890.0,12226.0,11318.597,11251.945
2017-12-22 09:00:00,11440.0,12856.0,11814.185,11658.487
2017-12-22 10:00:00,11536.0,12944.0,11944.222,11872.663
2017-12-22 11:00:00,11595.0,12929.0,11993.735,11919.787
2017-12-22 12:00:00,11642.0,12840.0,12010.621,11812.634
2017-12-22 13:00:00,11630.0,12598.0,11994.9,11842.344
2017-12-22 14:00:00,11554.0,12557.0,11953.095,11846.952
2017-12-22 15:00:00,11536.0,12522.0,11944.255,11906.864
2017-12-22 16:00:00,11504.0,12515.0,11929.133,11923.081
2017-12-22 17:00:00,11595.0,12568.0,11906.934,11823.735
2017-12-22 18:00:00,12210.0,13145.0,12487.087,12405.395
2017-12-22 19:00:00,12504.0,13379.0,12782.1,12656.62
2017-12-22 20:00:00,12271.0,13120.0,12728.595,12597.635
2017-12-22 21:00:00,12032.0,12886.0,12524.863,12350.897
2017-12-22 22:00:00,11779.0,12569.0,12267.817,12020.255
2017-12-22 23:00:00,11457.0,12197.0,11716.793,11583.048
2017-12-23 00:00:00,10860.0,11462.0,10987.9795,10886.628
2017-12-23 01:00:00,10222.0,10781.0,10376.807,10227.905
2017-12-23 02:00:00,9755.0,10210.0,9798.877,9709.982
2017-12-23 03:00:00,9402.0,9863.0,9471.056,9283.259
2017-12-23 04:00:00,9193.0,9562.0,9320.266,9035.438
2017-12-23 05:00:00,9112.0,9453.0,9318.529,8983.2705
2017-12-23 06:00:00,9222.0,9580.0,9327.896,9059.324
2017-12-23 07:00:00,9515.0,9867.0,9663.308,9520.656
2017-12-23 08:00:00,9934.0,10281.0,10038.318,9898.213
2017-12-23 09:00:00,10247.0,10562.0,10439.305,10208.387
2017-12-23 10:00:00,10369.0,10764.0,10603.264,10281.665
2017-12-23 11:00:00,10443.0,10765.0,10744.607,10386.835
2017-12-23 12:00:00,10463.0,10718.0,10802.254,10580.489
2017-12-23 13:00:00,10452.0,10507.0,10722.501,10412.861
2017-12-23 14:00:00,10395.0,10343.0,10546.783,10297.91
2017-12-23 15:00:00,10294.0,10070.0,10456.203,10249.879
2017-12-23 16:00:00,10190.0,9937.0,10435.035,10233.142
2017-12-23 17:00:00,10329.0,9983.0,10498.826,10218.891
2017-12-23 18:00:00,11112.0,10734.0,11273.732,10931.9795
2017-12-23 19:00:00,11785.0,11433.0,11720.328,11425.907
2017-12-23 20:00:00,11813.0,11431.0,11697.032,11429.197
2017-12-23 21:00:00,11764.0,11369.0,11576.894,11349.109
2017-12-23 22:00:00,11675.0,11192.0,11406.55,11262.96
2017-12-23 23:00:00,11453.0,10970.0,11235.053,11034.93
2017-12-24 00:00:00,10993.0,10500.0,10905.343,10563.364
2017-12-24 01:00:00,10490.0,9964.0,10414.174,9980.426
2017-12-24 02:00:00,9971.0,9528.0,10069.985,9526.223
2017-12-24 03:00:00,9723.0,9198.0,9673.467,9109.251
2017-12-24 04:00:00,9501.0,9002.0,9587.613,8885.18
2017-12-24 05:00:00,9451.0,8914.0,9459.268,8771.851
2017-12-24 06:00:00,9412.0,8948.0,9492.411,8835.139
2017-12-24 07:00:00,9561.0,9094.0,9534.731,8963.19
2017-12-24 08:00:00,9798.0,9385.0,9871.641,9259.003
2017-12-24 09:00:00,10060.0,9559.0,9928.565,9496.039
2017-12-24 10:00:00,10358.0,9815.0,10204.378,9857.358
2017-12-24 11:00:00,10616.0,10005.0,10344.109,10086.959
2017-12-24 12:00:00,10807.0,10202.0,10487.533,10172.308
2017-12-24 13:00:00,10834.0,10148.0,10548.784,10224.699
2017-12-24 14:00:00,10814.0,10080.0,10587.196,10292.254
2017-12-24 15:00:00,10816.0,9943.0,10543.879,10413.057
2017-12-24 16:00:00,10809.0,9960.0,10688.7,10439.742
2017-12-24 17:00:00,10870.0,10130.0,10735.747,10686.352
2017-12-24 18:00:00,11460.0,10851.0,11431.518,11403.945
2017-12-24 19:00:00,11871.0,11362.0,12227.399,11977.464
2017-12-24 20:00:00,11744.0,11366.0,12275.72,12071.145
2017-12-24 21:00:00,11608.0,11330.0,12197.885,11996.717
2017-12-24 22:00:00,11479.0,11126.0,12030.347,11887.949
2017-12-24 23:00:00,11375.0,10746.0,11786.8,11611.128
2017-12-25 00:00:00,10975.0,10161.0,10982.645,10834.824
2017-12-25 01:00:00,10596.0,9560.0,10367.405,9923.659
2017-12-25 02:00:00,10223.0,9159.0,9988.409,9571.68
2017-12-25 03:00:00,10004.0,8890.0,9802.175,9287.088
2017-12-25 04:00:00,9801.0,8822.0,9655.455,9148.49
2017-12-25 05:00:00,9754.0,8828.0,9593.734,9162.233
2017-12-25 06:00:00,9853.0,9148.0,9759.4375,9349.069
2017-12-25 07:00:00,10060.0,9887.0,10384.759,9613.919
2017-12-25 08:00:00,10354.0,10995.0,11155.164,10657.802
2017-12-25 09:00:00,10412.0,11710.0,11818.595,11193.51
2017-12-25 10:00:00,10512.0,11852.0,11854.481,11306.545
2017-12-25 11:00:00,10577.0,11843.0,11922.8545,11521.602
2017-12-25 12:00:00,10585.0,11899.0,12071.452,11836.338
2017-12-25 13:00:00,10601.0,11851.0,12029.841,11829.291
2017-12-25 14:00:00,10572.0,11716.0,11994.1,11879.49
2017-12-25 15:00:00,10571.0,11578.0,11958.938,11984.924
2017-12-25 16:00:00,10629.0,11474.0,11875.464,12005.657
2017-12-25 17:00:00,10830.0,11460.0,11880.263,12066.822
2017-12-25 18:00:00,11444.0,12157.0,12406.641,12527.476
2017-12-25 19:00:00,12013.0,12798.0,12825.62,12926.264
2017-12-25 20:00:00,11977.0,12710.0,12846.434,12931.363
2017-12-25 21:00:00,11983.0,12567.0,12674.585,12868.538
2017-12-25 22:00:00,11960.0,12308.0,12428.302,12571.673
2017-12-25 23:00:00,11847.0,11800.0,11899.569,11845.034
2017-12-26 00:00:00,11525.0,11013.0,11680.864,10821.803
2017-12-26 01:00:00,11091.0,10256.0,11443.96,10250.842
2017-12-26 02:00:00,10798.0,9694.0,10982.69,9804.099
2017-12-26 03:00:00,10642.0,9389.0,10923.674,9474.9375
2017-12-26 04:00:00,10577.0,9229.0,10815.065,9425.529
2017-12-26 05:00:00,10587.0,9220.0,10815.877,9348.715
2017-12-26 06:00:00,10807.0,9502.0,11003.555,9613.78
2017-12-26 07:00:00,11283.0,10205.0,11729.1,10289.642
2017-12-26 08:00:00,11949.0,11264.0,12263.571,10792.716
2017-12-26 09:00:00,12326.0,11732.0,12649.612,11474.237
2017-12-26 10:00:00,12602.0,11784.0,12707.958,12015.224
2017-12-26 11:00:00,12788.0,11745.0,12854.413,12244.904
2017-12-26 12:00:00,12888.0,11659.0,12678.552,12407.385
2017-12-26 13:00:00,12869.0,11506.0,12712.615,12461.292
2017-12-26 14:00:00,12787.0,11354.0,12650.053,12451.178
2017-12-26 15:00:00,12726.0,11333.0,12669.011,12529.164
2017-12-26 16:00:00,12653.0,11230.0,12571.715,12557.151
2017-12-26 17:00:00,12708.0,11294.0,12822.096,12799.297
2017-12-26 18:00:00,13459.0,12044.0,13190.697,13269.613
2017-12-26 19:00:00,14251.0,12606.0,13809.444,13256.901
2017-12-26 20:00:00,14183.0,12489.0,13903.272,13338.966
2017-12-26 21:00:00,14019.0,12350.0,13844.495,13408.644
2017-12-26 22:00:00,13813.0,12140.0,13679.582,13283.366
2017-12-26 23:00:00,13438.0,11698.0,13400.314,13365.0205
2017-12-27 00:00:00,12814.0,10984.0,12868.421,12362.514
2017-12-27 01:00:00,12171.0,10256.0,12169.817,11318.936
2017-12-27 02:00:00,11767.0,9757.0,11858.439,10714.708
2017-12-27 03:00:00,11473.0,9468.0,11654.449,10544.664
2017-12-27 04:00:00,11415.0,9338.0,11562.662,10380.631
2017-12-27 05:00:00,11408.0,9362.0,11642.003,10386.065
2017-12-27 06:00:00,11636.0,9644.0,11828.498,10678.782
2017-12-27 07:00:00,12163.0,10387.0,12428.236,11577.536
2017-12-27 08:00:00,12914.0,11491.0,12998.66,12075.663
2017-12-27 09:00:00,13317.0,11991.0,13250.253,12446.834
2017-12-27 10:00:00,13496.0,12028.0,13420.947,13227.779
2017-12-27 11:00:00,13574.0,12008.0,13472.876,13286.176
2017-12-27 12:00:00,13624.0,11978.0,13495.203,13420.931
2017-12-27 13:00:00,13540.0,11882.0,13462.511,13200.097
2017-12-27 14:00:00,13420.0,11820.0,13304.813,13060.649
2017-12-27 15:00:00,13354.0,11851.0,13283.971,13086.01
2017-12-27 16:00:00,13261.0,11884.0,13254.928,13020.744
2017-12-27 17:00:00,13315.0,11995.0,13289.202,13127.544
2017-12-27 18:00:00,14028.0,12708.0,13898.727,13680.057
2017-12-27 19:00:00,14694.0,13266.0,14796.143,14393.614
2017-12-27 20:00:00,14610.0,13121.0,14732.466,14338.045
2017-12-27 21:00:00,14446.0,12935.0,14737.575,14284.186
2017-12-27 22:00:00,14214.0,12641.0,14532.192,14055.841
2017-12-27 23:00:00,13757.0,12171.0,14125.507,13655.211
2017-12-28 00:00:00,13105.0,11373.0,13292.197,12866.326
2017-12-28 01:00:00,12475.0,10574.0,12507.127,11922.169
2017-12-28 02:00:00,12015.0,10046.0,12098.311,11471.077
2017-12-28 03:00:00,11751.0,9702.0,11944.281,11184.269
2017-12-28 04:00:00,11595.0,9554.0,11713.878,11095.101
2017-12-28 05:00:00,11578.0,9541.0,11705.921,11046.141
2017-12-28 06:00:00,11714.0,9774.0,11767.038,11293.036
2017-12-28 07:00:00,12108.0,10472.0,12274.843,11789.524
2017-12-28 08:00:00,12758.0,11496.0,13097.405,12935.185
2017-12-28 09:00:00,13145.0,12092.0,13661.421,13220.436
2017-12-28 10:00:00,13379.0,12161.0,13761.569,13428.107
2017-12-28 11:00:00,13386.0,12178.0,13686.412,13602.333
2017-12-28 12:00:00,13529.0,12171.0,13673.05,13636.946
2017-12-28 13:00:00,13608.0,12076.0,13594.242,13498.041
2017-12-28 14:00:00,13445.0,12054.0,13507.411,13520.86
2017-12-28 15:00:00,13504.0,12101.0,13402.19,13388.315
2017-12-28 16:00:00,13432.0,12081.0,13374.75,13287.181
2017-12-28 17:00:00,13409.0,12090.0,13429.394,13381.71
2017-12-28 18:00:00,13992.0,12740.0,13914.226,14057.682
2017-12-28 19:00:00,14435.0,12990.0,14698.662,14541.271
2017-12-28 20:00:00,14245.0,12766.0,14661.552,14480.2
2017-12-28 21:00:00,14055.0,12548.0,14581.59,14193.64
2017-12-28 22:00:00,13782.0,12306.0,14419.202,13889.664
2017-12-28 23:00:00,13353.0,11829.0,13916.923,13552.758
2017-12-29 00:00:00,12638.0,11069.0,13107.49,12672.716
2017-12-29 01:00:00,12009.0,10307.0,12291.631,11816.826
2017-12-29 02:00:00,11531.0,9758.0,11813.081,11417.073
2017-12-29 03:00:00,11222.0,9428.0,11500.838,11040.173
2017-12-29 04:00:00,11005.0,9224.0,11430.603,10890.2705
2017-12-29 05:00:00,10961.0,9201.0,11399.955,10886.959
2017-12-29 06:00:00,11130.0,9416.0,11568.909,11130.318
2017-12-29 07:00:00,11552.0,9980.0,12184.63,11699.987
2017-12-29 08:00:00,12196.0,10890.0,13004.181,12501.042
2017-12-29 09:00:00,12542.0,11440.0,13502.977,12921.029
2017-12-29 10:00:00,12746.0,11536.0,13490.286,13060.591
2017-12-29 11:00:00,12906.0,11595.0,13467.908,13094.254
2017-12-29 12:00:00,12991.0,11642.0,13370.602,13171.571
2017-12-29 13:00:00,13023.0,11630.0,13278.939,13011.612
2017-12-29 14:00:00,12988.0,11554.0,13224.4375,13194.175
2017-12-29 15:00:00,12999.0,11536.0,13141.168,13174.889
2017-12-29 16:00:00,12907.0,11504.0,13127.53,13063.017
2017-12-29 17:00:00,12917.0,11595.0,13156.597,13161.247
2017-12-29 18:00:00,13437.0,12210.0,13408.404,13624.629
2017-12-29 19:00:00,13862.0,12504.0,14268.193,13942.216
2017-12-29 20:00:00,13767.0,12271.0,14112.0205,13791.88
2017-12-29 21:00:00,13572.0,12032.0,13960.089,13698.068
2017-12-29 22:00:00,13294.0,11779.0,13602.771,13359.109
2017-12-29 23:00:00,12917.0,11457.0,13289.616,12990.687
2017-12-30 00:00:00,12340.0,10860.0,12711.269,12164.207
2017-12-30 01:00:00,11644.0,10222.0,11767.306,11224.222
2017-12-30 02:00:00,11233.0,9755.0,11427.011,10947.834
2017-12-30 03:00:00,10947.0,9402.0,11105.022,10540.248
2017-12-30 04:00:00,10828.0,9193.0,10870.536,10331.1875
2017-12-30 05:00:00,10782.0,9112.0,10987.431,10303.534
2017-12-30 06:00:00,10917.0,9222.0,11174.304,10281.068
2017-12-30 07:00:00,11169.0,9515.0,11298.253,10580.462
2017-12-30 08:00:00,11621.0,9934.0,11648.327,10915.541
2017-12-30 09:00:00,11832.0,10247.0,12080.518,11391.2295
2017-12-30 10:00:00,12099.0,10369.0,12214.4795,11566.715
2017-12-30 11:00:00,12146.0,10443.0,12347.35,11769.856
2017-12-30 12:00:00,12280.0,10463.0,12518.485,11989.156
2017-12-30 13:00:00,12261.0,10452.0,12564.998,11989.549
2017-12-30 14:00:00,12179.0,10395.0,12226.769,12308.6455
2017-12-30 15:00:00,12059.0,10294.0,12005.482,12276.272
2017-12-30 16:00:00,11974.0,10190.0,11836.586,12221.414
2017-12-30 17:00:00,12154.0,10329.0,12166.19,12212.42
2017-12-30 18:00:00,12878.0,11112.0,12942.719,12888.3955
2017-12-30 19:00:00,13673.0,11785.0,13649.032,13376.563
2017-12-30 20:00:00,13686.0,11813.0,13662.288,13321.999
2017-12-30 21:00:00,13632.0,11764.0,13593.105,13186.789
2017-12-30 22:00:00,13423.0,11675.0,13495.942,12965.596
2017-12-30 23:00:00,13191.0,11453.0,13250.3,12657.933
2017-12-31 00:00:00,12684.0,10993.0,12897.397,12564.026
2017-12-31 01:00:00,12132.0,10490.0,12099.381,11783.34
2017-12-31 02:00:00,11711.0,9971.0,11701.903,10991.331
2017-12-31 03:00:00,11405.0,9723.0,11584.985,10741.287
2017-12-31 04:00:00,11235.0,9501.0,11476.507,10562.2295
2017-12-31 05:00:00,11145.0,9451.0,11446.881,10463.62
2017-12-31 06:00:00,11192.0,9412.0,11453.863,10496.6045
2017-12-31 07:00:00,11288.0,9561.0,11559.423,10449.912
2017-12-31 08:00:00,11507.0,9798.0,11721.803,10834.838
2017-12-31 09:00:00,11554.0,10060.0,11748.84,10971.754
2017-12-31 10:00:00,11624.0,10358.0,12027.371,11355.25
2017-12-31 11:00:00,11673.0,10616.0,12131.763,11755.362
2017-12-31 12:00:00,11787.0,10807.0,11962.75,12005.023
2017-12-31 13:00:00,11883.0,10834.0,11883.577,11928.526
2017-12-31 14:00:00,11799.0,10814.0,11848.018,11720.561
2017-12-31 15:00:00,11704.0,10816.0,11813.551,11986.0625
2017-12-31 16:00:00,11661.0,10809.0,11939.867,12125.296
2017-12-31 17:00:00,11840.0,10870.0,12078.696,12463.782
2017-12-31 18:00:00,12581.0,11460.0,12685.778,13306.963
2017-12-31 19:00:00,13452.0,11871.0,13601.97,14082.489
2017-12-31 20:00:00,13393.0,11744.0,13686.176,13842.768
2017-12-31 21:00:00,13192.0,11608.0,13613.804,13707.007
2017-12-31 22:00:00,13116.0,11479.0,13709.407,13633.272
2017-12-31 23:00:00,12809.0,11375.0,13477.488,13446.949
2018-01-01 00:00:00,12563.0,10975.0,12579.466,12246.589
2018-01-01 01:00:00,12263.0,10596.0,12076.137,12145.442
2018-01-01 02:00:00,11982.0,10223.0,12036.21,11752.891
2018-01-01 03:00:00,11747.0,10004.0,12025.154,11566.106
2018-01-01 04:00:00,11581.0,9801.0,11871.313,11257.971
2018-01-01 05:00:00,11565.0,9754.0,11852.14,11314.044
2018-01-01 06:00:00,11585.0,9853.0,11912.114,11445.18
2018-01-01 07:00:00,11773.0,10060.0,12258.581,11794.022
2018-01-01 08:00:00,11949.0,10354.0,12475.268,12301.7705
2018-01-01 09:00:00,11940.0,10412.0,12938.542,12723.354
2018-01-01 10:00:00,11891.0,10512.0,12947.822,12720.779
2018-01-01 11:00:00,11979.0,10577.0,13069.707,12781.338
2018-01-01 12:00:00,12096.0,10585.0,13079.897,12709.397
2018-01-01 13:00:00,12155.0,10601.0,13302.333,12834.159
2018-01-01 14:00:00,12131.0,10572.0,12889.164,12905.763
2018-01-01 15:00:00,12064.0,10571.0,12844.848,12917.587
2018-01-01 16:00:00,12053.0,10629.0,12921.02,13228.236
2018-01-01 17:00:00,12183.0,10830.0,12943.92,13015.723
2018-01-01 18:00:00,12926.0,11444.0,13875.419,13408.269
2018-01-01 19:00:00,13809.0,12013.0,14354.164,13827.346
2018-01-01 20:00:00,13858.0,11977.0,14526.983,14275.682
2018-01-01 21:00:00,13758.0,11983.0,14406.56,14072.961
2018-01-01 22:00:00,13627.0,11960.0,14167.064,13812.512
2018-01-01 23:00:00,13336.0,11847.0,13751.027,13185.912
2018-01-02 00:00:00,12816.0,11525.0,13345.052,12084.353
2018-01-02 01:00:00,12315.0,11091.0,12874.222,11543.091
2018-01-02 02:00:00,11981.0,10798.0,12662.775,11413.755
2018-01-02 03:00:00,11805.0,10642.0,12409.968,11313.767
2018-01-02 04:00:00,11684.0,10577.0,12268.897,11221.074
2018-01-02 05:00:00,11728.0,10587.0,12265.245,11254.895
2018-01-02 06:00:00,11991.0,10807.0,12474.064,11434.919
2018-01-02 07:00:00,12559.0,11283.0,12923.957,11725.149
2018-01-02 08:00:00,13379.0,11949.0,13459.071,12393.487
2018-01-02 09:00:00,13854.0,12326.0,13691.57,12926.514
2018-01-02 10:00:00,14040.0,12602.0,13952.435,13647.649
2018-01-02 11:00:00,14179.0,12788.0,13990.267,13786.788
2018-01-02 12:00:00,14241.0,12888.0,13781.069,13565.181
2018-01-02 13:00:00,14204.0,12869.0,13642.188,13607.515
2018-01-02 14:00:00,14138.0,12787.0,13533.395,13710.145
2018-01-02 15:00:00,14078.0,12726.0,13469.789,13721.298
2018-01-02 16:00:00,13984.0,12653.0,13457.951,13661.407
2018-01-02 17:00:00,14011.0,12708.0,13550.248,13432.846
2018-01-02 18:00:00,14614.0,13459.0,14258.838,13798.359
2018-01-02 19:00:00,15405.0,14251.0,15178.351,14479.683
2018-01-02 20:00:00,15408.0,14183.0,15186.394,14630.334
2018-01-02 21:00:00,15246.0,14019.0,15047.207,14587.494
2018-01-02 22:00:00,14933.0,13813.0,14775.526,14432.443
2018-01-02 23:00:00,14437.0,13438.0,14434.856,14012.951
2018-01-03 00:00:00,13704.0,12814.0,13355.439,13214.755
2018-01-03 01:00:00,12995.0,12171.0,12728.832,12711.998
2018-01-03 02:00:00,12494.0,11767.0,12157.499,12132.036
2018-01-03 03:00:00,12135.0,11473.0,11791.199,11806.1
2018-01-03 04:00:00,11901.0,11415.0,11621.064,11803.41
2018-01-03 05:00:00,11787.0,11408.0,11611.388,11795.517
2018-01-03 06:00:00,11923.0,11636.0,11846.108,11839.789
2018-01-03 07:00:00,12395.0,12163.0,12456.494,12643.987
2018-01-03 08:00:00,13135.0,12914.0,13345.497,13492.555
2018-01-03 09:00:00,13575.0,13317.0,13823.121,13994.521
2018-01-03 10:00:00,13753.0,13496.0,13908.173,14218.605
2018-01-03 11:00:00,13858.0,13574.0,13873.433,14330.324
2018-01-03 12:00:00,13913.0,13624.0,14041.944,14295.884
2018-01-03 13:00:00,13847.0,13540.0,14051.38,14222.923
2018-01-03 14:00:00,13802.0,13420.0,13911.782,14058.407
2018-01-03 15:00:00,13739.0,13354.0,13947.639,13951.206
2018-01-03 16:00:00,13672.0,13261.0,13959.191,13839.605
2018-01-03 17:00:00,13744.0,13315.0,13958.604,13903.279
2018-01-03 18:00:00,14294.0,14028.0,14246.893,14226.449
2018-01-03 19:00:00,14887.0,14694.0,15208.771,15022.538
2018-01-03 20:00:00,14866.0,14610.0,15182.953,14753.255
2018-01-03 21:00:00,14595.0,14446.0,14713.634,14750.951
2018-01-03 22:00:00,14314.0,14214.0,14530.332,14310.202
2018-01-03 23:00:00,13880.0,13757.0,14060.654,13759.438
2018-01-04 00:00:00,13234.0,13105.0,13463.422,13012.883
2018-01-04 01:00:00,12649.0,12475.0,12774.425,12441.89
2018-01-04 02:00:00,12250.0,12015.0,12461.225,11983.793
2018-01-04 03:00:00,12010.0,11751.0,12040.821,11674.145
2018-01-04 04:00:00,11867.0,11595.0,11846.308,11593.919
2018-01-04 05:00:00,11890.0,11578.0,11972.48,11599.061
2018-01-04 06:00:00,12099.0,11714.0,12096.792,11713.255
2018-01-04 07:00:00,12669.0,12108.0,12769.731,12299.895
2018-01-04 08:00:00,13507.0,12758.0,13738.399,13317.204
2018-01-04 09:00:00,13939.0,13145.0,14230.603,13861.394
2018-01-04 10:00:00,14054.0,13379.0,14354.583,14065.083
2018-01-04 11:00:00,14022.0,13386.0,14248.98,14224.626
2018-01-04 12:00:00,14000.0,13529.0,14293.988,14188.955
2018-01-04 13:00:00,13915.0,13608.0,14187.227,14038.171
2018-01-04 14:00:00,13794.0,13445.0,13943.017,13962.453
2018-01-04 15:00:00,13721.0,13504.0,13858.123,13824.717
2018-01-04 16:00:00,13624.0,13432.0,13764.79,13750.32
2018-01-04 17:00:00,13607.0,13409.0,13950.388,13752.365
2018-01-04 18:00:00,14149.0,13992.0,14342.278,13870.424
2018-01-04 19:00:00,14906.0,14435.0,15223.012,14683.545
2018-01-04 20:00:00,14875.0,14245.0,15240.16,14753.409
2018-01-04 21:00:00,14735.0,14055.0,15034.186,14628.473
2018-01-04 22:00:00,14518.0,13782.0,14768.167,14425.6045
2018-01-04 23:00:00,14027.0,13353.0,14182.252,13900.723
2018-01-05 00:00:00,13453.0,12638.0,13562.307,13110.691
2018-01-05 01:00:00,12806.0,12009.0,12885.254,12415.101
2018-01-05 02:00:00,12388.0,11531.0,12423.52,12064.3125
2018-01-05 03:00:00,12167.0,11222.0,12250.011,11860.733
2018-01-05 04:00:00,12032.0,11005.0,12179.333,11893.649
2018-01-05 05:00:00,12057.0,10961.0,12172.955,11873.646
2018-01-05 06:00:00,12243.0,11130.0,12294.245,11899.175
2018-01-05 07:00:00,12795.0,11552.0,12839.265,12505.236
2018-01-05 08:00:00,13647.0,12196.0,13784.2705,13285.504
2018-01-05 09:00:00,14065.0,12542.0,14321.392,13728.651
2018-01-05 10:00:00,14152.0,12746.0,14380.316,14047.06
2018-01-05 11:00:00,14135.0,12906.0,14265.226,14200.472
2018-01-05 12:00:00,14123.0,12991.0,14292.043,14258.256
2018-01-05 13:00:00,13998.0,13023.0,14306.922,14104.342
2018-01-05 14:00:00,13844.0,12988.0,14130.138,13998.248
2018-01-05 15:00:00,13765.0,12999.0,13975.058,13859.116
2018-01-05 16:00:00,13640.0,12907.0,13914.087,13770.633
2018-01-05 17:00:00,13628.0,12917.0,14035.25,13759.588
2018-01-05 18:00:00,14143.0,13437.0,14386.117,13941.822
2018-01-05 19:00:00,14785.0,13862.0,15164.754,14602.651
2018-01-05 20:00:00,14783.0,13767.0,15232.414,14711.438
2018-01-05 21:00:00,14628.0,13572.0,15026.14,14615.526
2018-01-05 22:00:00,14418.0,13294.0,14777.305,14367.357
2018-01-05 23:00:00,14072.0,12917.0,14316.104,13945.394
2018-01-06 00:00:00,13426.0,12340.0,13438.385,13144.75
2018-01-06 01:00:00,12846.0,11644.0,12642.092,12320.751
2018-01-06 02:00:00,12423.0,11233.0,12346.059,11840.142
2018-01-06 03:00:00,12167.0,10947.0,12047.855,11655.78
2018-01-06 04:00:00,12013.0,10828.0,11873.232,11559.375
2018-01-06 05:00:00,11970.0,10782.0,11752.989,11422.864
2018-01-06 06:00:00,12032.0,10917.0,11928.996,11630.506
2018-01-06 07:00:00,12306.0,11169.0,11994.132,11667.628
2018-01-06 08:00:00,12691.0,11621.0,12501.849,12162.944
2018-01-06 09:00:00,12900.0,11832.0,12703.326,12507.468
2018-01-06 10:00:00,13008.0,12099.0,12893.67,12736.053
2018-01-06 11:00:00,13060.0,12146.0,13045.977,13066.577
2018-01-06 12:00:00,12967.0,12280.0,13296.707,13254.833
2018-01-06 13:00:00,12878.0,12261.0,13220.984,13102.165
2018-01-06 14:00:00,12630.0,12179.0,13061.457,12892.512
2018-01-06 15:00:00,12437.0,12059.0,12830.175,12638.35
2018-01-06 16:00:00,12235.0,11974.0,12844.857,12484.407
2018-01-06 17:00:00,12289.0,12154.0,12872.591,12520.292
2018-01-06 18:00:00,12814.0,12878.0,13276.164,12883.046
2018-01-06 19:00:00,13630.0,13673.0,14086.958,13796.115
2018-01-06 20:00:00,13666.0,13686.0,14153.582,13850.199
2018-01-06 21:00:00,13612.0,13632.0,13965.392,13585.308
2018-01-06 22:00:00,13461.0,13423.0,13796.348,13400.443
2018-01-06 23:00:00,13217.0,13191.0,13500.416,12955.365
2018-01-07 00:00:00,12725.0,12684.0,13097.989,12642.102
2018-01-07 01:00:00,12231.0,12132.0,12428.486,11978.829
2018-01-07 02:00:00,11820.0,11711.0,11822.379,11711.974
2018-01-07 03:00:00,11560.0,11405.0,11555.764,11339.347
2018-01-07 04:00:00,11310.0,11235.0,11405.2,11212.6045
2018-01-07 05:00:00,11230.0,11145.0,11213.566,11137.797
2018-01-07 06:00:00,11187.0,11192.0,11165.291,11223.587
2018-01-07 07:00:00,11306.0,11288.0,11204.666,11361.155
2018-01-07 08:00:00,11417.0,11507.0,11250.088,11415.698
2018-01-07 09:00:00,11507.0,11554.0,11371.035,11481.398
2018-01-07 10:00:00,11727.0,11624.0,11457.317,11621.194
2018-01-07 11:00:00,11890.0,11673.0,11641.639,11811.835
2018-01-07 12:00:00,12053.0,11787.0,11831.701,11971.572
2018-01-07 13:00:00,12111.0,11883.0,11858.956,12108.073
2018-01-07 14:00:00,12066.0,11799.0,11644.115,12081.944
2018-01-07 15:00:00,12002.0,11704.0,11570.692,12199.696
2018-01-07 16:00:00,11988.0,11661.0,11616.199,11988.482
2018-01-07 17:00:00,11992.0,11840.0,11687.897,12105.541
2018-01-07 18:00:00,12483.0,12581.0,12451.373,12585.373
2018-01-07 19:00:00,12924.0,13452.0,13139.029,13525.874
2018-01-07 20:00:00,12828.0,13393.0,13134.081,13690.849
2018-01-07 21:00:00,12607.0,13192.0,13024.985,13509.288
2018-01-07 22:00:00,12361.0,13116.0,12862.188,13263.098
2018-01-07 23:00:00,11982.0,12809.0,12493.96,13040.953
2018-01-08 00:00:00,11409.0,12563.0,11828.779,12738.898
2018-01-08 01:00:00,10866.0,12263.0,11301.52,12224.578
2018-01-08 02:00:00,10525.0,11982.0,10965.775,11598.978
2018-01-08 03:00:00,10254.0,11747.0,10653.346,11086.045
2018-01-08 04:00:00,10060.0,11581.0,10372.453,11089.666
2018-01-08 05:00:00,10099.0,11565.0,10336.898,11036.186
2018-01-08 06:00:00,10312.0,11585.0,10465.54,11205.396
2018-01-08 07:00:00,10977.0,11773.0,11100.857,11755.166
2018-01-08 08:00:00,11998.0,11949.0,12016.851,12598.452
2018-01-08 09:00:00,12515.0,11940.0,12588.345,13398.293
2018-01-08 10:00:00,12514.0,11891.0,12941.9,13650.966
2018-01-08 11:00:00,12522.0,11979.0,13085.032,13361.954
2018-01-08 12:00:00,12445.0,12096.0,13025.154,13163.693
2018-01-08 13:00:00,12315.0,12155.0,12933.592,13103.036
2018-01-08 14:00:00,12221.0,12131.0,12925.1,13032.947
2018-01-08 15:00:00,12175.0,12064.0,12937.259,12976.738
2018-01-08 16:00:00,12032.0,12053.0,12845.333,12864.731
2018-01-08 17:00:00,11992.0,12183.0,12984.768,12847.517
2018-01-08 18:00:00,12469.0,12926.0,13009.884,12670.861
2018-01-08 19:00:00,13199.0,13809.0,13382.533,13133.64
2018-01-08 20:00:00,13105.0,13858.0,13394.801,13161.558
2018-01-08 21:00:00,12981.0,13758.0,13251.155,12951.194
2018-01-08 22:00:00,12733.0,13627.0,13053.174,12809.928
2018-01-08 23:00:00,12240.0,13336.0,12501.981,12197.511
2018-01-09 00:00:00,11540.0,12816.0,11574.68,11579.703
2018-01-09 01:00:00,10891.0,12315.0,10966.875,10973.383
2018-01-09 02:00:00,10452.0,11981.0,10596.978,10696.173
2018-01-09 03:00:00,10180.0,11805.0,10313.877,10370.003
2018-01-09 04:00:00,10039.0,11684.0,10072.503,10103.165
2018-01-09 05:00:00,10075.0,11728.0,10149.049,10267.48
2018-01-09 06:00:00,10362.0,11991.0,10415.21,10462.555
2018-01-09 07:00:00,11023.0,12559.0,11246.399,11085.549
2018-01-09 08:00:00,12075.0,13379.0,12273.353,12126.162
2018-01-09 09:00:00,12602.0,13854.0,12552.051,12386.159
2018-01-09 10:00:00,12597.0,14040.0,12659.859,12619.595
2018-01-09 11:00:00,12636.0,14179.0,12639.997,12605.318
2018-01-09 12:00:00,12602.0,14241.0,12573.378,12582.102
2018-01-09 13:00:00,12450.0,14204.0,12574.479,12669.822
2018-01-09 14:00:00,12302.0,14138.0,12357.937,12678.594
2018-01-09 15:00:00,12236.0,14078.0,12369.065,12727.901
2018-01-09 16:00:00,12138.0,13984.0,12286.903,12722.122
2018-01-09 17:00:00,12162.0,14011.0,12405.8,12778.527
2018-01-09 18:00:00,12663.0,14614.0,12749.73,12952.1875
2018-01-09 19:00:00,13189.0,15405.0,13365.486,13560.923
2018-01-09 20:00:00,13064.0,15408.0,13369.794,13446.663
2018-01-09 21:00:00,12876.0,15246.0,13188.9375,13207.354
2018-01-09 22:00:00,12610.0,14933.0,12918.683,12941.934
2018-01-09 23:00:00,12137.0,14437.0,12396.669,12487.966
2018-01-10 00:00:00,11442.0,13704.0,11561.711,11446.522
2018-01-10 01:00:00,10814.0,12995.0,10863.425,10859.517
2018-01-10 02:00:00,10372.0,12494.0,10353.353,10356.408
2018-01-10 03:00:00,10134.0,12135.0,10049.1,10067.565
2018-01-10 04:00:00,9995.0,11901.0,9650.585,9796.403
2018-01-10 05:00:00,9945.0,11787.0,9573.526,9832.269
2018-01-10 06:00:00,10193.0,11923.0,9869.428,10198.729
2018-01-10 07:00:00,10793.0,12395.0,10637.609,11011.497
2018-01-10 08:00:00,11782.0,13135.0,11741.883,12105.663
2018-01-10 09:00:00,12305.0,13575.0,12200.083,12436.789
2018-01-10 10:00:00,12317.0,13753.0,12272.197,12549.676
2018-01-10 11:00:00,12357.0,13858.0,12224.511,12528.019
2018-01-10 12:00:00,12408.0,13913.0,12149.739,12487.06
2018-01-10 13:00:00,12350.0,13847.0,12100.64,12516.562
2018-01-10 14:00:00,12278.0,13802.0,12103.274,12515.972
2018-01-10 15:00:00,12219.0,13739.0,12131.212,12566.438
2018-01-10 16:00:00,12134.0,13672.0,11996.582,12587.228
2018-01-10 17:00:00,12086.0,13744.0,11970.751,12523.175
2018-01-10 18:00:00,12429.0,14294.0,12409.311,12779.454
2018-01-10 19:00:00,12673.0,14887.0,12688.959,13196.108
2018-01-10 20:00:00,12405.0,14866.0,12673.378,13223.026
2018-01-10 21:00:00,12141.0,14595.0,12429.961,13008.646
2018-01-10 22:00:00,11797.0,14314.0,12186.298,12706.785
2018-01-10 23:00:00,11256.0,13880.0,11673.85,12092.316
2018-01-11 00:00:00,10546.0,13234.0,10840.959,11141.674
2018-01-11 01:00:00,9886.0,12649.0,9979.189,10571.248
2018-01-11 02:00:00,9427.0,12250.0,9538.783,10113.475
2018-01-11 03:00:00,9110.0,12010.0,9160.836,9862.517
2018-01-11 04:00:00,8947.0,11867.0,8980.172,9632.523
2018-01-11 05:00:00,8919.0,11890.0,8872.529,9525.634
2018-01-11 06:00:00,9125.0,12099.0,9131.961,9838.8955
2018-01-11 07:00:00,9760.0,12669.0,9838.321,10627.764
2018-01-11 08:00:00,10694.0,13507.0,10688.76,11670.022
2018-01-11 09:00:00,11334.0,13939.0,11144.107,11982.943
2018-01-11 10:00:00,11396.0,14054.0,11384.2,12215.902
2018-01-11 11:00:00,11479.0,14022.0,11605.531,12238.361
2018-01-11 12:00:00,11528.0,14000.0,11831.312,12197.231
2018-01-11 13:00:00,11528.0,13915.0,11858.133,12188.962
2018-01-11 14:00:00,11527.0,13794.0,11863.197,12071.186
2018-01-11 15:00:00,11555.0,13721.0,11802.692,12045.26
2018-01-11 16:00:00,11470.0,13624.0,11719.179,12019.664
2018-01-11 17:00:00,11521.0,13607.0,11648.25,11983.488
2018-01-11 18:00:00,11955.0,14149.0,11743.828,11877.503
2018-01-11 19:00:00,12264.0,14906.0,11934.914,11969.567
2018-01-11 20:00:00,12242.0,14875.0,12250.106,12103.846
2018-01-11 21:00:00,12173.0,14735.0,12266.7705,12047.219
2018-01-11 22:00:00,12074.0,14518.0,12046.505,11843.302
2018-01-11 23:00:00,11750.0,14027.0,11695.992,11451.933
2018-01-12 00:00:00,11155.0,13453.0,10884.102,10695.145
2018-01-12 01:00:00,10608.0,12806.0,10407.309,10141.497
2018-01-12 02:00:00,10278.0,12388.0,10110.171,9626.736
2018-01-12 03:00:00,10093.0,12167.0,9957.972,9285.973
2018-01-12 04:00:00,10058.0,12032.0,9717.035,9138.671
2018-01-12 05:00:00,10071.0,12057.0,9675.099,9160.511
2018-01-12 06:00:00,10345.0,12243.0,9898.869,9274.788
2018-01-12 07:00:00,11055.0,12795.0,10333.245,10126.203
2018-01-12 08:00:00,12101.0,13647.0,11325.9795,11128.126
2018-01-12 09:00:00,12762.0,14065.0,12013.909,11713.305
2018-01-12 10:00:00,12967.0,14152.0,12157.106,12063.112
2018-01-12 11:00:00,13109.0,14135.0,12362.071,12360.107
2018-01-12 12:00:00,13232.0,14123.0,12410.916,12305.657
2018-01-12 13:00:00,13223.0,13998.0,12451.354,12267.83
2018-01-12 14:00:00,13221.0,13844.0,12373.635,12259.389
2018-01-12 15:00:00,13264.0,13765.0,12444.29,12416.51
2018-01-12 16:00:00,13175.0,13640.0,12449.097,12529.505
2018-01-12 17:00:00,13115.0,13628.0,12529.105,12639.342
2018-01-12 18:00:00,13425.0,14143.0,12787.7295,12725.3125
2018-01-12 19:00:00,13868.0,14785.0,13310.379,13171.821
2018-01-12 20:00:00,13749.0,14783.0,13317.174,13244.38
2018-01-12 21:00:00,13550.0,14628.0,13259.182,13226.739
2018-01-12 22:00:00,13321.0,14418.0,13118.675,13201.469
2018-01-12 23:00:00,12985.0,14072.0,12891.739,12917.134
2018-01-13 00:00:00,12391.0,13426.0,12010.582,12100.438
2018-01-13 01:00:00,11805.0,12846.0,11451.368,11291.309
2018-01-13 02:00:00,11415.0,12423.0,11069.457,10869.801
2018-01-13 03:00:00,11171.0,12167.0,10878.218,10382.265
2018-01-13 04:00:00,11024.0,12013.0,10651.039,10088.28
2018-01-13 05:00:00,10992.0,11970.0,10827.293,10096.415
2018-01-13 06:00:00,11143.0,12032.0,11077.041,10430.877
2018-01-13 07:00:00,11467.0,12306.0,11371.26,10783.3545
2018-01-13 08:00:00,11884.0,12691.0,12096.914,11438.893
2018-01-13 09:00:00,12150.0,12900.0,12141.475,11707.844
2018-01-13 10:00:00,12231.0,13008.0,12295.775,11840.489
2018-01-13 11:00:00,12245.0,13060.0,12354.216,12048.735
2018-01-13 12:00:00,12191.0,12967.0,12302.85,12207.763
2018-01-13 13:00:00,12210.0,12878.0,12247.631,12197.252
2018-01-13 14:00:00,12077.0,12630.0,12141.862,12316.484
2018-01-13 15:00:00,11848.0,12437.0,12068.833,12015.473
2018-01-13 16:00:00,11714.0,12235.0,12018.303,11888.675
2018-01-13 17:00:00,11765.0,12289.0,11913.514,11812.286
2018-01-13 18:00:00,12172.0,12814.0,12485.484,12338.3545
2018-01-13 19:00:00,12938.0,13630.0,13574.717,13098.661
2018-01-13 20:00:00,12928.0,13666.0,13594.5625,13236.582
2018-01-13 21:00:00,12830.0,13612.0,13534.005,13008.232
2018-01-13 22:00:00,12706.0,13461.0,13306.616,12851.285
2018-01-13 23:00:00,12483.0,13217.0,13029.705,12417.268
2018-01-14 00:00:00,12113.0,12725.0,12414.219,12203.651
2018-01-14 01:00:00,11673.0,12231.0,12111.948,11516.449
2018-01-14 02:00:00,11383.0,11820.0,11608.894,11166.3545
2018-01-14 03:00:00,11200.0,11560.0,11397.148,10976.89
2018-01-14 04:00:00,11063.0,11310.0,11152.663,10781.649
2018-01-14 05:00:00,11014.0,11230.0,11157.207,10719.02
2018-01-14 06:00:00,11049.0,11187.0,11441.021,10804.175
2018-01-14 07:00:00,11291.0,11306.0,11763.311,10897.273
2018-01-14 08:00:00,11567.0,11417.0,12025.517,11101.717
2018-01-14 09:00:00,11671.0,11507.0,11889.481,11277.08
2018-01-14 10:00:00,11656.0,11727.0,11749.288,11498.801
2018-01-14 11:00:00,11727.0,11890.0,11863.631,11589.094
2018-01-14 12:00:00,11812.0,12053.0,11934.24,11779.55
2018-01-14 13:00:00,11762.0,12111.0,11928.501,11740.852
2018-01-14 14:00:00,11746.0,12066.0,11812.718,11855.38
2018-01-14 15:00:00,11699.0,12002.0,11809.2705,11923.712
2018-01-14 16:00:00,11778.0,11988.0,11874.457,11751.7705
2018-01-14 17:00:00,11918.0,11992.0,11910.931,11891.772
2018-01-14 18:00:00,12467.0,12483.0,12384.8955,12254.915
2018-01-14 19:00:00,12986.0,12924.0,13456.0625,13150.949
2018-01-14 20:00:00,13004.0,12828.0,13474.776,13296.806
2018-01-14 21:00:00,12966.0,12607.0,13425.052,13134.813
2018-01-14 22:00:00,12738.0,12361.0,12990.948,12878.599
2018-01-14 23:00:00,12423.0,11982.0,12801.454,12709.591
2018-01-15 00:00:00,11942.0,11409.0,11963.596,12276.7295
2018-01-15 01:00:00,11433.0,10866.0,11386.8955,11639.834
2018-01-15 02:00:00,11170.0,10525.0,10922.41,11359.885
2018-01-15 03:00:00,10984.0,10254.0,10698.521,11014.731
2018-01-15 04:00:00,10789.0,10060.0,10652.687,10856.288
2018-01-15 05:00:00,10837.0,10099.0,10655.471,10867.571
2018-01-15 06:00:00,11060.0,10312.0,10833.565,11123.894
2018-01-15 07:00:00,11497.0,10977.0,11188.394,11378.083
2018-01-15 08:00:00,12318.0,11998.0,12486.641,12466.575
2018-01-15 09:00:00,12763.0,12515.0,13012.3125,13140.626
2018-01-15 10:00:00,12967.0,12514.0,13126.774,13330.726
2018-01-15 11:00:00,13168.0,12522.0,13051.914,13242.031
2018-01-15 12:00:00,13137.0,12445.0,12966.306,13089.431
2018-01-15 13:00:00,13149.0,12315.0,12977.619,13085.594
2018-01-15 14:00:00,13190.0,12221.0,12898.924,13148.123
2018-01-15 15:00:00,13298.0,12175.0,12975.371,13148.562
2018-01-15 16:00:00,13310.0,12032.0,13067.78,13366.958
2018-01-15 17:00:00,13342.0,11992.0,13251.909,13500.152
2018-01-15 18:00:00,13667.0,12469.0,13568.999,14109.649
2018-01-15 19:00:00,14304.0,13199.0,14259.637,14530.836
2018-01-15 20:00:00,14191.0,13105.0,14389.615,14479.118
2018-01-15 21:00:00,14006.0,12981.0,14388.212,14172.743
2018-01-15 22:00:00,13756.0,12733.0,14097.996,14042.896
2018-01-15 23:00:00,13260.0,12240.0,13754.838,13540.78
2018-01-16 00:00:00,12642.0,11540.0,12882.57,12542.808
2018-01-16 01:00:00,12073.0,10891.0,12272.109,11724.336
2018-01-16 02:00:00,11735.0,10452.0,11659.073,11424.177
2018-01-16 03:00:00,11559.0,10180.0,11389.917,11037.016
2018-01-16 04:00:00,11475.0,10039.0,11190.534,10973.4375
2018-01-16 05:00:00,11506.0,10075.0,11122.967,10996.698
2018-01-16 06:00:00,11684.0,10362.0,11058.682,11366.12
2018-01-16 07:00:00,12285.0,11023.0,11882.004,11893.42
2018-01-16 08:00:00,13219.0,12075.0,12927.764,12754.702
2018-01-16 09:00:00,13690.0,12602.0,13159.47,13377.606
2018-01-16 10:00:00,13687.0,12597.0,13288.22,13583.697
2018-01-16 11:00:00,13603.0,12636.0,13561.284,13683.423
2018-01-16 12:00:00,13511.0,12602.0,13543.951,13671.999
2018-01-16 13:00:00,13355.0,12450.0,13352.123,13561.549
2018-01-16 14:00:00,13110.0,12302.0,13280.388,13639.638
2018-01-16 15:00:00,13080.0,12236.0,13241.007,13546.942
2018-01-16 16:00:00,12958.0,12138.0,13190.372,13328.52
2018-01-16 17:00:00,12918.0,12162.0,13164.71,13295.967
2018-01-16 18:00:00,13319.0,12663.0,13589.959,13461.355
2018-01-16 19:00:00,14023.0,13189.0,14393.406,14034.126
2018-01-16 20:00:00,13992.0,13064.0,14425.438,14190.882
2018-01-16 21:00:00,13848.0,12876.0,14241.968,14166.07
2018-01-16 22:00:00,13586.0,12610.0,13926.211,13898.4
2018-01-16 23:00:00,13124.0,12137.0,13549.241,13387.302
2018-01-17 00:00:00,12487.0,11442.0,12939.109,12692.53
2018-01-17 01:00:00,11905.0,10814.0,12324.269,11955.831
2018-01-17 02:00:00,11578.0,10372.0,11858.704,11592.907
2018-01-17 03:00:00,11368.0,10134.0,11819.765,11239.928
2018-01-17 04:00:00,11326.0,9995.0,11777.95,11267.35
2018-01-17 05:00:00,11340.0,9945.0,11769.413,11235.403
2018-01-17 06:00:00,11593.0,10193.0,11960.473,11357.485
2018-01-17 07:00:00,12262.0,10793.0,12695.406,12068.986
2018-01-17 08:00:00,13351.0,11782.0,13513.422,13028.843
2018-01-17 09:00:00,13864.0,12305.0,13880.565,13386.789
2018-01-17 10:00:00,13798.0,12317.0,13928.777,13438.097
2018-01-17 11:00:00,13648.0,12357.0,13827.308,13578.91
2018-01-17 12:00:00,13572.0,12408.0,13648.183,13490.043
2018-01-17 13:00:00,13410.0,12350.0,13482.925,13427.117
2018-01-17 14:00:00,13279.0,12278.0,13335.594,13320.602
2018-01-17 15:00:00,13218.0,12219.0,13287.741,13233.004
2018-01-17 16:00:00,13098.0,12134.0,13203.204,13230.856
2018-01-17 17:00:00,13085.0,12086.0,13155.488,13229.809
2018-01-17 18:00:00,13484.0,12429.0,13495.783,13329.664
2018-01-17 19:00:00,14257.0,12673.0,14404.952,14062.769
2018-01-17 20:00:00,14244.0,12405.0,14312.905,14059.6
2018-01-17 21:00:00,14128.0,12141.0,14124.144,14008.159
2018-01-17 22:00:00,13848.0,11797.0,13731.038,13830.363
2018-01-17 23:00:00,13298.0,11256.0,13163.6455,13479.279
2018-01-18 00:00:00,12590.0,10546.0,12350.912,12618.588
2018-01-18 01:00:00,11968.0,9886.0,11597.994,11821.958
2018-01-18 02:00:00,11601.0,9427.0,11216.129,11450.602
2018-01-18 03:00:00,11363.0,9110.0,11041.038,11025.621
2018-01-18 04:00:00,11239.0,8947.0,10946.738,10809.274
2018-01-18 05:00:00,11195.0,8919.0,10923.525,10791.808
2018-01-18 06:00:00,11476.0,9125.0,11088.613,11019.435
2018-01-18 07:00:00,12074.0,9760.0,11888.521,12021.161
2018-01-18 08:00:00,13134.0,10694.0,12817.461,12780.827
2018-01-18 09:00:00,13549.0,11334.0,13390.178,13315.373
2018-01-18 10:00:00,13483.0,11396.0,13380.283,13438.621
2018-01-18 11:00:00,13353.0,11479.0,13295.214,13545.213
2018-01-18 12:00:00,13253.0,11528.0,13264.528,13459.718
2018-01-18 13:00:00,13018.0,11528.0,13221.427,13466.218
2018-01-18 14:00:00,12850.0,11527.0,13104.828,13344.788
2018-01-18 15:00:00,12734.0,11555.0,13189.573,13251.434
2018-01-18 16:00:00,12588.0,11470.0,13085.792,13167.091
2018-01-18 17:00:00,12527.0,11521.0,13079.122,13124.192
2018-01-18 18:00:00,12846.0,11955.0,13347.967,13316.47
2018-01-18 19:00:00,13572.0,12264.0,13805.4795,13844.944
2018-01-18 20:00:00,13496.0,12242.0,13843.802,13913.242
2018-01-18 21:00:00,13306.0,12173.0,13620.317,13792.281
2018-01-18 22:00:00,13001.0,12074.0,13365.95,13574.438
2018-01-18 23:00:00,12454.0,11750.0,12834.73,13080.052
2018-01-19 00:00:00,11745.0,11155.0,12094.954,12150.434
2018-01-19 01:00:00,11099.0,10608.0,11431.535,11436.464
2018-01-19 02:00:00,10726.0,10278.0,10829.991,11025.982
2018-01-19 03:00:00,10482.0,10093.0,10644.559,10764.924
2018-01-19 04:00:00,10362.0,10058.0,10483.087,10627.353
2018-01-19 05:00:00,10375.0,10071.0,10474.683,10635.294
2018-01-19 06:00:00,10604.0,10345.0,10816.79,11074.544
2018-01-19 07:00:00,11245.0,11055.0,11419.65,11641.383
2018-01-19 08:00:00,12284.0,12101.0,12466.27,12565.987
2018-01-19 09:00:00,12667.0,12762.0,12783.941,12925.002
2018-01-19 10:00:00,12586.0,12967.0,12771.858,12946.249
2018-01-19 11:00:00,12502.0,13109.0,12803.658,12865.605
2018-01-19 12:00:00,12432.0,13232.0,12624.755,12780.773
2018-01-19 13:00:00,12291.0,13223.0,12510.095,12696.234
2018-01-19 14:00:00,12148.0,13221.0,12376.314,12691.54
2018-01-19 15:00:00,12111.0,13264.0,12390.987,12769.898
2018-01-19 16:00:00,11961.0,13175.0,12279.6,12558.924
2018-01-19 17:00:00,11851.0,13115.0,12243.67,12531.218
2018-01-19 18:00:00,12244.0,13425.0,12537.68,12631.975
2018-01-19 19:00:00,12851.0,13868.0,13134.347,13156.042
2018-01-19 20:00:00,12729.0,13749.0,13094.704,13213.428
2018-01-19 21:00:00,12444.0,13550.0,12865.6455,13074.204
2018-01-19 22:00:00,12132.0,13321.0,12545.723,12764.57
2018-01-19 23:00:00,11692.0,12985.0,12061.395,12297.459
2018-01-20 00:00:00,11073.0,12391.0,11204.889,11541.244
2018-01-20 01:00:00,10423.0,11805.0,10592.503,10790.459
2018-01-20 02:00:00,10067.0,11415.0,10035.507,10335.24
2018-01-20 03:00:00,9756.0,11171.0,9840.19,10071.997
2018-01-20 04:00:00,9533.0,11024.0,9646.586,9907.173
2018-01-20 05:00:00,9498.0,10992.0,9631.789,9883.633
2018-01-20 06:00:00,9527.0,11143.0,9748.104,9938.247
2018-01-20 07:00:00,9895.0,11467.0,10169.55,10245.677
2018-01-20 08:00:00,10316.0,11884.0,10558.819,10488.52
2018-01-20 09:00:00,10565.0,12150.0,10655.782,10659.818
2018-01-20 10:00:00,10681.0,12231.0,10794.547,10743.083
2018-01-20 11:00:00,10698.0,12245.0,10876.154,10874.677
2018-01-20 12:00:00,10682.0,12191.0,10850.462,11164.605
2018-01-20 13:00:00,10505.0,12210.0,10817.778,11076.1455
2018-01-20 14:00:00,10357.0,12077.0,10803.018,11024.374
2018-01-20 15:00:00,10077.0,11848.0,10750.892,10974.222
2018-01-20 16:00:00,9976.0,11714.0,10606.313,10985.97
2018-01-20 17:00:00,9917.0,11765.0,10624.118,11048.545
2018-01-20 18:00:00,10296.0,12172.0,10968.01,11074.752
2018-01-20 19:00:00,10962.0,12938.0,11612.542,11447.6045
2018-01-20 20:00:00,10997.0,12928.0,11626.068,11545.0
2018-01-20 21:00:00,10849.0,12830.0,11435.1045,11334.924
2018-01-20 22:00:00,10657.0,12706.0,11056.809,11336.882
2018-01-20 23:00:00,10377.0,12483.0,10824.117,11213.455
2018-01-21 00:00:00,9920.0,12113.0,10097.903,10239.594
2018-01-21 01:00:00,9446.0,11673.0,9496.587,9784.638
2018-01-21 02:00:00,9108.0,11383.0,9129.889,9469.197
2018-01-21 03:00:00,8875.0,11200.0,8970.316,9310.013
2018-01-21 04:00:00,8706.0,11063.0,8741.074,9233.673
2018-01-21 05:00:00,8674.0,11014.0,8701.925,9195.768
2018-01-21 06:00:00,8669.0,11049.0,8653.721,9065.274
2018-01-21 07:00:00,8876.0,11291.0,8850.771,9137.302
2018-01-21 08:00:00,9117.0,11567.0,9280.472,9455.491
2018-01-21 09:00:00,9283.0,11671.0,9542.281,9608.028
2018-01-21 10:00:00,9494.0,11656.0,9668.293,9744.03
2018-01-21 11:00:00,9741.0,11727.0,9527.499,9961.576
2018-01-21 12:00:00,9916.0,11812.0,9641.946,10197.045
2018-01-21 13:00:00,10005.0,11762.0,9657.923,10118.28
2018-01-21 14:00:00,10044.0,11746.0,9584.739,10022.533
2018-01-21 15:00:00,10007.0,11699.0,9516.888,9975.399
2018-01-21 16:00:00,10087.0,11778.0,9480.854,9970.896
2018-01-21 17:00:00,10172.0,11918.0,9484.042,10069.238
2018-01-21 18:00:00,10550.0,12467.0,9872.694,10307.505
2018-01-21 19:00:00,11060.0,12986.0,10664.792,10533.988
2018-01-21 20:00:00,11011.0,13004.0,10622.708,10619.296
2018-01-21 21:00:00,10910.0,12966.0,10488.089,10587.701
2018-01-21 22:00:00,10621.0,12738.0,10229.959,10709.158
2018-01-21 23:00:00,10263.0,12423.0,10200.751,10546.711
2018-01-22 00:00:00,9769.0,11942.0,9816.857,10079.106
2018-01-22 01:00:00,9313.0,11433.0,9415.028,9573.442
2018-01-22 02:00:00,9022.0,11170.0,8891.086,9301.78
2018-01-22 03:00:00,8900.0,10984.0,8692.215,9307.765
2018-01-22 04:00:00,8788.0,10789.0,8711.449,9250.48
2018-01-22 05:00:00,8904.0,10837.0,8687.001,9214.051
2018-01-22 06:00:00,9173.0,11060.0,8827.415,9355.569
2018-01-22 07:00:00,9979.0,11497.0,9661.1455,10055.144
2018-01-22 08:00:00,10990.0,12318.0,10444.59,11313.854
2018-01-22 09:00:00,11673.0,12763.0,11008.883,11909.89
2018-01-22 10:00:00,11697.0,12967.0,11270.2705,12135.547
2018-01-22 11:00:00,11711.0,13168.0,11416.841,12071.86
2018-01-22 12:00:00,11779.0,13137.0,11453.699,11853.698
2018-01-22 13:00:00,11802.0,13149.0,11572.188,11880.245
2018-01-22 14:00:00,11751.0,13190.0,11725.595,11931.313
2018-01-22 15:00:00,11699.0,13298.0,11739.092,11943.133
2018-01-22 16:00:00,11449.0,13310.0,11617.446,11885.994
2018-01-22 17:00:00,11288.0,13342.0,11560.087,11795.855
2018-01-22 18:00:00,11536.0,13667.0,11744.154,11829.009
2018-01-22 19:00:00,12058.0,14304.0,12003.507,12020.645
2018-01-22 20:00:00,11968.0,14191.0,11941.493,11974.068
2018-01-22 21:00:00,11792.0,14006.0,11842.295,11934.431
2018-01-22 22:00:00,11555.0,13756.0,11763.041,11793.705
2018-01-22 23:00:00,11050.0,13260.0,11438.259,11460.74
2018-01-23 00:00:00,10434.0,12642.0,10617.555,10766.358
2018-01-23 01:00:00,9848.0,12073.0,10183.016,10224.199
2018-01-23 02:00:00,9512.0,11735.0,9802.184,9826.571
2018-01-23 03:00:00,9321.0,11559.0,9654.281,9676.116
2018-01-23 04:00:00,9226.0,11475.0,9499.322,9476.553
2018-01-23 05:00:00,9263.0,11506.0,9466.025,9524.473
2018-01-23 06:00:00,9596.0,11684.0,9682.796,9584.346
2018-01-23 07:00:00,10350.0,12285.0,10216.324,10233.233
2018-01-23 08:00:00,11495.0,13219.0,11351.056,11342.22
2018-01-23 09:00:00,12108.0,13690.0,12015.586,11769.206
2018-01-23 10:00:00,12210.0,13687.0,12084.644,12103.823
2018-01-23 11:00:00,12337.0,13603.0,12127.284,12169.906
2018-01-23 12:00:00,12491.0,13511.0,12152.454,12157.507
2018-01-23 13:00:00,12499.0,13355.0,12139.168,12197.268
2018-01-23 14:00:00,12485.0,13110.0,12204.572,12140.788
2018-01-23 15:00:00,12517.0,13080.0,12332.265,12115.056
2018-01-23 16:00:00,12445.0,12958.0,12168.876,12078.438
2018-01-23 17:00:00,12450.0,12918.0,12147.835,12173.083
2018-01-23 18:00:00,12698.0,13319.0,12408.032,12198.72
2018-01-23 19:00:00,13078.0,14023.0,12595.087,12450.685
2018-01-23 20:00:00,12911.0,13992.0,12608.553,12588.853
2018-01-23 21:00:00,12638.0,13848.0,12592.635,12593.757
2018-01-23 22:00:00,12358.0,13586.0,12579.354,12711.246
2018-01-23 23:00:00,11845.0,13124.0,12161.204,12444.968
2018-01-24 00:00:00,11177.0,12487.0,11145.1,11072.679
2018-01-24 01:00:00,10523.0,11905.0,10558.463,10387.474
2018-01-24 02:00:00,10156.0,11578.0,10086.503,9793.06
2018-01-24 03:00:00,9945.0,11368.0,9739.284,9521.533
2018-01-24 04:00:00,9804.0,11326.0,9620.71,9386.916
2018-01-24 05:00:00,9787.0,11340.0,9654.887,9529.246
2018-01-24 06:00:00,10080.0,11593.0,9860.144,9713.536
2018-01-24 07:00:00,10806.0,12262.0,10674.943,10567.412
2018-01-24 08:00:00,11844.0,13351.0,11862.833,11843.601
2018-01-24 09:00:00,12397.0,13864.0,12356.852,12454.291
2018-01-24 10:00:00,12467.0,13798.0,12502.736,12678.086
2018-01-24 11:00:00,12522.0,13648.0,12620.943,12637.484
2018-01-24 12:00:00,12620.0,13572.0,12570.059,12516.8545
2018-01-24 13:00:00,12631.0,13410.0,12559.502,12523.745
2018-01-24 14:00:00,12617.0,13279.0,12527.361,12527.111
2018-01-24 15:00:00,12675.0,13218.0,12520.347,12509.222
2018-01-24 16:00:00,12545.0,13098.0,12474.227,12449.815
2018-01-24 17:00:00,12470.0,13085.0,12489.793,12392.953
2018-01-24 18:00:00,12775.0,13484.0,12822.087,12677.605
2018-01-24 19:00:00,13194.0,14257.0,13396.122,13145.712
2018-01-24 20:00:00,13037.0,14244.0,13300.054,13178.938
2018-01-24 21:00:00,12869.0,14128.0,13144.354,12963.193
2018-01-24 22:00:00,12542.0,13848.0,12946.043,12729.307
2018-01-24 23:00:00,12072.0,13298.0,12393.81,12242.259
2018-01-25 00:00:00,11315.0,12590.0,11685.775,11426.463
2018-01-25 01:00:00,10742.0,11968.0,11058.493,10700.387
2018-01-25 02:00:00,10359.0,11601.0,10670.439,10307.753
2018-01-25 03:00:00,10161.0,11363.0,10305.9,9938.396
2018-01-25 04:00:00,10057.0,11239.0,10304.708,9787.271
2018-01-25 05:00:00,10036.0,11195.0,10326.298,9810.255
2018-01-25 06:00:00,10310.0,11476.0,10332.543,10028.052
2018-01-25 07:00:00,11010.0,12074.0,11044.264,10845.296
2018-01-25 08:00:00,12064.0,13134.0,12114.987,12110.682
2018-01-25 09:00:00,12515.0,13549.0,12521.517,12505.038
2018-01-25 10:00:00,12491.0,13483.0,12654.817,12710.538
2018-01-25 11:00:00,12371.0,13353.0,12602.586,12711.4
2018-01-25 12:00:00,12243.0,13253.0,12503.014,12736.459
2018-01-25 13:00:00,12086.0,13018.0,12428.353,12588.593
2018-01-25 14:00:00,11904.0,12850.0,12247.214,12471.491
2018-01-25 15:00:00,11814.0,12734.0,12179.553,12494.133
2018-01-25 16:00:00,11660.0,12588.0,12067.2295,12260.517
2018-01-25 17:00:00,11591.0,12527.0,12080.476,12283.329
2018-01-25 18:00:00,11812.0,12846.0,12660.706,12479.054
2018-01-25 19:00:00,12472.0,13572.0,13161.695,13087.959
2018-01-25 20:00:00,12459.0,13496.0,13056.633,13068.446
2018-01-25 21:00:00,12332.0,13306.0,12930.725,12900.198
2018-01-25 22:00:00,12061.0,13001.0,12621.973,12613.702
2018-01-25 23:00:00,11622.0,12454.0,12021.729,12093.677
2018-01-26 00:00:00,10935.0,11745.0,11238.189,11154.259
2018-01-26 01:00:00,10334.0,11099.0,10663.61,10589.401
2018-01-26 02:00:00,9956.0,10726.0,10125.819,10106.936
2018-01-26 03:00:00,9721.0,10482.0,9760.498,9834.557
2018-01-26 04:00:00,9587.0,10362.0,9501.677,9661.167
2018-01-26 05:00:00,9562.0,10375.0,9471.778,9661.167
2018-01-26 06:00:00,9810.0,10604.0,9841.008,10049.635
2018-01-26 07:00:00,10480.0,11245.0,10479.493,10749.786
2018-01-26 08:00:00,11508.0,12284.0,11546.283,11546.044
2018-01-26 09:00:00,11868.0,12667.0,11858.422,11986.086
2018-01-26 10:00:00,11846.0,12586.0,11891.799,12094.822
2018-01-26 11:00:00,11777.0,12502.0,11721.925,12101.867
2018-01-26 12:00:00,11746.0,12432.0,11793.13,11991.477
2018-01-26 13:00:00,11624.0,12291.0,11760.193,11898.409
2018-01-26 14:00:00,11550.0,12148.0,11671.48,11790.021
2018-01-26 15:00:00,11544.0,12111.0,11642.454,11673.553
2018-01-26 16:00:00,11510.0,11961.0,11554.614,11612.567
2018-01-26 17:00:00,11392.0,11851.0,11529.7705,11596.401
2018-01-26 18:00:00,11621.0,12244.0,11653.961,11627.733
2018-01-26 19:00:00,12087.0,12851.0,12004.071,12181.371
2018-01-26 20:00:00,11923.0,12729.0,11978.369,12307.009
2018-01-26 21:00:00,11711.0,12444.0,11792.457,12103.837
2018-01-26 22:00:00,11425.0,12132.0,11689.799,11969.855
2018-01-26 23:00:00,11000.0,11692.0,11390.699,11599.244
2018-01-27 00:00:00,10428.0,11073.0,10493.842,10804.286
2018-01-27 01:00:00,9836.0,10423.0,9900.995,10223.281
2018-01-27 02:00:00,9417.0,10067.0,9293.474,9860.423
2018-01-27 03:00:00,9124.0,9756.0,8958.229,9634.997
2018-01-27 04:00:00,8901.0,9533.0,8648.914,9488.621
2018-01-27 05:00:00,8757.0,9498.0,8610.657,9473.359
2018-01-27 06:00:00,8852.0,9527.0,8772.422,9575.995
2018-01-27 07:00:00,9070.0,9895.0,9078.433,9826.303
2018-01-27 08:00:00,9549.0,10316.0,9638.095,10100.335
2018-01-27 09:00:00,9825.0,10565.0,10003.106,10278.267
2018-01-27 10:00:00,10054.0,10681.0,10138.856,10288.315
2018-01-27 11:00:00,10130.0,10698.0,10216.936,10357.083
2018-01-27 12:00:00,10180.0,10682.0,10344.584,10534.1
2018-01-27 13:00:00,10025.0,10505.0,10227.506,10424.26
2018-01-27 14:00:00,9907.0,10357.0,10120.113,10434.437
2018-01-27 15:00:00,9671.0,10077.0,10061.524,10403.554
2018-01-27 16:00:00,9576.0,9976.0,9974.249,10382.239
2018-01-27 17:00:00,9532.0,9917.0,9922.556,10001.081
2018-01-27 18:00:00,9770.0,10296.0,10119.204,10277.143
2018-01-27 19:00:00,10489.0,10962.0,10719.694,10620.125
2018-01-27 20:00:00,10619.0,10997.0,10775.811,10753.625
2018-01-27 21:00:00,10540.0,10849.0,10683.729,10741.001
2018-01-27 22:00:00,10401.0,10657.0,10694.511,10672.427
2018-01-27 23:00:00,10191.0,10377.0,10553.264,10439.065
2018-01-28 00:00:00,9798.0,9920.0,10015.05,9936.747
2018-01-28 01:00:00,9405.0,9446.0,9545.997,9495.584
2018-01-28 02:00:00,9027.0,9108.0,9220.83,9098.69
2018-01-28 03:00:00,8857.0,8875.0,8892.713,8808.552
2018-01-28 04:00:00,8796.0,8706.0,8783.836,8673.274
2018-01-28 05:00:00,8730.0,8674.0,8821.273,8620.488
2018-01-28 06:00:00,8838.0,8669.0,8849.4795,8648.823
2018-01-28 07:00:00,8982.0,8876.0,8970.152,8760.088
2018-01-28 08:00:00,9331.0,9117.0,9227.744,9001.233
2018-01-28 09:00:00,9359.0,9283.0,9328.367,9160.981
2018-01-28 10:00:00,9504.0,9494.0,9354.084,9320.513
2018-01-28 11:00:00,9562.0,9741.0,9540.972,9597.309
2018-01-28 12:00:00,9619.0,9916.0,9626.729,9667.03
2018-01-28 13:00:00,9648.0,10005.0,9599.934,9668.127
2018-01-28 14:00:00,9693.0,10044.0,9638.058,9694.43
2018-01-28 15:00:00,9765.0,10007.0,9663.496,9610.429
2018-01-28 16:00:00,9938.0,10087.0,9689.675,9494.765
2018-01-28 17:00:00,10139.0,10172.0,9722.186,9510.743
2018-01-28 18:00:00,10555.0,10550.0,10286.057,9871.567
2018-01-28 19:00:00,11119.0,11060.0,10641.462,10470.722
2018-01-28 20:00:00,11175.0,11011.0,10869.426,10687.403
2018-01-28 21:00:00,11113.0,10910.0,10892.648,10842.817
2018-01-28 22:00:00,10938.0,10621.0,10887.667,10791.197
2018-01-28 23:00:00,10605.0,10263.0,10690.23,10734.173
2018-01-29 00:00:00,10201.0,9769.0,10147.1,10222.458
2018-01-29 01:00:00,9728.0,9313.0,9623.59,9788.518
2018-01-29 02:00:00,9499.0,9022.0,9404.219,9567.794
2018-01-29 03:00:00,9425.0,8900.0,9199.823,9290.712
2018-01-29 04:00:00,9377.0,8788.0,9138.278,9191.449
2018-01-29 05:00:00,9474.0,8904.0,9163.577,9236.244
2018-01-29 06:00:00,9785.0,9173.0,9407.146,9439.907
2018-01-29 07:00:00,10648.0,9979.0,10406.699,10433.761
2018-01-29 08:00:00,11785.0,10990.0,11571.529,11288.984
2018-01-29 09:00:00,12434.0,11673.0,12237.317,12044.568
2018-01-29 10:00:00,12545.0,11697.0,12470.236,12290.188
2018-01-29 11:00:00,12684.0,11711.0,12681.606,12387.901
2018-01-29 12:00:00,12780.0,11779.0,12712.2,12385.884
2018-01-29 13:00:00,12742.0,11802.0,12791.291,12422.918
2018-01-29 14:00:00,12670.0,11751.0,12777.831,12369.429
2018-01-29 15:00:00,12642.0,11699.0,12789.914,12409.485
2018-01-29 16:00:00,12606.0,11449.0,12736.094,12254.861
2018-01-29 17:00:00,12591.0,11288.0,12690.328,12297.395
2018-01-29 18:00:00,12795.0,11536.0,12840.327,12476.61
2018-01-29 19:00:00,13321.0,12058.0,13370.114,12686.714
2018-01-29 20:00:00,13247.0,11968.0,13470.605,12836.053
2018-01-29 21:00:00,13058.0,11792.0,13305.526,12842.902
2018-01-29 22:00:00,12794.0,11555.0,13106.373,12673.721
2018-01-29 23:00:00,12341.0,11050.0,12515.897,12091.143
2018-01-30 00:00:00,11699.0,10434.0,11800.176,11307.471
2018-01-30 01:00:00,11111.0,9848.0,11219.632,10811.265
2018-01-30 02:00:00,10802.0,9512.0,10794.091,10386.45
2018-01-30 03:00:00,10624.0,9321.0,10663.512,10090.19
2018-01-30 04:00:00,10509.0,9226.0,10621.403,10003.581
2018-01-30 05:00:00,10536.0,9263.0,10665.284,9999.652
2018-01-30 06:00:00,10833.0,9596.0,10871.566,10194.914
2018-01-30 07:00:00,11577.0,10350.0,11515.415,10858.4
2018-01-30 08:00:00,12643.0,11495.0,12609.826,12102.803
2018-01-30 09:00:00,13066.0,12108.0,12934.541,12658.116
2018-01-30 10:00:00,12949.0,12210.0,13000.609,12836.294
2018-01-30 11:00:00,12809.0,12337.0,13037.105,12892.391
2018-01-30 12:00:00,12749.0,12491.0,13006.196,12867.152
2018-01-30 13:00:00,12650.0,12499.0,12927.181,12795.907
2018-01-30 14:00:00,12445.0,12485.0,12816.038,12714.191
2018-01-30 15:00:00,12375.0,12517.0,12708.532,12711.635
2018-01-30 16:00:00,12399.0,12445.0,12605.945,12629.758
2018-01-30 17:00:00,12466.0,12450.0,12634.758,12627.74
2018-01-30 18:00:00,12814.0,12698.0,12929.635,12819.904
2018-01-30 19:00:00,13373.0,13078.0,13487.58,13379.117
2018-01-30 20:00:00,13268.0,12911.0,13447.622,13427.622
2018-01-30 21:00:00,13110.0,12638.0,13315.122,13331.08
2018-01-30 22:00:00,12771.0,12358.0,12948.599,12985.55
2018-01-30 23:00:00,12282.0,11845.0,12431.64,12691.072
2018-01-31 00:00:00,11646.0,11177.0,11735.949,11884.208
2018-01-31 01:00:00,10986.0,10523.0,11008.766,11134.846
2018-01-31 02:00:00,10603.0,10156.0,10461.587,10649.383
2018-01-31 03:00:00,10346.0,9945.0,10196.917,10412.899
2018-01-31 04:00:00,10183.0,9804.0,9983.789,10284.103
2018-01-31 05:00:00,10141.0,9787.0,9980.449,10291.954
2018-01-31 06:00:00,10400.0,10080.0,10299.116,10605.265
2018-01-31 07:00:00,11098.0,10806.0,11056.939,11507.057
2018-01-31 08:00:00,12151.0,11844.0,12175.266,12187.815
2018-01-31 09:00:00,12519.0,12397.0,12538.284,12561.065
2018-01-31 10:00:00,12494.0,12467.0,12496.635,12713.599
2018-01-31 11:00:00,12293.0,12522.0,12473.647,12704.992
2018-01-31 12:00:00,12322.0,12620.0,12321.287,12699.666
2018-01-31 13:00:00,12256.0,12631.0,12297.89,12683.214
2018-01-31 14:00:00,12132.0,12617.0,12219.303,12562.181
2018-01-31 15:00:00,12062.0,12675.0,12212.372,12616.515
2018-01-31 16:00:00,11975.0,12545.0,12133.904,12425.875
2018-01-31 17:00:00,11923.0,12470.0,12221.474,12457.427
2018-01-31 18:00:00,12144.0,12775.0,12653.57,12609.59
2018-01-31 19:00:00,12665.0,13194.0,13154.716,13187.041
2018-01-31 20:00:00,12597.0,13037.0,13150.071,13164.197
2018-01-31 21:00:00,12379.0,12869.0,13042.199,12931.177
2018-01-31 22:00:00,12114.0,12542.0,12779.64,12664.8545
2018-01-31 23:00:00,11614.0,12072.0,12118.911,12110.66
2018-02-01 00:00:00,10975.0,11315.0,11321.897,11310.155
2018-02-01 01:00:00,10355.0,10742.0,10680.137,10777.785
2018-02-01 02:00:00,9978.0,10359.0,10297.543,10301.181
2018-02-01 03:00:00,9803.0,10161.0,9959.341,10021.842
2018-02-01 04:00:00,9686.0,10057.0,9792.299,9870.849
2018-02-01 05:00:00,9720.0,10036.0,9784.734,9878.392
2018-02-01 06:00:00,10014.0,10310.0,10016.099,10074.102
2018-02-01 07:00:00,10772.0,11010.0,10759.127,10867.045
2018-02-01 08:00:00,11874.0,12064.0,11849.814,11722.598
2018-02-01 09:00:00,12451.0,12515.0,12212.504,12116.26
2018-02-01 10:00:00,12719.0,12491.0,12465.384,12256.629
2018-02-01 11:00:00,12582.0,12371.0,12473.497,12290.474
2018-02-01 12:00:00,12664.0,12243.0,12542.844,12277.027
2018-02-01 13:00:00,12623.0,12086.0,12601.472,12214.299
2018-02-01 14:00:00,12603.0,11904.0,12544.221,12219.328
2018-02-01 15:00:00,12553.0,11814.0,12470.1045,12187.99
2018-02-01 16:00:00,12522.0,11660.0,12416.099,12157.234
2018-02-01 17:00:00,12554.0,11591.0,12365.81,12182.004
2018-02-01 18:00:00,12927.0,11812.0,12538.8125,12394.765
2018-02-01 19:00:00,13665.0,12472.0,13269.214,12733.493
2018-02-01 20:00:00,13820.0,12459.0,13420.135,12835.086
2018-02-01 21:00:00,13700.0,12332.0,13150.098,12672.198
2018-02-01 22:00:00,13436.0,12061.0,13042.476,12800.103
2018-02-01 23:00:00,12994.0,11622.0,12836.196,12696.362
2018-02-02 00:00:00,12286.0,10935.0,12181.411,11540.458
2018-02-02 01:00:00,11743.0,10334.0,11430.452,10627.677
2018-02-02 02:00:00,11444.0,9956.0,11188.5625,10265.26
2018-02-02 03:00:00,11265.0,9721.0,11078.108,10197.087
2018-02-02 04:00:00,11140.0,9587.0,10875.904,10273.881
2018-02-02 05:00:00,11173.0,9562.0,10928.378,10326.987
2018-02-02 06:00:00,11408.0,9810.0,11093.354,10322.397
2018-02-02 07:00:00,12073.0,10480.0,11815.367,10985.529
2018-02-02 08:00:00,13050.0,11508.0,12725.766,12262.911
2018-02-02 09:00:00,13456.0,11868.0,13132.131,12722.189
2018-02-02 10:00:00,13509.0,11846.0,13091.337,13032.335
2018-02-02 11:00:00,13435.0,11777.0,13145.746,13306.518
2018-02-02 12:00:00,13414.0,11746.0,13094.797,13253.569
2018-02-02 13:00:00,13263.0,11624.0,13159.904,13262.145
2018-02-02 14:00:00,13099.0,11550.0,13055.895,13178.326
2018-02-02 15:00:00,12895.0,11544.0,12953.361,13147.968
2018-02-02 16:00:00,12719.0,11510.0,12866.885,13067.415
2018-02-02 17:00:00,12613.0,11392.0,12823.94,13042.128
2018-02-02 18:00:00,12852.0,11621.0,12952.117,13008.081
2018-02-02 19:00:00,13495.0,12087.0,13576.094,13535.75
2018-02-02 20:00:00,13527.0,11923.0,13635.632,13676.718
2018-02-02 21:00:00,13341.0,11711.0,13497.524,13589.903
2018-02-02 22:00:00,13102.0,11425.0,13366.019,13458.046
2018-02-02 23:00:00,12708.0,11000.0,12860.176,13114.631
2018-02-03 00:00:00,12069.0,10428.0,12255.787,12066.84
2018-02-03 01:00:00,11501.0,9836.0,11396.192,11518.014
2018-02-03 02:00:00,11038.0,9417.0,10962.035,11229.878
2018-02-03 03:00:00,10763.0,9124.0,10580.15,10528.236
2018-02-03 04:00:00,10509.0,8901.0,10360.702,10320.115
2018-02-03 05:00:00,10451.0,8757.0,10276.98,10209.613
2018-02-03 06:00:00,10492.0,8852.0,10449.231,10375.251
2018-02-03 07:00:00,10775.0,9070.0,10651.868,10580.042
2018-02-03 08:00:00,11188.0,9549.0,11007.473,10847.757
2018-02-03 09:00:00,11427.0,9825.0,11206.162,11415.162
2018-02-03 10:00:00,11689.0,10054.0,11297.025,11518.723
2018-02-03 11:00:00,11831.0,10130.0,11328.599,11710.278
2018-02-03 12:00:00,11881.0,10180.0,11316.904,11702.953
2018-02-03 13:00:00,11765.0,10025.0,11160.063,11482.732
2018-02-03 14:00:00,11643.0,9907.0,11022.319,11594.782
2018-02-03 15:00:00,11414.0,9671.0,11006.46,11610.741
2018-02-03 16:00:00,11253.0,9576.0,10900.896,11296.277
2018-02-03 17:00:00,11122.0,9532.0,10899.597,11322.606
2018-02-03 18:00:00,11254.0,9770.0,11502.111,11517.001
2018-02-03 19:00:00,11768.0,10489.0,12092.788,12195.619
2018-02-03 20:00:00,11845.0,10619.0,12027.901,12277.095
2018-02-03 21:00:00,11705.0,10540.0,11942.28,12083.8
2018-02-03 22:00:00,11522.0,10401.0,11779.434,11748.878
2018-02-03 23:00:00,11280.0,10191.0,11614.477,11759.7705
2018-02-04 00:00:00,10833.0,9798.0,10905.659,11268.153
2018-02-04 01:00:00,10330.0,9405.0,10418.722,10637.415
2018-02-04 02:00:00,9937.0,9027.0,9887.156,10236.446
2018-02-04 03:00:00,9638.0,8857.0,9560.846,9932.253
2018-02-04 04:00:00,9484.0,8796.0,9437.428,9902.96
2018-02-04 05:00:00,9418.0,8730.0,9365.67,9710.238
2018-02-04 06:00:00,9519.0,8838.0,9534.34,9744.77
2018-02-04 07:00:00,9684.0,8982.0,9640.537,9657.086
2018-02-04 08:00:00,10091.0,9331.0,9807.835,9787.892
2018-02-04 09:00:00,10275.0,9359.0,10099.867,9960.326
2018-02-04 10:00:00,10643.0,9504.0,10344.773,10188.536
2018-02-04 11:00:00,11021.0,9562.0,10509.897,10295.988
2018-02-04 12:00:00,11310.0,9619.0,10682.277,10368.341
2018-02-04 13:00:00,11459.0,9648.0,10692.87,10400.635
2018-02-04 14:00:00,11598.0,9693.0,10642.576,10409.36
2018-02-04 15:00:00,11636.0,9765.0,10707.827,10420.919
2018-02-04 16:00:00,11610.0,9938.0,10698.244,10413.164
2018-02-04 17:00:00,11610.0,10139.0,10651.138,10597.943
2018-02-04 18:00:00,11750.0,10555.0,11012.973,11026.863
2018-02-04 19:00:00,12356.0,11119.0,11815.833,11603.615
2018-02-04 20:00:00,12541.0,11175.0,12117.352,11987.137
2018-02-04 21:00:00,12444.0,11113.0,12039.564,11889.275
2018-02-04 22:00:00,12323.0,10938.0,11985.7705,11817.686
2018-02-04 23:00:00,12110.0,10605.0,11769.011,11628.926
2018-02-05 00:00:00,11715.0,10201.0,11746.102,11335.651
2018-02-05 01:00:00,11318.0,9728.0,11212.097,10714.945
2018-02-05 02:00:00,11098.0,9499.0,10857.868,10370.717
2018-02-05 03:00:00,10995.0,9425.0,10888.3955,9965.687
2018-02-05 04:00:00,10974.0,9377.0,10760.181,9985.521
2018-02-05 05:00:00,11108.0,9474.0,10725.229,10083.999
2018-02-05 06:00:00,11349.0,9785.0,11043.2,10261.227
2018-02-05 07:00:00,12178.0,10648.0,11791.082,11108.183
2018-02-05 08:00:00,13223.0,11785.0,13071.527,12432.161
2018-02-05 09:00:00,13649.0,12434.0,13630.056,13165.086
2018-02-05 10:00:00,13775.0,12545.0,13508.42,13687.59
2018-02-05 11:00:00,13739.0,12684.0,13536.891,13738.695
2018-02-05 12:00:00,13599.0,12780.0,13624.149,13686.298
2018-02-05 13:00:00,13517.0,12742.0,13611.643,13881.082
2018-02-05 14:00:00,13612.0,12670.0,13499.302,13718.244
2018-02-05 15:00:00,13676.0,12642.0,13505.891,13828.314
2018-02-05 16:00:00,13598.0,12606.0,13443.358,13709.361
2018-02-05 17:00:00,13573.0,12591.0,13409.862,13779.599
2018-02-05 18:00:00,13772.0,12795.0,13478.242,13733.615
2018-02-05 19:00:00,14292.0,13321.0,14302.196,14502.356
2018-02-05 20:00:00,14292.0,13247.0,14448.147,14675.152
2018-02-05 21:00:00,14103.0,13058.0,14316.613,14485.368
2018-02-05 22:00:00,13781.0,12794.0,14089.422,14362.166
2018-02-05 23:00:00,13236.0,12341.0,13478.478,13979.515
2018-02-06 00:00:00,12478.0,11699.0,12840.375,12977.705
2018-02-06 01:00:00,11845.0,11111.0,12006.097,12075.055
2018-02-06 02:00:00,11498.0,10802.0,11666.936,11672.355
2018-02-06 03:00:00,11288.0,10624.0,11507.81,11559.742
2018-02-06 04:00:00,11248.0,10509.0,11625.615,11540.435
2018-02-06 05:00:00,11227.0,10536.0,11658.167,11518.899
2018-02-06 06:00:00,11523.0,10833.0,11884.614,11671.598
2018-02-06 07:00:00,12155.0,11577.0,12176.116,12039.263
2018-02-06 08:00:00,13108.0,12643.0,13492.469,13364.674
2018-02-06 09:00:00,13445.0,13066.0,13831.406,13574.252
2018-02-06 10:00:00,13374.0,12949.0,13849.598,13614.018
2018-02-06 11:00:00,13253.0,12809.0,13582.871,13614.838
2018-02-06 12:00:00,13158.0,12749.0,13439.008,13622.399
2018-02-06 13:00:00,13001.0,12650.0,13368.599,13529.35
2018-02-06 14:00:00,12828.0,12445.0,13268.683,13486.954
2018-02-06 15:00:00,12801.0,12375.0,13174.733,13358.5625
2018-02-06 16:00:00,12742.0,12399.0,13125.67,13255.838
2018-02-06 17:00:00,12800.0,12466.0,13148.536,13232.605
2018-02-06 18:00:00,13037.0,12814.0,13341.424,13297.491
2018-02-06 19:00:00,13595.0,13373.0,13990.821,13881.648
2018-02-06 20:00:00,13675.0,13268.0,14051.178,13987.58
2018-02-06 21:00:00,13475.0,13110.0,13886.985,13895.634
2018-02-06 22:00:00,13177.0,12771.0,13566.9795,13651.489
2018-02-06 23:00:00,12670.0,12282.0,13041.516,13133.741
2018-02-07 00:00:00,11988.0,11646.0,12277.005,12238.755
2018-02-07 01:00:00,11402.0,10986.0,11548.464,11504.971
2018-02-07 02:00:00,11013.0,10603.0,11098.875,11228.219
2018-02-07 03:00:00,10805.0,10346.0,10816.532,11043.935
2018-02-07 04:00:00,10756.0,10183.0,10668.771,10708.27
2018-02-07 05:00:00,10770.0,10141.0,10668.271,10666.402
2018-02-07 06:00:00,11040.0,10400.0,11003.955,11201.888
2018-02-07 07:00:00,11705.0,11098.0,11609.564,11702.356
2018-02-07 08:00:00,12700.0,12151.0,12863.804,12668.233
2018-02-07 09:00:00,13080.0,12519.0,13213.796,13121.658
2018-02-07 10:00:00,13186.0,12494.0,13240.498,13068.667
2018-02-07 11:00:00,13132.0,12293.0,13194.533,13122.836
2018-02-07 12:00:00,13155.0,12322.0,13156.733,13071.852
2018-02-07 13:00:00,13071.0,12256.0,13060.226,13043.924
2018-02-07 14:00:00,13022.0,12132.0,12968.635,13017.7295
2018-02-07 15:00:00,12918.0,12062.0,12905.182,13017.766
2018-02-07 16:00:00,12884.0,11975.0,12837.6875,12979.895
2018-02-07 17:00:00,12976.0,11923.0,12801.764,12952.61
2018-02-07 18:00:00,13251.0,12144.0,12976.027,13031.592
2018-02-07 19:00:00,13778.0,12665.0,13766.48,13619.829
2018-02-07 20:00:00,13877.0,12597.0,13839.794,13681.796
2018-02-07 21:00:00,13710.0,12379.0,13759.674,13489.879
2018-02-07 22:00:00,13471.0,12114.0,13663.92,13340.546
2018-02-07 23:00:00,12966.0,11614.0,13229.886,12995.924
2018-02-08 00:00:00,12298.0,10975.0,12930.819,12161.597
2018-02-08 01:00:00,11729.0,10355.0,12269.122,11331.459
2018-02-08 02:00:00,11412.0,9978.0,11966.065,10977.512
2018-02-08 03:00:00,11223.0,9803.0,11722.742,10633.773
2018-02-08 04:00:00,11128.0,9686.0,11665.408,10604.765
2018-02-08 05:00:00,11156.0,9720.0,11643.94,10596.122
2018-02-08 06:00:00,11378.0,10014.0,11757.571,10952.825
2018-02-08 07:00:00,12014.0,10772.0,12164.7,11758.235
2018-02-08 08:00:00,12988.0,11874.0,13167.371,12776.416
2018-02-08 09:00:00,13400.0,12451.0,13609.867,13186.218
2018-02-08 10:00:00,13492.0,12719.0,13618.37,13255.516
2018-02-08 11:00:00,13485.0,12582.0,13511.03,13358.945
2018-02-08 12:00:00,13427.0,12664.0,13366.189,13342.584
2018-02-08 13:00:00,13168.0,12623.0,13315.4375,13264.071
2018-02-08 14:00:00,12967.0,12603.0,13173.549,13206.056
2018-02-08 15:00:00,12912.0,12553.0,13097.682,13160.794
2018-02-08 16:00:00,12866.0,12522.0,13061.723,13063.242
2018-02-08 17:00:00,12813.0,12554.0,13027.044,13090.493
2018-02-08 18:00:00,13010.0,12927.0,13233.261,13171.194
2018-02-08 19:00:00,13544.0,13665.0,13951.958,13828.27
2018-02-08 20:00:00,13643.0,13820.0,14002.835,13980.326
2018-02-08 21:00:00,13464.0,13700.0,13912.067,13866.389
2018-02-08 22:00:00,13180.0,13436.0,13643.509,13670.05
2018-02-08 23:00:00,12670.0,12994.0,13085.162,13164.13
2018-02-09 00:00:00,11974.0,12286.0,12169.658,12351.479
2018-02-09 01:00:00,11362.0,11743.0,11466.979,11663.194
2018-02-09 02:00:00,10973.0,11444.0,10922.825,11260.987
2018-02-09 03:00:00,10686.0,11265.0,10650.177,11054.013
2018-02-09 04:00:00,10534.0,11140.0,10559.012,10958.143
2018-02-09 05:00:00,10502.0,11173.0,10549.031,10992.256
2018-02-09 06:00:00,10670.0,11408.0,10697.864,11049.016
2018-02-09 07:00:00,11136.0,12073.0,11384.939,11740.655
2018-02-09 08:00:00,11797.0,13050.0,12398.064,12859.316
2018-02-09 09:00:00,12074.0,13456.0,12759.074,13197.356
2018-02-09 10:00:00,12436.0,13509.0,12832.869,13078.149
2018-02-09 11:00:00,12622.0,13435.0,12945.929,13056.366
2018-02-09 12:00:00,12758.0,13414.0,12855.217,12904.742
2018-02-09 13:00:00,12804.0,13263.0,12792.35,12742.638
2018-02-09 14:00:00,12796.0,13099.0,12707.038,12683.421
2018-02-09 15:00:00,12733.0,12895.0,12640.155,12663.371
2018-02-09 16:00:00,12596.0,12719.0,12576.478,12588.003
2018-02-09 17:00:00,12522.0,12613.0,12533.958,12543.878
2018-02-09 18:00:00,12595.0,12852.0,12662.149,12622.061
2018-02-09 19:00:00,13138.0,13495.0,13179.071,13275.238
2018-02-09 20:00:00,13139.0,13527.0,13268.433,13385.322
2018-02-09 21:00:00,12884.0,13341.0,13187.546,13239.072
2018-02-09 22:00:00,12596.0,13102.0,12930.241,12960.89
2018-02-09 23:00:00,12228.0,12708.0,12451.106,12497.453
2018-02-10 00:00:00,11611.0,12069.0,11741.519,11595.389
2018-02-10 01:00:00,11062.0,11501.0,11126.963,11008.849
2018-02-10 02:00:00,10683.0,11038.0,10590.815,10579.98
2018-02-10 03:00:00,10479.0,10763.0,10350.903,10307.883
2018-02-10 04:00:00,10305.0,10509.0,10258.91,10180.761
2018-02-10 05:00:00,10294.0,10451.0,10260.476,10141.872
2018-02-10 06:00:00,10433.0,10492.0,10252.9,10166.12
2018-02-10 07:00:00,10740.0,10775.0,10459.439,10316.277
2018-02-10 08:00:00,11125.0,11188.0,10859.526,10751.226
2018-02-10 09:00:00,11300.0,11427.0,11079.4795,11110.317
2018-02-10 10:00:00,11671.0,11689.0,11374.611,11310.361
2018-02-10 11:00:00,11887.0,11831.0,11474.395,11132.409
2018-02-10 12:00:00,11906.0,11881.0,11429.515,11132.788
2018-02-10 13:00:00,11862.0,11765.0,11390.539,11149.219
2018-02-10 14:00:00,11712.0,11643.0,11263.675,11296.599
2018-02-10 15:00:00,11555.0,11414.0,11237.189,11292.854
2018-02-10 16:00:00,11428.0,11253.0,11127.467,11230.125
2018-02-10 17:00:00,11424.0,11122.0,11168.356,11225.755
2018-02-10 18:00:00,11589.0,11254.0,11711.312,11530.645
2018-02-10 19:00:00,12123.0,11768.0,12204.3955,11922.489
2018-02-10 20:00:00,12328.0,11845.0,12211.15,12106.018
2018-02-10 21:00:00,12198.0,11705.0,12059.654,12047.527
2018-02-10 22:00:00,11978.0,11522.0,11935.517,11929.461
2018-02-10 23:00:00,11669.0,11280.0,11562.659,11571.674
2018-02-11 00:00:00,11140.0,10833.0,11132.181,11184.421
2018-02-11 01:00:00,10794.0,10330.0,10574.676,10635.896
2018-02-11 02:00:00,10443.0,9937.0,10271.749,10376.267
2018-02-11 03:00:00,10244.0,9638.0,10060.936,10112.975
2018-02-11 04:00:00,10099.0,9484.0,9905.501,10010.967
2018-02-11 05:00:00,10051.0,9418.0,9857.403,9952.925
2018-02-11 06:00:00,10082.0,9519.0,9869.669,9961.538
2018-02-11 07:00:00,10252.0,9684.0,9936.702,10050.251
2018-02-11 08:00:00,10451.0,10091.0,10148.845,10290.821
2018-02-11 09:00:00,10489.0,10275.0,10322.295,10514.466
2018-02-11 10:00:00,10749.0,10643.0,10724.0625,10714.139
2018-02-11 11:00:00,10969.0,11021.0,11044.192,10963.039
2018-02-11 12:00:00,11056.0,11310.0,11198.836,11075.381
2018-02-11 13:00:00,11041.0,11459.0,11204.65,11134.712
2018-02-11 14:00:00,11072.0,11598.0,11266.897,11093.43
2018-02-11 15:00:00,11028.0,11636.0,11204.556,11078.833
2018-02-11 16:00:00,10924.0,11610.0,11204.467,11067.587
2018-02-11 17:00:00,10847.0,11610.0,11371.042,11173.165
2018-02-11 18:00:00,11217.0,11750.0,11603.604,11495.549
2018-02-11 19:00:00,11953.0,12356.0,12304.536,12009.23
2018-02-11 20:00:00,12468.0,12541.0,12484.285,12198.671
2018-02-11 21:00:00,12327.0,12444.0,12499.1455,12228.862
2018-02-11 22:00:00,12249.0,12323.0,12411.852,12228.481
2018-02-11 23:00:00,11940.0,12110.0,12285.651,11900.761
2018-02-12 00:00:00,11453.0,11715.0,11672.052,11233.235
2018-02-12 01:00:00,11045.0,11318.0,11332.7,10796.197
2018-02-12 02:00:00,10827.0,11098.0,10988.354,10525.234
2018-02-12 03:00:00,10643.0,10995.0,10732.864,10447.514
2018-02-12 04:00:00,10623.0,10974.0,10745.449,10442.357
2018-02-12 05:00:00,10707.0,11108.0,10775.546,10293.693
2018-02-12 06:00:00,10993.0,11349.0,10997.267,10548.574
2018-02-12 07:00:00,11719.0,12178.0,11701.723,11399.367
2018-02-12 08:00:00,12739.0,13223.0,12777.256,12464.33
2018-02-12 09:00:00,13059.0,13649.0,13169.842,13058.286
2018-02-12 10:00:00,13053.0,13775.0,13273.173,13376.381
2018-02-12 11:00:00,12894.0,13739.0,13225.367,13397.943
2018-02-12 12:00:00,12789.0,13599.0,13286.027,13251.197
2018-02-12 13:00:00,12663.0,13517.0,13288.336,13276.835
2018-02-12 14:00:00,12586.0,13612.0,13264.768,13201.835
2018-02-12 15:00:00,12495.0,13676.0,13235.074,13126.821
2018-02-12 16:00:00,12385.0,13598.0,13113.396,12921.463
2018-02-12 17:00:00,12394.0,13573.0,13111.317,12928.824
2018-02-12 18:00:00,12611.0,13772.0,13254.012,13065.148
2018-02-12 19:00:00,13184.0,14292.0,13802.436,13642.59
2018-02-12 20:00:00,13436.0,14292.0,13896.524,13743.992
2018-02-12 21:00:00,13300.0,14103.0,13869.295,13738.445
2018-02-12 22:00:00,13090.0,13781.0,13591.8,13471.463
2018-02-12 23:00:00,12634.0,13236.0,13148.236,12788.036
2018-02-13 00:00:00,11966.0,12478.0,12177.065,12085.947
2018-02-13 01:00:00,11347.0,11845.0,11815.79,11292.521
2018-02-13 02:00:00,11011.0,11498.0,11174.6,10954.994
2018-02-13 03:00:00,10852.0,11288.0,11005.492,10787.19
2018-02-13 04:00:00,10736.0,11248.0,11126.278,10737.22
2018-02-13 05:00:00,10747.0,11227.0,11163.977,10890.727
2018-02-13 06:00:00,10989.0,11523.0,11327.788,11004.374
2018-02-13 07:00:00,11636.0,12155.0,11816.881,11654.805
2018-02-13 08:00:00,12590.0,13108.0,12845.994,12696.162
2018-02-13 09:00:00,12935.0,13445.0,13152.653,12946.724
2018-02-13 10:00:00,13070.0,13374.0,13098.226,12974.489
2018-02-13 11:00:00,13079.0,13253.0,13139.7705,13014.916
2018-02-13 12:00:00,13008.0,13158.0,13212.842,13131.307
2018-02-13 13:00:00,12808.0,13001.0,13175.803,13060.813
2018-02-13 14:00:00,12617.0,12828.0,13014.846,12972.245
2018-02-13 15:00:00,12451.0,12801.0,12952.963,13022.09
2018-02-13 16:00:00,12339.0,12742.0,12896.043,12767.021
2018-02-13 17:00:00,12250.0,12800.0,12941.012,12749.823
2018-02-13 18:00:00,12293.0,13037.0,13039.02,13023.591
2018-02-13 19:00:00,12735.0,13595.0,13508.861,13362.844
2018-02-13 20:00:00,13003.0,13675.0,13595.005,13584.452
2018-02-13 21:00:00,12870.0,13475.0,13428.456,13381.751
2018-02-13 22:00:00,12653.0,13177.0,13198.175,13099.096
2018-02-13 23:00:00,12185.0,12670.0,12670.052,12589.927
2018-02-14 00:00:00,11516.0,11988.0,11748.833,11838.84
2018-02-14 01:00:00,10896.0,11402.0,11173.206,11185.139
2018-02-14 02:00:00,10512.0,11013.0,10706.964,10899.361
2018-02-14 03:00:00,10284.0,10805.0,10510.795,10706.75
2018-02-14 04:00:00,10145.0,10756.0,10447.561,10682.379
2018-02-14 05:00:00,10125.0,10770.0,10448.888,10619.929
2018-02-14 06:00:00,10391.0,11040.0,10631.561,10869.276
2018-02-14 07:00:00,11081.0,11705.0,11306.197,11411.454
2018-02-14 08:00:00,12054.0,12700.0,12430.397,12428.974
2018-02-14 09:00:00,12352.0,13080.0,12614.081,12722.016
2018-02-14 10:00:00,12276.0,13186.0,12766.461,12731.081
2018-02-14 11:00:00,12103.0,13132.0,12708.001,12652.244
2018-02-14 12:00:00,11997.0,13155.0,12591.854,12567.689
2018-02-14 13:00:00,11905.0,13071.0,12517.447,12427.118
2018-02-14 14:00:00,11746.0,13022.0,12394.254,12394.781
2018-02-14 15:00:00,11674.0,12918.0,12323.971,12330.754
2018-02-14 16:00:00,11585.0,12884.0,12297.068,12210.684
2018-02-14 17:00:00,11613.0,12976.0,12286.97,12263.665
2018-02-14 18:00:00,11818.0,13251.0,12369.932,12512.291
2018-02-14 19:00:00,12307.0,13778.0,12770.227,12871.718
2018-02-14 20:00:00,12386.0,13877.0,12808.702,12999.873
2018-02-14 21:00:00,12197.0,13710.0,12699.719,12817.846
2018-02-14 22:00:00,11908.0,13471.0,12549.208,12597.561
2018-02-14 23:00:00,11428.0,12966.0,11825.793,11898.398
2018-02-15 00:00:00,10725.0,12298.0,11161.219,11133.46
2018-02-15 01:00:00,10106.0,11729.0,10460.883,10583.719
2018-02-15 02:00:00,9686.0,11412.0,9972.739,10285.451
2018-02-15 03:00:00,9428.0,11223.0,9572.436,9989.111
2018-02-15 04:00:00,9287.0,11128.0,9417.453,9776.554
2018-02-15 05:00:00,9266.0,11156.0,9387.243,9774.695
2018-02-15 06:00:00,9486.0,11378.0,9599.625,9985.802
2018-02-15 07:00:00,10182.0,12014.0,10587.801,10756.207
2018-02-15 08:00:00,11219.0,12988.0,11597.647,11712.86
2018-02-15 09:00:00,11621.0,13400.0,11970.494,11974.655
2018-02-15 10:00:00,11818.0,13492.0,12080.101,12231.474
2018-02-15 11:00:00,11872.0,13485.0,12076.112,12286.697
2018-02-15 12:00:00,11871.0,13427.0,12065.105,12242.599
2018-02-15 13:00:00,11822.0,13168.0,12023.105,12131.161
2018-02-15 14:00:00,11665.0,12967.0,11822.638,11950.32
2018-02-15 15:00:00,11634.0,12912.0,11804.26,11910.146
2018-02-15 16:00:00,11480.0,12866.0,11672.742,11803.726
2018-02-15 17:00:00,11414.0,12813.0,11664.141,11778.84
2018-02-15 18:00:00,11533.0,13010.0,11835.3125,11831.933
2018-02-15 19:00:00,12002.0,13544.0,12216.514,12251.931
2018-02-15 20:00:00,12082.0,13643.0,12275.496,12311.864
2018-02-15 21:00:00,11904.0,13464.0,12120.698,12086.2705
2018-02-15 22:00:00,11659.0,13180.0,11990.479,11900.253
2018-02-15 23:00:00,11220.0,12670.0,11464.71,11563.262
2018-02-16 00:00:00,10538.0,11974.0,10679.105,10790.346
2018-02-16 01:00:00,9995.0,11362.0,10048.254,10206.951
2018-02-16 02:00:00,9673.0,10973.0,9533.193,9626.718
2018-02-16 03:00:00,9478.0,10686.0,9266.739,9322.819
2018-02-16 04:00:00,9367.0,10534.0,9054.844,9115.81
2018-02-16 05:00:00,9360.0,10502.0,9166.208,9112.001
2018-02-16 06:00:00,9641.0,10670.0,9426.815,9328.224
2018-02-16 07:00:00,10323.0,11136.0,10105.677,10081.971
2018-02-16 08:00:00,11334.0,11797.0,11236.054,11191.898
2018-02-16 09:00:00,11788.0,12074.0,11669.645,11549.65
2018-02-16 10:00:00,12005.0,12436.0,11809.456,11812.131
2018-02-16 11:00:00,12135.0,12622.0,11889.1045,11969.225
2018-02-16 12:00:00,12101.0,12758.0,11937.947,11976.656
2018-02-16 13:00:00,11884.0,12804.0,11830.283,11907.846
2018-02-16 14:00:00,11719.0,12796.0,11755.427,11806.253
2018-02-16 15:00:00,11621.0,12733.0,11730.766,11778.612
2018-02-16 16:00:00,11474.0,12596.0,11749.386,11670.931
2018-02-16 17:00:00,11329.0,12522.0,11677.177,11547.444
2018-02-16 18:00:00,11430.0,12595.0,11827.428,11650.244
2018-02-16 19:00:00,11975.0,13138.0,12300.556,11962.564
2018-02-16 20:00:00,12368.0,13139.0,12396.154,12014.117
2018-02-16 21:00:00,12287.0,12884.0,12443.494,11959.384
2018-02-16 22:00:00,12095.0,12596.0,12432.27,11848.32
2018-02-16 23:00:00,11829.0,12228.0,12267.684,11354.051
2018-02-17 00:00:00,11282.0,11611.0,11584.629,10913.99
2018-02-17 01:00:00,10823.0,11062.0,10894.278,10201.784
2018-02-17 02:00:00,10421.0,10683.0,10553.721,9699.07
2018-02-17 03:00:00,10280.0,10479.0,10151.514,9416.414
2018-02-17 04:00:00,10122.0,10305.0,9849.099,9267.903
2018-02-17 05:00:00,10123.0,10294.0,9952.869,9226.573
2018-02-17 06:00:00,10176.0,10433.0,10090.791,9307.979
2018-02-17 07:00:00,10503.0,10740.0,10332.881,9662.242
2018-02-17 08:00:00,10882.0,11125.0,11030.838,10250.658
2018-02-17 09:00:00,11078.0,11300.0,10722.207,10484.306
2018-02-17 10:00:00,11339.0,11671.0,11073.084,10818.024
2018-02-17 11:00:00,11503.0,11887.0,11212.924,10910.048
2018-02-17 12:00:00,11390.0,11906.0,11219.833,11061.657
2018-02-17 13:00:00,11164.0,11862.0,11061.469,11096.949
2018-02-17 14:00:00,10986.0,11712.0,11081.613,11001.95
2018-02-17 15:00:00,10825.0,11555.0,11018.203,10999.835
2018-02-17 16:00:00,10812.0,11428.0,10766.692,10826.925
2018-02-17 17:00:00,10906.0,11424.0,10821.225,10809.0
2018-02-17 18:00:00,11057.0,11589.0,11061.0625,11132.005
2018-02-17 19:00:00,11382.0,12123.0,11570.708,11365.497
2018-02-17 20:00:00,11609.0,12328.0,11680.076,11586.771
2018-02-17 21:00:00,11502.0,12198.0,11675.891,11622.716
2018-02-17 22:00:00,11357.0,11978.0,11582.595,11578.059
2018-02-17 23:00:00,11051.0,11669.0,11361.271,11453.688
2018-02-18 00:00:00,10603.0,11140.0,11006.023,11049.305
2018-02-18 01:00:00,10152.0,10794.0,10468.838,10509.227
2018-02-18 02:00:00,9824.0,10443.0,10149.551,10154.645
2018-02-18 03:00:00,9634.0,10244.0,9960.017,9948.402
2018-02-18 04:00:00,9544.0,10099.0,9967.687,9832.731
2018-02-18 05:00:00,9557.0,10051.0,9946.447,9671.607
2018-02-18 06:00:00,9655.0,10082.0,9939.127,9671.204
2018-02-18 07:00:00,9847.0,10252.0,10064.124,9918.588
2018-02-18 08:00:00,10061.0,10451.0,10213.802,10119.049
2018-02-18 09:00:00,10127.0,10489.0,10214.148,10223.575
2018-02-18 10:00:00,10236.0,10749.0,10437.432,10364.728
2018-02-18 11:00:00,10307.0,10969.0,10500.308,10635.389
2018-02-18 12:00:00,10370.0,11056.0,10492.576,10652.295
2018-02-18 13:00:00,10242.0,11041.0,10445.277,10602.846
2018-02-18 14:00:00,10135.0,11072.0,10394.998,10518.722
2018-02-18 15:00:00,9986.0,11028.0,10338.855,10515.04
2018-02-18 16:00:00,9924.0,10924.0,10343.837,10544.981
2018-02-18 17:00:00,9928.0,10847.0,10320.679,10650.987
2018-02-18 18:00:00,10144.0,11217.0,10647.779,10924.037
2018-02-18 19:00:00,10750.0,11953.0,11227.859,11209.765
2018-02-18 20:00:00,11218.0,12468.0,11361.579,11474.6045
2018-02-18 21:00:00,11141.0,12327.0,11327.589,11420.919
2018-02-18 22:00:00,10945.0,12249.0,11268.699,11480.173
2018-02-18 23:00:00,10628.0,11940.0,10976.934,11233.62
2018-02-19 00:00:00,10135.0,11453.0,10435.688,10382.5205
2018-02-19 01:00:00,9668.0,11045.0,9697.572,10042.477
2018-02-19 02:00:00,9361.0,10827.0,9350.388,9632.24
2018-02-19 03:00:00,9183.0,10643.0,9158.672,9542.861
2018-02-19 04:00:00,9055.0,10623.0,9150.493,9542.297
2018-02-19 05:00:00,9074.0,10707.0,9188.587,9520.223
2018-02-19 06:00:00,9339.0,10993.0,9243.134,9599.673
2018-02-19 07:00:00,9918.0,11719.0,9559.376,9949.092
2018-02-19 08:00:00,10793.0,12739.0,10464.952,11220.649
2018-02-19 09:00:00,11150.0,13059.0,10906.007,11580.1875
2018-02-19 10:00:00,11455.0,13053.0,10945.6,11712.556
2018-02-19 11:00:00,11665.0,12894.0,11194.278,11763.645
2018-02-19 12:00:00,11765.0,12789.0,11435.858,11772.006
2018-02-19 13:00:00,11756.0,12663.0,11487.331,11799.824
2018-02-19 14:00:00,11645.0,12586.0,11529.568,11903.028
2018-02-19 15:00:00,11576.0,12495.0,11530.121,11936.221
2018-02-19 16:00:00,11441.0,12385.0,11595.073,11994.844
2018-02-19 17:00:00,11365.0,12394.0,11565.759,12006.037
2018-02-19 18:00:00,11466.0,12611.0,11751.142,12156.656
2018-02-19 19:00:00,11789.0,13184.0,11696.366,12145.86
2018-02-19 20:00:00,11752.0,13436.0,11940.094,12380.739
2018-02-19 21:00:00,11514.0,13300.0,11818.637,12236.656
2018-02-19 22:00:00,11249.0,13090.0,11691.93,12109.161
2018-02-19 23:00:00,10834.0,12634.0,11288.548,11983.453
2018-02-20 00:00:00,10186.0,11966.0,10589.523,10865.602
2018-02-20 01:00:00,9614.0,11347.0,9873.564,10055.318
2018-02-20 02:00:00,9158.0,11011.0,9430.344,9773.861
2018-02-20 03:00:00,8836.0,10852.0,9151.833,9525.818
2018-02-20 04:00:00,8726.0,10736.0,8981.4375,9444.308
2018-02-20 05:00:00,8709.0,10747.0,8936.757,9444.308
2018-02-20 06:00:00,8953.0,10989.0,8976.61,9564.441
2018-02-20 07:00:00,9578.0,11636.0,9454.156,10027.853
2018-02-20 08:00:00,10555.0,12590.0,10408.412,11074.881
2018-02-20 09:00:00,11017.0,12935.0,11012.486,11615.68
2018-02-20 10:00:00,11157.0,13070.0,11380.25,11747.613
2018-02-20 11:00:00,11200.0,13079.0,11659.767,11704.231
2018-02-20 12:00:00,11329.0,13008.0,11965.775,11636.058
2018-02-20 13:00:00,11349.0,12808.0,12049.16,11508.504
2018-02-20 14:00:00,11413.0,12617.0,12065.162,11532.813
2018-02-20 15:00:00,11516.0,12451.0,12010.175,11484.68
2018-02-20 16:00:00,11375.0,12339.0,11724.896,11354.821
2018-02-20 17:00:00,11302.0,12250.0,11494.299,11310.168
2018-02-20 18:00:00,11426.0,12293.0,11374.255,11326.376
2018-02-20 19:00:00,11809.0,12735.0,11497.98,11478.859
2018-02-20 20:00:00,11927.0,13003.0,11574.91,11515.76
2018-02-20 21:00:00,11803.0,12870.0,11683.344,11561.15
2018-02-20 22:00:00,11596.0,12653.0,11643.713,11568.978
2018-02-20 23:00:00,11213.0,12185.0,11142.598,11229.906
2018-02-21 00:00:00,10610.0,11516.0,10480.92,10398.711
2018-02-21 01:00:00,10102.0,10896.0,9745.301,9687.227
2018-02-21 02:00:00,9775.0,10512.0,9202.149,9217.552
2018-02-21 03:00:00,9599.0,10284.0,9171.123,8963.525
2018-02-21 04:00:00,9537.0,10145.0,8990.748,8743.159
2018-02-21 05:00:00,9519.0,10125.0,9039.111,8814.721
2018-02-21 06:00:00,9821.0,10391.0,9352.184,9041.942
2018-02-21 07:00:00,10558.0,11081.0,9939.861,9763.1455
2018-02-21 08:00:00,11601.0,12054.0,11170.389,10966.971
2018-02-21 09:00:00,12059.0,12352.0,11759.698,11439.06
2018-02-21 10:00:00,12231.0,12276.0,11982.477,11761.329
2018-02-21 11:00:00,12279.0,12103.0,12065.127,11936.165
2018-02-21 12:00:00,12242.0,11997.0,12124.134,11858.475
2018-02-21 13:00:00,12199.0,11905.0,12119.917,11828.418
2018-02-21 14:00:00,12091.0,11746.0,12070.954,11832.779
2018-02-21 15:00:00,12106.0,11674.0,12121.235,11855.824
2018-02-21 16:00:00,12032.0,11585.0,12035.271,11745.092
2018-02-21 17:00:00,12045.0,11613.0,12026.573,11725.156
2018-02-21 18:00:00,12195.0,11818.0,12014.166,11723.198
2018-02-21 19:00:00,12585.0,12307.0,12253.6,11916.913
2018-02-21 20:00:00,12739.0,12386.0,12335.029,12095.676
2018-02-21 21:00:00,12611.0,12197.0,12310.633,12190.894
2018-02-21 22:00:00,12346.0,11908.0,12280.7295,12159.173
2018-02-21 23:00:00,11870.0,11428.0,11997.299,12013.03
2018-02-22 00:00:00,11153.0,10725.0,11167.747,11042.89
2018-02-22 01:00:00,10582.0,10106.0,10424.52,10364.177
2018-02-22 02:00:00,10211.0,9686.0,9955.445,10022.163
2018-02-22 03:00:00,9953.0,9428.0,9655.9795,9706.874
2018-02-22 04:00:00,9807.0,9287.0,9512.881,9583.87
2018-02-22 05:00:00,9773.0,9266.0,9485.323,9582.421
2018-02-22 06:00:00,10046.0,9486.0,9739.387,9803.878
2018-02-22 07:00:00,10699.0,10182.0,10496.692,10478.532
2018-02-22 08:00:00,11715.0,11219.0,11399.09,11592.494
2018-02-22 09:00:00,12125.0,11621.0,12010.562,12060.186
2018-02-22 10:00:00,12212.0,11818.0,12225.371,12218.138
2018-02-22 11:00:00,12168.0,11872.0,12271.178,12270.047
2018-02-22 12:00:00,12138.0,11871.0,12273.473,12262.957
2018-02-22 13:00:00,11947.0,11822.0,12248.358,12192.64
2018-02-22 14:00:00,11796.0,11665.0,12167.033,12146.922
2018-02-22 15:00:00,11796.0,11634.0,12147.407,12115.624
2018-02-22 16:00:00,11764.0,11480.0,12031.471,12063.854
2018-02-22 17:00:00,11766.0,11414.0,11971.748,12051.058
2018-02-22 18:00:00,11831.0,11533.0,12051.856,12043.573
2018-02-22 19:00:00,12192.0,12002.0,12399.189,12393.343
2018-02-22 20:00:00,12300.0,12082.0,12444.085,12495.629
2018-02-22 21:00:00,12101.0,11904.0,12339.538,12408.127
2018-02-22 22:00:00,11821.0,11659.0,12133.538,12258.633
2018-02-22 23:00:00,11350.0,11220.0,11725.976,11726.757
2018-02-23 00:00:00,10681.0,10538.0,10937.146,11010.61
2018-02-23 01:00:00,10068.0,9995.0,10193.949,10346.476
2018-02-23 02:00:00,9651.0,9673.0,9775.138,10005.837
2018-02-23 03:00:00,9417.0,9478.0,9514.372,9693.378
2018-02-23 04:00:00,9251.0,9367.0,9221.688,9631.86
2018-02-23 05:00:00,9277.0,9360.0,9143.517,9573.207
2018-02-23 06:00:00,9500.0,9641.0,9409.554,9747.304
2018-02-23 07:00:00,10150.0,10323.0,10326.241,10619.717
2018-02-23 08:00:00,11070.0,11334.0,11163.112,11391.623
2018-02-23 09:00:00,11481.0,11788.0,11601.339,11824.834
2018-02-23 10:00:00,11632.0,12005.0,11636.431,11977.504
2018-02-23 11:00:00,11790.0,12135.0,11691.08,11950.085
2018-02-23 12:00:00,11866.0,12101.0,11738.623,11890.241
2018-02-23 13:00:00,11862.0,11884.0,11729.668,11786.918
2018-02-23 14:00:00,11796.0,11719.0,11601.363,11624.477
2018-02-23 15:00:00,11749.0,11621.0,11567.836,11581.166
2018-02-23 16:00:00,11647.0,11474.0,11433.166,11506.499
2018-02-23 17:00:00,11530.0,11329.0,11381.978,11473.291
2018-02-23 18:00:00,11599.0,11430.0,11433.134,11471.643
2018-02-23 19:00:00,11862.0,11975.0,11844.444,11700.507
2018-02-23 20:00:00,11954.0,12368.0,11994.166,11887.094
2018-02-23 21:00:00,11786.0,12287.0,11921.104,11836.999
2018-02-23 22:00:00,11508.0,12095.0,11672.543,11675.347
2018-02-23 23:00:00,11183.0,11829.0,11380.002,11451.941
2018-02-24 00:00:00,10584.0,11282.0,10814.289,10848.304
2018-02-24 01:00:00,10072.0,10823.0,10080.823,10111.057
2018-02-24 02:00:00,9631.0,10421.0,9643.1455,9587.539
2018-02-24 03:00:00,9429.0,10280.0,9257.166,9316.583
2018-02-24 04:00:00,9267.0,10122.0,9063.369,9049.648
2018-02-24 05:00:00,9209.0,10123.0,8878.462,9075.901
2018-02-24 06:00:00,9316.0,10176.0,9037.904,9233.837
2018-02-24 07:00:00,9606.0,10503.0,9422.795,9654.935
2018-02-24 08:00:00,10052.0,10882.0,9787.44,9944.228
2018-02-24 09:00:00,10304.0,11078.0,10116.157,10283.734
2018-02-24 10:00:00,10639.0,11339.0,10613.096,10543.257
2018-02-24 11:00:00,10787.0,11503.0,10865.191,10714.726
2018-02-24 12:00:00,10859.0,11390.0,10864.411,10751.432
2018-02-24 13:00:00,10682.0,11164.0,10628.539,10609.921
2018-02-24 14:00:00,10576.0,10986.0,10615.69,10428.172
2018-02-24 15:00:00,10406.0,10825.0,10419.244,10345.249
2018-02-24 16:00:00,10300.0,10812.0,10266.978,10334.698
2018-02-24 17:00:00,10360.0,10906.0,10228.118,10448.505
2018-02-24 18:00:00,10545.0,11057.0,10407.266,10550.307
2018-02-24 19:00:00,10927.0,11382.0,10737.77,10809.803
2018-02-24 20:00:00,10989.0,11609.0,10854.1045,11143.484
2018-02-24 21:00:00,10859.0,11502.0,10746.23,11053.347
2018-02-24 22:00:00,10658.0,11357.0,10666.045,11016.486
2018-02-24 23:00:00,10243.0,11051.0,10419.802,10747.068
2018-02-25 00:00:00,9771.0,10603.0,10100.144,10361.006
2018-02-25 01:00:00,9383.0,10152.0,9483.601,9881.905
2018-02-25 02:00:00,9053.0,9824.0,8947.901,9476.811
2018-02-25 03:00:00,8896.0,9634.0,8783.384,9173.242
2018-02-25 04:00:00,8886.0,9544.0,8759.052,8999.98
2018-02-25 05:00:00,8902.0,9557.0,8731.183,8927.324
2018-02-25 06:00:00,8990.0,9655.0,8908.147,9014.005
2018-02-25 07:00:00,9131.0,9847.0,9006.201,9187.901
2018-02-25 08:00:00,9327.0,10061.0,9240.931,9410.619
2018-02-25 09:00:00,9409.0,10127.0,9448.216,9539.629
2018-02-25 10:00:00,9566.0,10236.0,9712.475,9728.305
2018-02-25 11:00:00,9648.0,10307.0,9775.01,9970.373
2018-02-25 12:00:00,9674.0,10370.0,9944.959,10086.011
2018-02-25 13:00:00,9642.0,10242.0,9784.082,10005.861
2018-02-25 14:00:00,9575.0,10135.0,9691.589,9900.684
2018-02-25 15:00:00,9502.0,9986.0,9611.178,9768.145
2018-02-25 16:00:00,9408.0,9924.0,9512.16,9739.736
2018-02-25 17:00:00,9426.0,9928.0,9557.147,9802.609
2018-02-25 18:00:00,9591.0,10144.0,9676.288,10107.864
2018-02-25 19:00:00,10113.0,10750.0,10204.042,10468.245
2018-02-25 20:00:00,10683.0,11218.0,10444.068,10661.4375
2018-02-25 21:00:00,10668.0,11141.0,10477.171,10667.477
2018-02-25 22:00:00,10561.0,10945.0,10376.03,10597.048
2018-02-25 23:00:00,10224.0,10628.0,10332.019,10339.62
2018-02-26 00:00:00,9810.0,10135.0,9956.588,9986.79
2018-02-26 01:00:00,9414.0,9668.0,9579.003,9543.307
2018-02-26 02:00:00,9123.0,9361.0,9323.181,9269.826
2018-02-26 03:00:00,9060.0,9183.0,9189.888,9015.477
2018-02-26 04:00:00,9040.0,9055.0,9140.371,9002.416
2018-02-26 05:00:00,9113.0,9074.0,9159.57,9036.637
2018-02-26 06:00:00,9442.0,9339.0,9485.678,9359.601
2018-02-26 07:00:00,10275.0,9918.0,10269.8125,10148.928
2018-02-26 08:00:00,11223.0,10793.0,11314.491,11007.869
2018-02-26 09:00:00,11573.0,11150.0,11613.169,11602.628
2018-02-26 10:00:00,11579.0,11455.0,11498.197,11766.329
2018-02-26 11:00:00,11441.0,11665.0,11425.379,11691.212
2018-02-26 12:00:00,11382.0,11765.0,11425.795,11622.465
2018-02-26 13:00:00,11288.0,11756.0,11431.353,11652.877
2018-02-26 14:00:00,11162.0,11645.0,11390.558,11706.862
2018-02-26 15:00:00,11095.0,11576.0,11445.325,11769.73
2018-02-26 16:00:00,10940.0,11441.0,11374.717,11579.292
2018-02-26 17:00:00,10789.0,11365.0,11438.573,11630.4375
2018-02-26 18:00:00,10800.0,11466.0,11449.895,11642.7
2018-02-26 19:00:00,11096.0,11789.0,11589.288,11720.402
2018-02-26 20:00:00,11545.0,11752.0,11707.901,11861.341
2018-02-26 21:00:00,11444.0,11514.0,11726.398,11847.829
2018-02-26 22:00:00,11221.0,11249.0,11462.435,11747.414
2018-02-26 23:00:00,10773.0,10834.0,11129.909,11540.393
2018-02-27 00:00:00,10210.0,10186.0,10403.759,10689.519
2018-02-27 01:00:00,9695.0,9614.0,9688.822,9833.461
2018-02-27 02:00:00,9337.0,9158.0,9269.793,9508.701
2018-02-27 03:00:00,9113.0,8836.0,9171.773,9265.901
2018-02-27 04:00:00,9009.0,8726.0,9048.478,9187.221
2018-02-27 05:00:00,8994.0,8709.0,8850.797,9192.664
2018-02-27 06:00:00,9224.0,8953.0,9152.693,9368.131
2018-02-27 07:00:00,9929.0,9578.0,9747.866,9993.562
2018-02-27 08:00:00,10873.0,10555.0,10825.879,11074.684
2018-02-27 09:00:00,11225.0,11017.0,11229.564,11322.411
2018-02-27 10:00:00,11360.0,11157.0,11239.544,11397.172
2018-02-27 11:00:00,11299.0,11200.0,11354.556,11566.06
2018-02-27 12:00:00,11183.0,11329.0,11429.535,11527.457
2018-02-27 13:00:00,11105.0,11349.0,11517.38,11493.187
2018-02-27 14:00:00,10988.0,11413.0,11579.345,11477.047
2018-02-27 15:00:00,10955.0,11516.0,11746.159,11444.921
2018-02-27 16:00:00,10812.0,11375.0,11569.156,11280.634
2018-02-27 17:00:00,10625.0,11302.0,11336.154,11129.281
2018-02-27 18:00:00,10654.0,11426.0,11086.111,11143.139
2018-02-27 19:00:00,10925.0,11809.0,11231.619,11318.232
2018-02-27 20:00:00,11345.0,11927.0,11426.672,11436.659
2018-02-27 21:00:00,11176.0,11803.0,11437.751,11495.293
2018-02-27 22:00:00,10943.0,11596.0,11348.737,11450.08
2018-02-27 23:00:00,10488.0,11213.0,10916.843,11127.833
2018-02-28 00:00:00,9857.0,10610.0,10222.766,10333.312
2018-02-28 01:00:00,9282.0,10102.0,9617.654,9776.678
2018-02-28 02:00:00,8881.0,9775.0,9057.927,9311.728
2018-02-28 03:00:00,8654.0,9599.0,8692.358,9014.778
2018-02-28 04:00:00,8510.0,9537.0,8529.887,8924.393
2018-02-28 05:00:00,8467.0,9519.0,8497.103,8899.657
2018-02-28 06:00:00,8697.0,9821.0,8822.738,9062.034
2018-02-28 07:00:00,9365.0,10558.0,9403.572,9696.607
2018-02-28 08:00:00,10280.0,11601.0,10369.606,10821.126
2018-02-28 09:00:00,10662.0,12059.0,10772.466,11136.496
2018-02-28 10:00:00,10734.0,12231.0,10998.287,11266.324
2018-02-28 11:00:00,10781.0,12279.0,11130.275,11267.561
2018-02-28 12:00:00,10836.0,12242.0,11239.29,11182.769
2018-02-28 13:00:00,10807.0,12199.0,11210.195,11138.602
2018-02-28 14:00:00,10740.0,12091.0,11095.429,11068.709
2018-02-28 15:00:00,10788.0,12106.0,11187.176,11007.838
2018-02-28 16:00:00,10807.0,12032.0,10943.253,10802.938
2018-02-28 17:00:00,10789.0,12045.0,10796.031,10698.706
2018-02-28 18:00:00,11030.0,12195.0,10840.672,10667.037
2018-02-28 19:00:00,11406.0,12585.0,11215.602,10913.402
2018-02-28 20:00:00,11604.0,12739.0,11430.91,11108.756
2018-02-28 21:00:00,11494.0,12611.0,11427.589,11121.171
2018-02-28 22:00:00,11278.0,12346.0,11213.858,11007.664
2018-02-28 23:00:00,10833.0,11870.0,10698.737,10667.129
2018-03-01 00:00:00,10185.0,11153.0,10038.302,9969.747
2018-03-01 01:00:00,9616.0,10582.0,9387.777,9345.667
2018-03-01 02:00:00,9217.0,10211.0,8973.703,8907.405
2018-03-01 03:00:00,9008.0,9953.0,8653.5625,8611.677
2018-03-01 04:00:00,8887.0,9807.0,8442.954,8469.988
2018-03-01 05:00:00,8929.0,9773.0,8448.785,8475.346
2018-03-01 06:00:00,9226.0,10046.0,8699.276,8643.821
2018-03-01 07:00:00,10012.0,10699.0,9390.089,9452.703
2018-03-01 08:00:00,11129.0,11715.0,10401.09,10475.44
2018-03-01 09:00:00,11753.0,12125.0,10954.022,10923.148
2018-03-01 10:00:00,11945.0,12212.0,11202.86,11114.339
2018-03-01 11:00:00,11935.0,12168.0,11296.822,11313.392
2018-03-01 12:00:00,11984.0,12138.0,11325.364,11346.338
2018-03-01 13:00:00,11917.0,11947.0,11317.591,11388.782
2018-03-01 14:00:00,11713.0,11796.0,11219.175,11308.752
2018-03-01 15:00:00,11596.0,11796.0,11175.945,11290.483
2018-03-01 16:00:00,11334.0,11764.0,11052.394,11207.215
2018-03-01 17:00:00,11247.0,11766.0,11149.522,11244.732
2018-03-01 18:00:00,11250.0,11831.0,11283.343,11376.099
2018-03-01 19:00:00,11488.0,12192.0,11622.948,11410.358
2018-03-01 20:00:00,12004.0,12300.0,11705.361,11606.203
2018-03-01 21:00:00,11872.0,12101.0,11753.79,11647.32
2018-03-01 22:00:00,11640.0,11821.0,11796.384,11577.28
2018-03-01 23:00:00,11251.0,11350.0,11329.4,11425.392
2018-03-02 00:00:00,10558.0,10681.0,10518.1455,10370.001
2018-03-02 01:00:00,10035.0,10068.0,9892.807,9838.581
2018-03-02 02:00:00,9635.0,9651.0,9505.767,9400.738
2018-03-02 03:00:00,9480.0,9417.0,9418.061,9166.438
2018-03-02 04:00:00,9346.0,9251.0,9260.4375,9005.9795
2018-03-02 05:00:00,9350.0,9277.0,9236.723,8984.666
2018-03-02 06:00:00,9639.0,9500.0,9449.639,9237.385
2018-03-02 07:00:00,10347.0,10150.0,10000.099,9991.15
2018-03-02 08:00:00,11147.0,11070.0,11015.638,11035.981
2018-03-02 09:00:00,11409.0,11481.0,11396.911,11515.474
2018-03-02 10:00:00,11403.0,11632.0,11664.419,11787.239
2018-03-02 11:00:00,11403.0,11790.0,11684.203,11822.587
2018-03-02 12:00:00,11420.0,11866.0,11665.483,11807.281
2018-03-02 13:00:00,11299.0,11862.0,11577.236,11677.7295
2018-03-02 14:00:00,11162.0,11796.0,11444.661,11515.005
2018-03-02 15:00:00,11079.0,11749.0,11393.366,11442.087
2018-03-02 16:00:00,10908.0,11647.0,11269.134,11291.278
2018-03-02 17:00:00,10738.0,11530.0,11249.046,11256.628
2018-03-02 18:00:00,10742.0,11599.0,11296.463,11262.726
2018-03-02 19:00:00,11021.0,11862.0,11346.441,11363.38
2018-03-02 20:00:00,11530.0,11954.0,11692.138,11572.703
2018-03-02 21:00:00,11446.0,11786.0,11535.837,11582.095
2018-03-02 22:00:00,11258.0,11508.0,11345.952,11368.108
2018-03-02 23:00:00,11033.0,11183.0,11269.918,11087.224
2018-03-03 00:00:00,10475.0,10584.0,10604.951,10386.67
2018-03-03 01:00:00,9943.0,10072.0,9910.852,9849.564
2018-03-03 02:00:00,9526.0,9631.0,9571.212,9466.2705
2018-03-03 03:00:00,9281.0,9429.0,9349.306,9181.565
2018-03-03 04:00:00,9102.0,9267.0,9147.723,8949.635
2018-03-03 05:00:00,9041.0,9209.0,9069.932,8910.751
2018-03-03 06:00:00,9159.0,9316.0,9143.756,9020.882
2018-03-03 07:00:00,9434.0,9606.0,9499.257,9373.013
2018-03-03 08:00:00,9744.0,10052.0,9739.541,9759.857
2018-03-03 09:00:00,9919.0,10304.0,9920.681,9912.138
2018-03-03 10:00:00,10083.0,10639.0,10186.332,10135.125
2018-03-03 11:00:00,10148.0,10787.0,10235.729,10275.056
2018-03-03 12:00:00,10156.0,10859.0,10326.487,10465.649
2018-03-03 13:00:00,10085.0,10682.0,10250.64,10324.56
2018-03-03 14:00:00,9915.0,10576.0,10169.735,10174.623
2018-03-03 15:00:00,9679.0,10406.0,10152.688,10162.763
2018-03-03 16:00:00,9518.0,10300.0,9909.583,9819.292
2018-03-03 17:00:00,9472.0,10360.0,9906.592,9779.946
2018-03-03 18:00:00,9586.0,10545.0,10051.233,9899.806
2018-03-03 19:00:00,9938.0,10927.0,10240.264,10160.461
2018-03-03 20:00:00,10568.0,10989.0,10407.789,10394.783
2018-03-03 21:00:00,10575.0,10859.0,10433.437,10501.585
2018-03-03 22:00:00,10480.0,10658.0,10499.978,10433.212
2018-03-03 23:00:00,10280.0,10243.0,10209.646,10328.562
2018-03-04 00:00:00,9863.0,9771.0,9963.587,9899.511
2018-03-04 01:00:00,9450.0,9383.0,9487.549,9435.871
2018-03-04 02:00:00,9128.0,9053.0,9139.709,9016.067
2018-03-04 03:00:00,8968.0,8896.0,8876.034,8732.531
2018-03-04 04:00:00,8831.0,8886.0,8725.365,8590.652
2018-03-04 05:00:00,8769.0,8902.0,8737.521,8519.011
2018-03-04 06:00:00,8854.0,8990.0,8868.499,8611.592
2018-03-04 07:00:00,8999.0,9131.0,8905.733,8721.6455
2018-03-04 08:00:00,9087.0,9327.0,9086.553,8878.668
2018-03-04 09:00:00,9139.0,9409.0,9109.498,8984.548
2018-03-04 10:00:00,9279.0,9566.0,9329.157,9155.544
2018-03-04 11:00:00,9373.0,9648.0,9401.02,9412.632
2018-03-04 12:00:00,9383.0,9674.0,9411.366,9464.724
2018-03-04 13:00:00,9357.0,9642.0,9458.432,9538.662
2018-03-04 14:00:00,9336.0,9575.0,9318.096,9426.932
2018-03-04 15:00:00,9152.0,9502.0,9238.908,9362.432
2018-03-04 16:00:00,9092.0,9408.0,9115.771,9245.763
2018-03-04 17:00:00,9153.0,9426.0,9155.578,9291.648
2018-03-04 18:00:00,9338.0,9591.0,9335.681,9327.453
2018-03-04 19:00:00,9820.0,10113.0,9826.299,9780.975
2018-03-04 20:00:00,10486.0,10683.0,10166.806,10270.561
2018-03-04 21:00:00,10554.0,10668.0,10285.729,10429.295
2018-03-04 22:00:00,10384.0,10561.0,10337.802,10414.8
2018-03-04 23:00:00,10167.0,10224.0,10244.428,10268.13
2018-03-05 00:00:00,9700.0,9810.0,9680.771,9682.894
2018-03-05 01:00:00,9379.0,9414.0,9275.008,9309.147
2018-03-05 02:00:00,9124.0,9123.0,9047.495,9047.295
2018-03-05 03:00:00,9030.0,9060.0,8965.262,8819.622
2018-03-05 04:00:00,8977.0,9040.0,8901.785,8755.766
2018-03-05 05:00:00,9021.0,9113.0,8929.639,8751.88
2018-03-05 06:00:00,9335.0,9442.0,9141.089,8981.861
2018-03-05 07:00:00,10129.0,10275.0,10059.478,9983.084
2018-03-05 08:00:00,11029.0,11223.0,10950.749,10788.234
2018-03-05 09:00:00,11666.0,11573.0,11486.224,11354.276
2018-03-05 10:00:00,11897.0,11579.0,11611.663,11475.95
2018-03-05 11:00:00,12058.0,11441.0,11659.115,11503.288
2018-03-05 12:00:00,12037.0,11382.0,11643.663,11464.65
2018-03-05 13:00:00,12011.0,11288.0,11594.376,11570.857
2018-03-05 14:00:00,11981.0,11162.0,11371.057,11647.923
2018-03-05 15:00:00,11900.0,11095.0,11411.137,11681.701
2018-03-05 16:00:00,11826.0,10940.0,11427.26,11696.626
2018-03-05 17:00:00,11816.0,10789.0,11267.1455,11574.227
2018-03-05 18:00:00,12004.0,10800.0,11231.129,11675.692
2018-03-05 19:00:00,12362.0,11096.0,11521.706,11833.471
2018-03-05 20:00:00,12446.0,11545.0,12013.935,11929.943
2018-03-05 21:00:00,12261.0,11444.0,11966.052,11990.602
2018-03-05 22:00:00,11956.0,11221.0,11836.316,11861.384
2018-03-05 23:00:00,11448.0,10773.0,11392.075,11783.349
2018-03-06 00:00:00,10750.0,10210.0,10543.09,10803.9375
2018-03-06 01:00:00,10138.0,9695.0,9902.86,10086.173
2018-03-06 02:00:00,9699.0,9337.0,9529.1,9720.155
2018-03-06 03:00:00,9420.0,9113.0,9350.618,9445.994
2018-03-06 04:00:00,9329.0,9009.0,9336.868,9209.9795
2018-03-06 05:00:00,9330.0,8994.0,9536.347,9336.271
2018-03-06 06:00:00,9567.0,9224.0,9697.77,9449.789
2018-03-06 07:00:00,10268.0,9929.0,10386.169,10319.576
2018-03-06 08:00:00,11185.0,10873.0,11143.328,11329.506
2018-03-06 09:00:00,11674.0,11225.0,11615.411,11932.353
2018-03-06 10:00:00,11840.0,11360.0,12006.183,12024.442
2018-03-06 11:00:00,11904.0,11299.0,11976.608,12121.491
2018-03-06 12:00:00,11893.0,11183.0,11887.937,12141.753
2018-03-06 13:00:00,11769.0,11105.0,11876.148,12055.532
2018-03-06 14:00:00,11799.0,10988.0,11874.123,11968.694
2018-03-06 15:00:00,11815.0,10955.0,11763.769,11897.228
2018-03-06 16:00:00,11706.0,10812.0,11488.203,11774.084
2018-03-06 17:00:00,11609.0,10625.0,11527.746,11746.604
2018-03-06 18:00:00,11711.0,10654.0,11697.452,11863.623
2018-03-06 19:00:00,11990.0,10925.0,11924.851,11965.38
2018-03-06 20:00:00,12274.0,11345.0,12127.701,12078.719
2018-03-06 21:00:00,12146.0,11176.0,11978.337,12056.761
2018-03-06 22:00:00,11891.0,10943.0,11811.459,11879.46
2018-03-06 23:00:00,11432.0,10488.0,11386.76,11559.428
2018-03-07 00:00:00,10776.0,9857.0,10679.596,10677.644
2018-03-07 01:00:00,10244.0,9282.0,10148.557,10111.312
2018-03-07 02:00:00,9854.0,8881.0,9663.691,9684.111
2018-03-07 03:00:00,9682.0,8654.0,9390.099,9343.092
2018-03-07 04:00:00,9613.0,8510.0,9370.475,9118.742
2018-03-07 05:00:00,9672.0,8467.0,9394.735,9097.471
2018-03-07 06:00:00,9984.0,8697.0,9694.3545,9373.37
2018-03-07 07:00:00,10704.0,9365.0,10263.713,9959.071
2018-03-07 08:00:00,11611.0,10280.0,11102.421,11033.396
2018-03-07 09:00:00,11994.0,10662.0,11698.451,11700.991
2018-03-07 10:00:00,12017.0,10734.0,11719.141,11822.952
2018-03-07 11:00:00,11952.0,10781.0,11832.503,12063.717
2018-03-07 12:00:00,11958.0,10836.0,11831.84,12074.45
2018-03-07 13:00:00,11882.0,10807.0,11768.71,11899.585
2018-03-07 14:00:00,11818.0,10740.0,11687.961,11825.018
2018-03-07 15:00:00,11810.0,10788.0,11633.149,11774.792
2018-03-07 16:00:00,11711.0,10807.0,11538.143,11700.946
2018-03-07 17:00:00,11726.0,10789.0,11527.529,11696.27
2018-03-07 18:00:00,11878.0,11030.0,11639.982,11710.348
2018-03-07 19:00:00,12247.0,11406.0,12016.627,11937.284
2018-03-07 20:00:00,12535.0,11604.0,12167.563,12082.898
2018-03-07 21:00:00,12401.0,11494.0,12160.58,12055.739
2018-03-07 22:00:00,12203.0,11278.0,12032.938,11996.71
2018-03-07 23:00:00,11703.0,10833.0,11811.14,11706.284
2018-03-08 00:00:00,11031.0,10185.0,11212.928,10878.193
2018-03-08 01:00:00,10464.0,9616.0,10530.608,10186.468
2018-03-08 02:00:00,10101.0,9217.0,10214.529,9821.621
2018-03-08 03:00:00,9924.0,9008.0,10045.78,9486.832
2018-03-08 04:00:00,9822.0,8887.0,9819.014,9333.338
2018-03-08 05:00:00,9834.0,8929.0,9996.09,9388.879
2018-03-08 06:00:00,10163.0,9226.0,10163.015,9626.163
2018-03-08 07:00:00,10857.0,10012.0,10853.503,10480.146
2018-03-08 08:00:00,11710.0,11129.0,11620.741,11474.789
2018-03-08 09:00:00,12068.0,11753.0,12069.125,11934.08
2018-03-08 10:00:00,12120.0,11945.0,12217.784,12096.17
2018-03-08 11:00:00,12072.0,11935.0,12199.57,12237.572
2018-03-08 12:00:00,12062.0,11984.0,12207.305,12261.335
2018-03-08 13:00:00,11981.0,11917.0,12148.077,12196.65
2018-03-08 14:00:00,11894.0,11713.0,11996.979,12085.887
2018-03-08 15:00:00,11826.0,11596.0,11972.431,12058.024
2018-03-08 16:00:00,11735.0,11334.0,11820.53,11988.474
2018-03-08 17:00:00,11639.0,11247.0,11697.849,11961.929
2018-03-08 18:00:00,11707.0,11250.0,11807.658,12018.156
2018-03-08 19:00:00,11930.0,11488.0,12162.96,12179.274
2018-03-08 20:00:00,12442.0,12004.0,12313.951,12258.436
2018-03-08 21:00:00,12354.0,11872.0,12217.15,12218.797
2018-03-08 22:00:00,12119.0,11640.0,12161.859,12079.651
2018-03-08 23:00:00,11633.0,11251.0,11804.911,11714.972
2018-03-09 00:00:00,10952.0,10558.0,11173.055,10989.302
2018-03-09 01:00:00,10381.0,10035.0,10570.1,10330.111
2018-03-09 02:00:00,10037.0,9635.0,10216.455,9971.74
2018-03-09 03:00:00,9882.0,9480.0,9977.479,9584.422
2018-03-09 04:00:00,9762.0,9346.0,9935.983,9526.611
2018-03-09 05:00:00,9772.0,9350.0,9928.155,9526.611
2018-03-09 06:00:00,10087.0,9639.0,10150.184,9802.604
2018-03-09 07:00:00,10793.0,10347.0,10747.897,10646.359
2018-03-09 08:00:00,11543.0,11147.0,11419.348,11371.093
2018-03-09 09:00:00,11860.0,11409.0,11790.886,11786.558
2018-03-09 10:00:00,11875.0,11403.0,11912.574,11938.04
2018-03-09 11:00:00,11839.0,11403.0,11884.233,12004.222
2018-03-09 12:00:00,11792.0,11420.0,11881.399,12018.778
2018-03-09 13:00:00,11701.0,11299.0,11834.993,11929.269
2018-03-09 14:00:00,11510.0,11162.0,11689.675,11746.727
2018-03-09 15:00:00,11405.0,11079.0,11579.56,11626.627
2018-03-09 16:00:00,11200.0,10908.0,11443.09,11531.665
2018-03-09 17:00:00,11067.0,10738.0,11371.998,11455.756
2018-03-09 18:00:00,11103.0,10742.0,11492.804,11525.046
2018-03-09 19:00:00,11414.0,11021.0,11646.379,11662.661
2018-03-09 20:00:00,11984.0,11530.0,12023.496,11995.905
2018-03-09 21:00:00,11853.0,11446.0,11946.129,11940.462
2018-03-09 22:00:00,11621.0,11258.0,11750.324,11797.733
2018-03-09 23:00:00,11318.0,11033.0,11522.492,11336.766
2018-03-10 00:00:00,10750.0,10475.0,10841.11,10684.82
2018-03-10 01:00:00,10230.0,9943.0,10334.734,10245.185
2018-03-10 02:00:00,9851.0,9526.0,9872.427,9670.567
2018-03-10 03:00:00,9638.0,9281.0,9591.258,9390.95
2018-03-10 04:00:00,9545.0,9102.0,9406.712,9267.356
2018-03-10 05:00:00,9473.0,9041.0,9364.041,9207.662
2018-03-10 06:00:00,9621.0,9159.0,9516.264,9332.586
2018-03-10 07:00:00,9890.0,9434.0,9722.078,9540.328
2018-03-10 08:00:00,10109.0,9744.0,10055.224,9884.055
2018-03-10 09:00:00,10263.0,9919.0,10099.719,10025.464
2018-03-10 10:00:00,10443.0,10083.0,10251.036,10170.955
2018-03-10 11:00:00,10523.0,10148.0,10329.2,10270.995
2018-03-10 12:00:00,10483.0,10156.0,10318.971,10288.956
2018-03-10 13:00:00,10378.0,10085.0,10275.69,10239.396
2018-03-10 14:00:00,10182.0,9915.0,10163.037,10235.064
2018-03-10 15:00:00,9978.0,9679.0,10106.414,10149.359
2018-03-10 16:00:00,9807.0,9518.0,9951.213,9978.765
2018-03-10 17:00:00,9745.0,9472.0,9947.359,9959.06
2018-03-10 18:00:00,9871.0,9586.0,10017.419,9979.306
2018-03-10 19:00:00,10177.0,9938.0,10319.216,10329.416
2018-03-10 20:00:00,10783.0,10568.0,10663.932,10746.738
2018-03-10 21:00:00,10860.0,10575.0,10675.1455,10722.902
2018-03-10 22:00:00,10743.0,10480.0,10601.671,10716.371
2018-03-10 23:00:00,10489.0,10280.0,10519.665,10568.75
2018-03-11 00:00:00,10056.0,9863.0,10215.231,10111.729
2018-03-11 01:00:00,9632.0,9450.0,9698.107,9656.557
2018-03-11 02:00:00,9360.0,9128.0,9366.242,9188.129
2018-03-11 03:00:00,9243.0,8968.0,9105.322,8916.486
2018-03-11 04:00:00,9126.0,8831.0,9013.357,8812.77
2018-03-11 05:00:00,9031.0,8769.0,8955.063,8752.429
2018-03-11 06:00:00,8966.0,8854.0,8972.419,8737.683
2018-03-11 07:00:00,9127.0,8999.0,9103.076,8797.945
2018-03-11 08:00:00,9384.0,9087.0,9198.001,8987.063
2018-03-11 09:00:00,9431.0,9139.0,9222.816,9062.431
2018-03-11 10:00:00,9485.0,9279.0,9490.923,9303.807
2018-03-11 11:00:00,9568.0,9373.0,9589.866,9545.254
2018-03-11 12:00:00,9628.0,9383.0,9618.806,9613.133
2018-03-11 13:00:00,9638.0,9357.0,9603.05,9569.196
2018-03-11 14:00:00,9609.0,9336.0,9530.301,9512.904
2018-03-11 15:00:00,9562.0,9152.0,9463.468,9463.153
2018-03-11 16:00:00,9460.0,9092.0,9414.472,9458.519
2018-03-11 17:00:00,9440.0,9153.0,9442.338,9486.751
2018-03-11 18:00:00,9441.0,9338.0,9606.847,9573.514
2018-03-11 19:00:00,9523.0,9820.0,10042.3545,9930.295
2018-03-11 20:00:00,9877.0,10486.0,10541.418,10510.385
2018-03-11 21:00:00,10574.0,10554.0,10670.578,10679.9
2018-03-11 22:00:00,10647.0,10384.0,10699.36,10705.712
2018-03-11 23:00:00,10463.0,10167.0,10566.18,10453.3
2018-03-12 00:00:00,10052.0,9700.0,10136.514,9804.877
2018-03-12 01:00:00,9629.0,9379.0,9721.666,9514.596
2018-03-12 02:00:00,9249.0,9124.0,9358.876,9242.358
2018-03-12 03:00:00,9071.0,9030.0,9284.549,9096.812
2018-03-12 04:00:00,8970.0,8977.0,9138.167,9052.586
2018-03-12 05:00:00,9100.0,9021.0,9173.588,9028.216
2018-03-12 06:00:00,9255.0,9335.0,9237.0625,9097.298
2018-03-12 07:00:00,10031.0,10129.0,9955.528,9997.11
2018-03-12 08:00:00,11161.0,11029.0,10917.202,10794.748
2018-03-12 09:00:00,11826.0,11666.0,11265.42,11477.872
2018-03-12 10:00:00,11923.0,11897.0,11401.998,11584.409
2018-03-12 11:00:00,11973.0,12058.0,11488.994,11562.132
2018-03-12 12:00:00,11960.0,12037.0,11458.311,11600.587
2018-03-12 13:00:00,11914.0,12011.0,11481.838,11647.466
2018-03-12 14:00:00,11725.0,11981.0,11559.2705,11760.211
2018-03-12 15:00:00,11599.0,11900.0,11571.724,11738.084
2018-03-12 16:00:00,11449.0,11826.0,11584.798,11736.971
2018-03-12 17:00:00,11304.0,11816.0,11576.469,11697.412
2018-03-12 18:00:00,11276.0,12004.0,11762.985,11803.9795
2018-03-12 19:00:00,11321.0,12362.0,11890.069,11808.957
2018-03-12 20:00:00,11468.0,12446.0,11934.048,11979.189
2018-03-12 21:00:00,11865.0,12261.0,11959.521,11914.662
2018-03-12 22:00:00,11750.0,11956.0,12261.53,11952.667
2018-03-12 23:00:00,11362.0,11448.0,11800.116,11622.34
2018-03-13 00:00:00,10740.0,10750.0,10772.075,10787.218
2018-03-13 01:00:00,10104.0,10138.0,10237.758,10068.009
2018-03-13 02:00:00,9746.0,9699.0,9772.3955,9638.382
2018-03-13 03:00:00,9535.0,9420.0,9566.63,9366.021
2018-03-13 04:00:00,9407.0,9329.0,9365.864,9141.905
2018-03-13 05:00:00,9464.0,9330.0,9445.718,9298.364
2018-03-13 06:00:00,9755.0,9567.0,9643.654,9378.188
2018-03-13 07:00:00,10463.0,10268.0,10368.614,10347.412
2018-03-13 08:00:00,11581.0,11185.0,11318.521,11342.511
2018-03-13 09:00:00,12044.0,11674.0,11821.349,11773.865
2018-03-13 10:00:00,12030.0,11840.0,11988.548,11932.138
2018-03-13 11:00:00,11935.0,11904.0,12035.052,12022.16
2018-03-13 12:00:00,11922.0,11893.0,12039.352,12004.33
2018-03-13 13:00:00,11958.0,11769.0,12000.767,11941.904
2018-03-13 14:00:00,11919.0,11799.0,11878.724,11888.092
2018-03-13 15:00:00,11984.0,11815.0,12101.535,11926.977
2018-03-13 16:00:00,11937.0,11706.0,12047.631,11949.346
2018-03-13 17:00:00,11950.0,11609.0,12013.419,12044.217
2018-03-13 18:00:00,11926.0,11711.0,12099.894,12121.15
2018-03-13 19:00:00,11900.0,11990.0,12270.346,12162.026
2018-03-13 20:00:00,11996.0,12274.0,12305.905,12114.639
2018-03-13 21:00:00,12411.0,12146.0,12298.992,12065.122
2018-03-13 22:00:00,12312.0,11891.0,12279.752,12154.52
2018-03-13 23:00:00,11883.0,11432.0,12062.416,12025.649
2018-03-14 00:00:00,11227.0,10776.0,11284.711,11046.211
2018-03-14 01:00:00,10599.0,10244.0,10587.093,10342.52
2018-03-14 02:00:00,10213.0,9854.0,10245.96,9804.269
2018-03-14 03:00:00,9994.0,9682.0,9926.214,9449.066
2018-03-14 04:00:00,9913.0,9613.0,9730.191,9346.826
2018-03-14 05:00:00,9939.0,9672.0,9769.268,9364.164
2018-03-14 06:00:00,10164.0,9984.0,10086.565,9677.443
2018-03-14 07:00:00,10892.0,10704.0,10733.679,10512.287
2018-03-14 08:00:00,11951.0,11611.0,11730.804,11461.068
2018-03-14 09:00:00,12388.0,11994.0,12055.801,11968.822
2018-03-14 10:00:00,12347.0,12017.0,12144.689,12185.489
2018-03-14 11:00:00,12152.0,11952.0,12125.431,12278.45
2018-03-14 12:00:00,12059.0,11958.0,12093.535,12271.623
2018-03-14 13:00:00,11965.0,11882.0,12015.614,12212.958
2018-03-14 14:00:00,11832.0,11818.0,11918.298,12115.022
2018-03-14 15:00:00,11646.0,11810.0,11836.849,12104.783
2018-03-14 16:00:00,11459.0,11711.0,11749.822,12042.72
2018-03-14 17:00:00,11211.0,11726.0,11711.698,12005.874
2018-03-14 18:00:00,11092.0,11878.0,11732.814,12052.51
2018-03-14 19:00:00,11041.0,12247.0,11897.661,12018.6
2018-03-14 20:00:00,11107.0,12535.0,12075.787,12210.452
2018-03-14 21:00:00,11616.0,12401.0,12177.797,12136.885
2018-03-14 22:00:00,11549.0,12203.0,12070.511,12022.052
2018-03-14 23:00:00,11159.0,11703.0,11725.988,11610.109
2018-03-15 00:00:00,10513.0,11031.0,10932.257,11037.417
2018-03-15 01:00:00,9896.0,10464.0,10327.29,10363.206
2018-03-15 02:00:00,9499.0,10101.0,9816.674,9881.682
2018-03-15 03:00:00,9246.0,9924.0,9573.335,9662.141
2018-03-15 04:00:00,9167.0,9822.0,9565.935,9491.418
2018-03-15 05:00:00,9212.0,9834.0,9629.513,9577.539
2018-03-15 06:00:00,9482.0,10163.0,9882.587,9824.089
2018-03-15 07:00:00,10226.0,10857.0,10693.541,10688.853
2018-03-15 08:00:00,11364.0,11710.0,11485.583,11439.293
2018-03-15 09:00:00,11785.0,12068.0,11791.705,11784.27
2018-03-15 10:00:00,11759.0,12120.0,11897.354,11850.88
2018-03-15 11:00:00,11634.0,12072.0,11872.458,11903.414
2018-03-15 12:00:00,11510.0,12062.0,11787.747,11888.928
2018-03-15 13:00:00,11413.0,11981.0,11764.953,11843.062
2018-03-15 14:00:00,11269.0,11894.0,11700.642,11662.156
2018-03-15 15:00:00,11220.0,11826.0,11619.531,11615.211
2018-03-15 16:00:00,11045.0,11735.0,11493.095,11507.597
2018-03-15 17:00:00,10853.0,11639.0,11420.685,11432.141
2018-03-15 18:00:00,10812.0,11707.0,11264.006,11295.134
2018-03-15 19:00:00,10816.0,11930.0,11268.627,11273.346
2018-03-15 20:00:00,10927.0,12442.0,11429.704,11362.075
2018-03-15 21:00:00,11571.0,12354.0,11853.704,11539.602
2018-03-15 22:00:00,11574.0,12119.0,11765.585,11502.435
2018-03-15 23:00:00,11257.0,11633.0,11397.325,11205.188
2018-03-16 00:00:00,10665.0,10952.0,10742.847,10457.285
2018-03-16 01:00:00,10100.0,10381.0,9975.872,9811.466
2018-03-16 02:00:00,9700.0,10037.0,9559.787,9454.222
2018-03-16 03:00:00,9510.0,9882.0,9325.651,9110.646
2018-03-16 04:00:00,9414.0,9762.0,9278.121,9116.446
2018-03-16 05:00:00,9429.0,9772.0,9268.344,9118.12
2018-03-16 06:00:00,9714.0,10087.0,9435.265,9351.25
2018-03-16 07:00:00,10386.0,10793.0,10077.192,10046.299
2018-03-16 08:00:00,11480.0,11543.0,11230.056,11043.593
2018-03-16 09:00:00,12015.0,11860.0,11518.708,11481.933
2018-03-16 10:00:00,12131.0,11875.0,11660.845,11621.217
2018-03-16 11:00:00,12142.0,11839.0,11672.109,11589.344
2018-03-16 12:00:00,12000.0,11792.0,11530.423,11584.001
2018-03-16 13:00:00,11851.0,11701.0,11484.537,11478.4795
2018-03-16 14:00:00,11712.0,11510.0,11464.564,11416.755
2018-03-16 15:00:00,11586.0,11405.0,11344.474,11349.144
2018-03-16 16:00:00,11416.0,11200.0,11139.179,11257.945
2018-03-16 17:00:00,11304.0,11067.0,11126.769,11176.823
2018-03-16 18:00:00,11257.0,11103.0,11236.142,11191.53
2018-03-16 19:00:00,11322.0,11414.0,11285.83,11281.156
2018-03-16 20:00:00,11394.0,11984.0,11460.285,11456.562
2018-03-16 21:00:00,11855.0,11853.0,11661.313,11640.184
2018-03-16 22:00:00,11711.0,11621.0,11634.744,11611.627
2018-03-16 23:00:00,11322.0,11318.0,11407.902,11406.6
2018-03-17 00:00:00,10710.0,10750.0,10754.813,10755.375
2018-03-17 01:00:00,10118.0,10230.0,10145.673,10229.809
2018-03-17 02:00:00,9767.0,9851.0,9662.214,9667.721
2018-03-17 03:00:00,9484.0,9638.0,9231.279,9276.249
2018-03-17 04:00:00,9291.0,9545.0,9030.554,9143.946
2018-03-17 05:00:00,9316.0,9473.0,8987.298,9112.666
2018-03-17 06:00:00,9361.0,9621.0,9107.826,9290.195
2018-03-17 07:00:00,9672.0,9890.0,9522.479,9654.52
2018-03-17 08:00:00,10090.0,10109.0,9936.718,10028.41
2018-03-17 09:00:00,10379.0,10263.0,10157.785,10121.947
2018-03-17 10:00:00,10694.0,10443.0,10471.481,10323.764
2018-03-17 11:00:00,10835.0,10523.0,10543.089,10501.778
2018-03-17 12:00:00,10801.0,10483.0,10438.362,10458.325
2018-03-17 13:00:00,10659.0,10378.0,10469.6045,10481.105
2018-03-17 14:00:00,10464.0,10182.0,10180.6455,10178.14
2018-03-17 15:00:00,10097.0,9978.0,10057.871,10148.256
2018-03-17 16:00:00,9899.0,9807.0,9978.6875,10110.544
2018-03-17 17:00:00,9642.0,9745.0,9929.433,10033.003
2018-03-17 18:00:00,9574.0,9871.0,10028.961,10094.014
2018-03-17 19:00:00,9508.0,10177.0,10276.485,10292.11
2018-03-17 20:00:00,9692.0,10783.0,10479.837,10728.44
2018-03-17 21:00:00,10272.0,10860.0,10646.207,10766.039
2018-03-17 22:00:00,10372.0,10743.0,10578.847,10766.444
2018-03-17 23:00:00,10251.0,10489.0,10550.977,10466.465
2018-03-18 00:00:00,9888.0,10056.0,10260.119,10078.857
2018-03-18 01:00:00,9518.0,9632.0,9868.865,9536.36
2018-03-18 02:00:00,9171.0,9360.0,9544.013,9141.462
2018-03-18 03:00:00,8994.0,9243.0,9217.471,8904.633
2018-03-18 04:00:00,8857.0,9126.0,8995.0625,8716.682
2018-03-18 05:00:00,8862.0,9031.0,8948.816,8674.146
2018-03-18 06:00:00,8815.0,8966.0,8943.06,8643.317
2018-03-18 07:00:00,9029.0,9127.0,9230.873,8863.165
2018-03-18 08:00:00,9285.0,9384.0,9303.429,9021.141
2018-03-18 09:00:00,9305.0,9431.0,9207.551,9142.851
2018-03-18 10:00:00,9408.0,9485.0,9150.503,9258.29
2018-03-18 11:00:00,9406.0,9568.0,9240.479,9407.932
2018-03-18 12:00:00,9378.0,9628.0,9382.808,9596.892
2018-03-18 13:00:00,9279.0,9638.0,9426.626,9625.869
2018-03-18 14:00:00,9192.0,9609.0,9385.689,9541.651
2018-03-18 15:00:00,9076.0,9562.0,9270.922,9481.011
2018-03-18 16:00:00,8971.0,9460.0,9242.991,9379.228
2018-03-18 17:00:00,8922.0,9440.0,9152.642,9333.416
2018-03-18 18:00:00,8907.0,9441.0,9226.793,9342.599
2018-03-18 19:00:00,9017.0,9523.0,9345.951,9414.06
2018-03-18 20:00:00,9199.0,9877.0,9648.815,9692.727
2018-03-18 21:00:00,9830.0,10574.0,10185.065,10274.728
2018-03-18 22:00:00,9886.0,10647.0,10302.336,10327.439
2018-03-18 23:00:00,9664.0,10463.0,10241.935,10125.425
2018-03-19 00:00:00,9302.0,10052.0,9665.177,9529.495
2018-03-19 01:00:00,8915.0,9629.0,9258.676,9207.238
2018-03-19 02:00:00,8630.0,9249.0,8915.423,8957.42
2018-03-19 03:00:00,8491.0,9071.0,8907.363,8841.25
2018-03-19 04:00:00,8450.0,8970.0,8709.306,8702.208
2018-03-19 05:00:00,8503.0,9100.0,8732.312,8689.941
2018-03-19 06:00:00,8841.0,9255.0,8853.452,8855.454
2018-03-19 07:00:00,9652.0,10031.0,9937.607,9941.837
2018-03-19 08:00:00,10871.0,11161.0,10758.848,10636.067
2018-03-19 09:00:00,11410.0,11826.0,11224.735,11302.255
2018-03-19 10:00:00,11466.0,11923.0,11344.631,11421.771
2018-03-19 11:00:00,11337.0,11973.0,11419.247,11419.303
2018-03-19 12:00:00,11319.0,11960.0,11380.253,11388.706
2018-03-19 13:00:00,11245.0,11914.0,11352.178,11373.802
2018-03-19 14:00:00,11171.0,11725.0,11316.731,11328.773
2018-03-19 15:00:00,11135.0,11599.0,11279.031,11299.671
2018-03-19 16:00:00,11021.0,11449.0,11102.244,11149.876
2018-03-19 17:00:00,10913.0,11304.0,11044.201,11031.035
2018-03-19 18:00:00,10904.0,11276.0,11037.722,11076.161
2018-03-19 19:00:00,10957.0,11321.0,11150.511,11121.411
2018-03-19 20:00:00,11043.0,11468.0,11301.345,11228.915
2018-03-19 21:00:00,11612.0,11865.0,11412.997,11401.054
2018-03-19 22:00:00,11571.0,11750.0,11430.39,11315.045
2018-03-19 23:00:00,11203.0,11362.0,11214.294,11139.19
2018-03-20 00:00:00,10524.0,10740.0,10497.787,10274.648
2018-03-20 01:00:00,9919.0,10104.0,9890.8125,9657.534
2018-03-20 02:00:00,9564.0,9746.0,9428.266,9117.843
2018-03-20 03:00:00,9354.0,9535.0,9309.867,8913.438
2018-03-20 04:00:00,9269.0,9407.0,9154.523,8779.903
2018-03-20 05:00:00,9283.0,9464.0,9175.102,8811.007
2018-03-20 06:00:00,9599.0,9755.0,9462.856,9055.27
2018-03-20 07:00:00,10354.0,10463.0,10155.873,9887.533
2018-03-20 08:00:00,11447.0,11581.0,11293.504,10930.22
2018-03-20 09:00:00,11821.0,12044.0,11849.443,11567.791
2018-03-20 10:00:00,11954.0,12030.0,11883.954,11628.715
2018-03-20 11:00:00,11916.0,11935.0,11889.75,11785.522
2018-03-20 12:00:00,11828.0,11922.0,11816.62,11847.125
2018-03-20 13:00:00,11737.0,11958.0,11813.248,11903.685
2018-03-20 14:00:00,11609.0,11919.0,11701.408,11895.637
2018-03-20 15:00:00,11563.0,11984.0,11653.0205,11754.736
2018-03-20 16:00:00,11422.0,11937.0,11538.095,11681.189
2018-03-20 17:00:00,11315.0,11950.0,11451.332,11575.402
2018-03-20 18:00:00,11308.0,11926.0,11469.504,11581.503
2018-03-20 19:00:00,11387.0,11900.0,11681.536,11641.6875
2018-03-20 20:00:00,11487.0,11996.0,11772.712,11692.374
2018-03-20 21:00:00,11948.0,12411.0,11954.104,11814.022
2018-03-20 22:00:00,11839.0,12312.0,11746.717,11741.864
2018-03-20 23:00:00,11409.0,11883.0,11455.256,11582.531
2018-03-21 00:00:00,10791.0,11227.0,10811.6045,10706.905
2018-03-21 01:00:00,10141.0,10599.0,9960.085,9953.7295
2018-03-21 02:00:00,9756.0,10213.0,9621.318,9586.098
2018-03-21 03:00:00,9485.0,9994.0,9437.782,9338.216
2018-03-21 04:00:00,9378.0,9913.0,9381.592,9199.397
2018-03-21 05:00:00,9369.0,9939.0,9272.725,9155.171
2018-03-21 06:00:00,9618.0,10164.0,9556.616,9498.897
2018-03-21 07:00:00,10349.0,10892.0,10368.803,10307.786
2018-03-21 08:00:00,11461.0,11951.0,11458.774,11283.793
2018-03-21 09:00:00,11845.0,12388.0,11741.569,11659.1875
2018-03-21 10:00:00,11923.0,12347.0,11934.528,11912.144
2018-03-21 11:00:00,11837.0,12152.0,11958.692,11987.607
2018-03-21 12:00:00,11749.0,12059.0,11863.845,11867.465
2018-03-21 13:00:00,11615.0,11965.0,11849.828,11818.28
2018-03-21 14:00:00,11470.0,11832.0,11753.242,11756.39
2018-03-21 15:00:00,11414.0,11646.0,11728.694,11713.079
2018-03-21 16:00:00,11214.0,11459.0,11516.186,11557.971
2018-03-21 17:00:00,11032.0,11211.0,11413.078,11490.785
2018-03-21 18:00:00,10954.0,11092.0,11412.185,11485.059
2018-03-21 19:00:00,10966.0,11041.0,11371.727,11471.861
2018-03-21 20:00:00,10968.0,11107.0,11603.175,11616.754
2018-03-21 21:00:00,11552.0,11616.0,11856.373,11832.572
2018-03-21 22:00:00,11583.0,11549.0,11798.1045,11687.677
2018-03-21 23:00:00,11207.0,11159.0,11428.179,11317.94
2018-03-22 00:00:00,10616.0,10513.0,10895.854,10767.482
2018-03-22 01:00:00,10005.0,9896.0,10188.027,10090.462
2018-03-22 02:00:00,9628.0,9499.0,9767.429,9662.718
2018-03-22 03:00:00,9432.0,9246.0,9484.786,9312.716
2018-03-22 04:00:00,9351.0,9167.0,9409.423,9193.402
2018-03-22 05:00:00,9378.0,9212.0,9404.268,9176.86
2018-03-22 06:00:00,9685.0,9482.0,9658.659,9371.399
2018-03-22 07:00:00,10391.0,10226.0,10328.304,10266.174
2018-03-22 08:00:00,11494.0,11364.0,11428.441,11261.501
2018-03-22 09:00:00,11846.0,11785.0,11678.918,11688.343
2018-03-22 10:00:00,11797.0,11759.0,11819.222,11848.682
2018-03-22 11:00:00,11652.0,11634.0,11718.49,11794.676
2018-03-22 12:00:00,11552.0,11510.0,11709.403,11782.557
2018-03-22 13:00:00,11418.0,11413.0,11626.873,11717.391
2018-03-22 14:00:00,11242.0,11269.0,11518.882,11633.283
2018-03-22 15:00:00,11177.0,11220.0,11451.818,11502.681
2018-03-22 16:00:00,10994.0,11045.0,11228.052,11477.012
2018-03-22 17:00:00,10783.0,10853.0,11039.359,11378.479
2018-03-22 18:00:00,10667.0,10812.0,10971.408,11307.051
2018-03-22 19:00:00,10610.0,10816.0,10985.813,11291.529
2018-03-22 20:00:00,10663.0,10927.0,11148.709,11378.492
2018-03-22 21:00:00,11217.0,11571.0,11561.685,11585.432
2018-03-22 22:00:00,11248.0,11574.0,11526.368,11553.054
2018-03-22 23:00:00,10913.0,11257.0,11123.666,11170.614
2018-03-23 00:00:00,10345.0,10665.0,10680.596,10565.116
2018-03-23 01:00:00,9774.0,10100.0,10044.51,9926.666
2018-03-23 02:00:00,9374.0,9700.0,9663.449,9528.786
2018-03-23 03:00:00,9148.0,9510.0,9376.816,9212.0625
2018-03-23 04:00:00,9073.0,9414.0,9239.386,9078.135
2018-03-23 05:00:00,9089.0,9429.0,9267.816,9154.288
2018-03-23 06:00:00,9410.0,9714.0,9510.108,9414.139
2018-03-23 07:00:00,10116.0,10386.0,10195.984,10216.031
2018-03-23 08:00:00,11147.0,11480.0,10989.874,10911.038
2018-03-23 09:00:00,11521.0,12015.0,11445.122,11382.491
2018-03-23 10:00:00,11544.0,12131.0,11449.009,11327.759
2018-03-23 11:00:00,11464.0,12142.0,11409.216,11276.15
2018-03-23 12:00:00,11412.0,12000.0,11385.074,11339.331
2018-03-23 13:00:00,11272.0,11851.0,11319.981,11257.607
2018-03-23 14:00:00,11170.0,11712.0,11306.934,11188.308
2018-03-23 15:00:00,11065.0,11586.0,11264.712,11203.735
2018-03-23 16:00:00,10921.0,11416.0,11021.516,11000.802
2018-03-23 17:00:00,10733.0,11304.0,10859.525,10857.108
2018-03-23 18:00:00,10722.0,11257.0,10692.379,10678.061
2018-03-23 19:00:00,10768.0,11322.0,10620.525,10725.048
2018-03-23 20:00:00,10886.0,11394.0,10731.3125,10819.167
2018-03-23 21:00:00,11381.0,11855.0,11265.802,11216.255
2018-03-23 22:00:00,11357.0,11711.0,11297.508,11219.585
2018-03-23 23:00:00,11120.0,11322.0,10930.136,11060.361
2018-03-24 00:00:00,10551.0,10710.0,10450.1,10250.837
2018-03-24 01:00:00,9954.0,10118.0,9763.39,9787.887
2018-03-24 02:00:00,9545.0,9767.0,9337.387,9329.5625
2018-03-24 03:00:00,9230.0,9484.0,8960.594,8949.987
2018-03-24 04:00:00,9084.0,9291.0,8820.657,8777.113
2018-03-24 05:00:00,9007.0,9316.0,8769.3125,8746.918
2018-03-24 06:00:00,9157.0,9361.0,8940.451,8963.593
2018-03-24 07:00:00,9363.0,9672.0,9339.856,9387.288
2018-03-24 08:00:00,9912.0,10090.0,9735.253,9743.289
2018-03-24 09:00:00,10132.0,10379.0,10115.16,10139.02
2018-03-24 10:00:00,10549.0,10694.0,10245.653,10180.998
2018-03-24 11:00:00,10782.0,10835.0,10310.77,10428.409
2018-03-24 12:00:00,10881.0,10801.0,10296.774,10384.066
2018-03-24 13:00:00,10902.0,10659.0,10260.8545,10329.468
2018-03-24 14:00:00,10737.0,10464.0,10151.032,10259.007
2018-03-24 15:00:00,10544.0,10097.0,10049.629,10122.734
2018-03-24 16:00:00,10411.0,9899.0,9884.071,10031.099
2018-03-24 17:00:00,10252.0,9642.0,9799.596,9942.844
2018-03-24 18:00:00,10221.0,9574.0,9759.535,10006.19
2018-03-24 19:00:00,10266.0,9508.0,9852.394,10119.804
2018-03-24 20:00:00,10301.0,9692.0,10033.227,10384.74
2018-03-24 21:00:00,10657.0,10272.0,10351.284,10682.15
2018-03-24 22:00:00,10684.0,10372.0,10518.536,10795.454
2018-03-24 23:00:00,10459.0,10251.0,10283.234,10446.241
2018-03-25 00:00:00,10085.0,9888.0,10127.177,10141.952
2018-03-25 01:00:00,9590.0,9518.0,9774.436,9659.872
2018-03-25 02:00:00,9321.0,9171.0,9342.093,9169.374
2018-03-25 03:00:00,9096.0,8994.0,9095.534,8847.129
2018-03-25 04:00:00,8993.0,8857.0,8886.198,8675.351
2018-03-25 05:00:00,9047.0,8862.0,8881.981,8631.201
2018-03-25 06:00:00,9113.0,8815.0,8991.691,8709.678
2018-03-25 07:00:00,9289.0,9029.0,9085.876,8747.799
2018-03-25 08:00:00,9569.0,9285.0,9321.6455,9005.477
2018-03-25 09:00:00,9535.0,9305.0,9407.417,9106.332
2018-03-25 10:00:00,9687.0,9408.0,9708.949,9408.662
2018-03-25 11:00:00,9716.0,9406.0,9825.565,9604.127
2018-03-25 12:00:00,9715.0,9378.0,9847.055,9728.33
2018-03-25 13:00:00,9699.0,9279.0,9891.592,9851.04
2018-03-25 14:00:00,9624.0,9192.0,9770.054,9807.716
2018-03-25 15:00:00,9501.0,9076.0,9571.457,9776.265
2018-03-25 16:00:00,9373.0,8971.0,9437.183,9601.602
2018-03-25 17:00:00,9354.0,8922.0,9369.532,9615.248
2018-03-25 18:00:00,9394.0,8907.0,9454.438,9676.12
2018-03-25 19:00:00,9527.0,9017.0,9735.064,9866.348
2018-03-25 20:00:00,9678.0,9199.0,9914.155,10036.159
2018-03-25 21:00:00,10322.0,9830.0,10163.526,10350.07
2018-03-25 22:00:00,10488.0,9886.0,10331.228,10492.495
2018-03-25 23:00:00,10265.0,9664.0,10295.559,10307.515
2018-03-26 00:00:00,9908.0,9302.0,9945.122,9845.898
2018-03-26 01:00:00,9554.0,8915.0,9477.483,9436.678
2018-03-26 02:00:00,9289.0,8630.0,9211.834,9134.183
2018-03-26 03:00:00,9157.0,8491.0,9182.1045,8963.262
2018-03-26 04:00:00,9128.0,8450.0,9170.065,8919.511
2018-03-26 05:00:00,9168.0,8503.0,9163.976,8917.75
2018-03-26 06:00:00,9462.0,8841.0,9366.33,9229.086
2018-03-26 07:00:00,10198.0,9652.0,10125.129,9899.089
2018-03-26 08:00:00,11165.0,10871.0,10964.715,10835.174
2018-03-26 09:00:00,11549.0,11410.0,11439.605,11443.347
2018-03-26 10:00:00,11606.0,11466.0,11361.763,11536.594
2018-03-26 11:00:00,11470.0,11337.0,11408.598,11536.007
2018-03-26 12:00:00,11410.0,11319.0,11346.011,11502.95
2018-03-26 13:00:00,11365.0,11245.0,11307.769,11569.214
2018-03-26 14:00:00,11271.0,11171.0,11254.1875,11523.598
2018-03-26 15:00:00,11212.0,11135.0,11248.461,11600.834
2018-03-26 16:00:00,11112.0,11021.0,11218.634,11515.085
2018-03-26 17:00:00,11023.0,10913.0,11098.963,11382.44
2018-03-26 18:00:00,10964.0,10904.0,11199.507,11554.682
2018-03-26 19:00:00,10937.0,10957.0,11285.969,11602.882
2018-03-26 20:00:00,10944.0,11043.0,11388.431,11687.234
2018-03-26 21:00:00,11234.0,11612.0,11577.66,11797.201
2018-03-26 22:00:00,11061.0,11571.0,11579.701,11768.912
2018-03-26 23:00:00,10669.0,11203.0,11166.416,11404.251
2018-03-27 00:00:00,10111.0,10524.0,10200.878,10600.392
2018-03-27 01:00:00,9560.0,9919.0,9701.586,9946.223
2018-03-27 02:00:00,9152.0,9564.0,9115.071,9490.571
2018-03-27 03:00:00,8890.0,9354.0,8869.126,9296.764
2018-03-27 04:00:00,8743.0,9269.0,8674.863,9173.026
2018-03-27 05:00:00,8650.0,9283.0,8677.586,9219.999
2018-03-27 06:00:00,8878.0,9599.0,8910.9795,9347.541
2018-03-27 07:00:00,9469.0,10354.0,9694.159,10248.876
2018-03-27 08:00:00,10402.0,11447.0,10326.375,10875.401
2018-03-27 09:00:00,10904.0,11821.0,10913.427,11324.78
2018-03-27 10:00:00,11133.0,11954.0,11105.121,11248.798
2018-03-27 11:00:00,11260.0,11916.0,11290.608,11470.719
2018-03-27 12:00:00,11356.0,11828.0,11347.365,11445.949
2018-03-27 13:00:00,11297.0,11737.0,11340.808,11402.875
2018-03-27 14:00:00,11193.0,11609.0,11294.978,11335.402
2018-03-27 15:00:00,11174.0,11563.0,11272.5625,11314.126
2018-03-27 16:00:00,11099.0,11422.0,11111.494,11176.128
2018-03-27 17:00:00,10990.0,11315.0,11034.929,11076.91
2018-03-27 18:00:00,10909.0,11308.0,11034.287,11056.376
2018-03-27 19:00:00,10860.0,11387.0,11006.456,11059.047
2018-03-27 20:00:00,10801.0,11487.0,11044.53,11130.59
2018-03-27 21:00:00,11085.0,11948.0,11266.159,11322.68
2018-03-27 22:00:00,10973.0,11839.0,11093.73,11153.402
2018-03-27 23:00:00,10604.0,11409.0,10861.587,10904.031
2018-03-28 00:00:00,10034.0,10791.0,10228.94,10227.473
2018-03-28 01:00:00,9485.0,10141.0,9566.926,9578.341
2018-03-28 02:00:00,9094.0,9756.0,9059.867,9102.626
2018-03-28 03:00:00,8894.0,9485.0,8823.805,8788.209
2018-03-28 04:00:00,8723.0,9378.0,8718.669,8653.624
2018-03-28 05:00:00,8699.0,9369.0,8702.62,8623.763
2018-03-28 06:00:00,8953.0,9618.0,8856.726,8787.814
2018-03-28 07:00:00,9583.0,10349.0,9484.593,9433.796
2018-03-28 08:00:00,10483.0,11461.0,10389.303,10406.602
2018-03-28 09:00:00,10905.0,11845.0,11030.448,11056.838
2018-03-28 10:00:00,11129.0,11923.0,11114.623,11217.564
2018-03-28 11:00:00,11133.0,11837.0,11247.8545,11296.406
2018-03-28 12:00:00,11099.0,11749.0,11258.221,11317.255
2018-03-28 13:00:00,10976.0,11615.0,11241.694,11257.332
2018-03-28 14:00:00,10911.0,11470.0,11186.854,11179.366
2018-03-28 15:00:00,10847.0,11414.0,11154.624,11158.086
2018-03-28 16:00:00,10710.0,11214.0,10977.9,11017.462
2018-03-28 17:00:00,10567.0,11032.0,10882.551,10886.711
2018-03-28 18:00:00,10473.0,10954.0,10841.124,10828.045
2018-03-28 19:00:00,10490.0,10966.0,10848.017,10833.458
2018-03-28 20:00:00,10478.0,10968.0,10888.937,10816.497
2018-03-28 21:00:00,10890.0,11552.0,11062.327,11048.369
2018-03-28 22:00:00,10823.0,11583.0,11029.779,11008.235
2018-03-28 23:00:00,10435.0,11207.0,10615.97,10540.695
2018-03-29 00:00:00,9866.0,10616.0,10017.046,9971.311
2018-03-29 01:00:00,9299.0,10005.0,9452.402,9486.596
2018-03-29 02:00:00,8897.0,9628.0,8943.24,9020.022
2018-03-29 03:00:00,8664.0,9432.0,8702.42,8707.372
2018-03-29 04:00:00,8522.0,9351.0,8510.982,8588.001
2018-03-29 05:00:00,8513.0,9378.0,8486.64,8589.233
2018-03-29 06:00:00,8769.0,9685.0,8683.272,8747.271
2018-03-29 07:00:00,9317.0,10391.0,9398.295,9418.313
2018-03-29 08:00:00,10247.0,11494.0,10283.364,10390.038
2018-03-29 09:00:00,10702.0,11846.0,10842.158,10893.186
2018-03-29 10:00:00,10991.0,11797.0,10945.019,11015.681
2018-03-29 11:00:00,11067.0,11652.0,11009.125,11011.637
2018-03-29 12:00:00,11078.0,11552.0,11011.771,11043.962
2018-03-29 13:00:00,11030.0,11418.0,11026.272,11036.178
2018-03-29 14:00:00,10994.0,11242.0,10924.25,10953.142
2018-03-29 15:00:00,10994.0,11177.0,10886.936,10845.097
2018-03-29 16:00:00,10936.0,10994.0,10771.903,10739.265
2018-03-29 17:00:00,10866.0,10783.0,10516.369,10536.366
2018-03-29 18:00:00,10845.0,10667.0,10466.425,10477.604
2018-03-29 19:00:00,10804.0,10610.0,10593.54,10491.595
2018-03-29 20:00:00,10707.0,10663.0,10568.006,10588.588
2018-03-29 21:00:00,11048.0,11217.0,10943.844,10933.986
2018-03-29 22:00:00,11009.0,11248.0,10909.82,10848.429
2018-03-29 23:00:00,10674.0,10913.0,10440.454,10477.487
2018-03-30 00:00:00,10095.0,10345.0,9953.808,9854.852
2018-03-30 01:00:00,9512.0,9774.0,9456.018,9358.301
2018-03-30 02:00:00,9118.0,9374.0,9037.509,8856.723
2018-03-30 03:00:00,8835.0,9148.0,8777.884,8577.32
2018-03-30 04:00:00,8705.0,9073.0,8621.16,8466.737
2018-03-30 05:00:00,8693.0,9089.0,8618.86,8466.737
2018-03-30 06:00:00,8883.0,9410.0,8792.19,8618.697
2018-03-30 07:00:00,9384.0,10116.0,9405.176,9344.711
2018-03-30 08:00:00,10022.0,11147.0,10109.896,10099.782
2018-03-30 09:00:00,10298.0,11521.0,10754.077,10660.713
2018-03-30 10:00:00,10516.0,11544.0,11036.518,10935.687
2018-03-30 11:00:00,10521.0,11464.0,11116.972,10965.127
2018-03-30 12:00:00,10434.0,11412.0,11083.625,10968.777
2018-03-30 13:00:00,10282.0,11272.0,11025.653,10950.456
2018-03-30 14:00:00,10104.0,11170.0,10880.004,10837.637
2018-03-30 15:00:00,9991.0,11065.0,10792.997,10751.376
2018-03-30 16:00:00,9852.0,10921.0,10597.199,10539.2
2018-03-30 17:00:00,9727.0,10733.0,10493.496,10436.792
2018-03-30 18:00:00,9670.0,10722.0,10456.523,10359.959
2018-03-30 19:00:00,9733.0,10768.0,10446.821,10339.868
2018-03-30 20:00:00,9822.0,10886.0,10457.135,10348.496
2018-03-30 21:00:00,10154.0,11381.0,10624.831,10518.866
2018-03-30 22:00:00,10193.0,11357.0,10519.207,10441.6
2018-03-30 23:00:00,9973.0,11120.0,10313.248,10158.299
2018-03-31 00:00:00,9545.0,10551.0,9894.638,9768.387
2018-03-31 01:00:00,9096.0,9954.0,9274.358,9248.097
2018-03-31 02:00:00,8768.0,9545.0,8898.205,8819.292
2018-03-31 03:00:00,8551.0,9230.0,8593.07,8510.465
2018-03-31 04:00:00,8467.0,9084.0,8529.839,8426.448
2018-03-31 05:00:00,8382.0,9007.0,8442.142,8393.963
2018-03-31 06:00:00,8468.0,9157.0,8438.541,8421.768
2018-03-31 07:00:00,8666.0,9363.0,8619.482,8695.83
2018-03-31 08:00:00,9106.0,9912.0,8916.491,9070.954
2018-03-31 09:00:00,9383.0,10132.0,9084.331,9178.784
2018-03-31 10:00:00,9918.0,10549.0,9313.32,9312.502
2018-03-31 11:00:00,10099.0,10782.0,9359.89,9403.547
2018-03-31 12:00:00,10193.0,10881.0,9443.428,9537.364
2018-03-31 13:00:00,10095.0,10902.0,9446.533,9574.959
2018-03-31 14:00:00,9817.0,10737.0,9453.271,9488.384
2018-03-31 15:00:00,9583.0,10544.0,9315.395,9319.009
2018-03-31 16:00:00,9394.0,10411.0,9339.092,9461.684
2018-03-31 17:00:00,9228.0,10252.0,9169.287,9243.602
2018-03-31 18:00:00,9152.0,10221.0,9102.777,9227.887
2018-03-31 19:00:00,9214.0,10266.0,9326.745,9341.689
2018-03-31 20:00:00,9325.0,10301.0,9581.746,9632.298
2018-03-31 21:00:00,9850.0,10657.0,9757.287,9877.755
2018-03-31 22:00:00,10016.0,10684.0,9827.035,9971.165
2018-03-31 23:00:00,9857.0,10459.0,9737.164,9769.718
2018-04-01 00:00:00,9556.0,10085.0,9476.984,9399.728
2018-04-01 01:00:00,9127.0,9590.0,9106.035,8832.014
2018-04-01 02:00:00,8829.0,9321.0,8899.492,8486.021
2018-04-01 03:00:00,8632.0,9096.0,8738.883,8181.668
2018-04-01 04:00:00,8571.0,8993.0,8652.08,8075.7295
2018-04-01 05:00:00,8543.0,9047.0,8641.891,8036.026
2018-04-01 06:00:00,8691.0,9113.0,8773.56,8042.327
2018-04-01 07:00:00,8881.0,9289.0,8809.28,8155.9927
2018-04-01 08:00:00,9055.0,9569.0,9000.785,8425.121
2018-04-01 09:00:00,9050.0,9535.0,9198.074,8655.8
2018-04-01 10:00:00,9201.0,9687.0,9544.603,9090.498
2018-04-01 11:00:00,9348.0,9716.0,9602.126,9310.481
2018-04-01 12:00:00,9390.0,9715.0,9527.003,9377.209
2018-04-01 13:00:00,9338.0,9699.0,9570.188,9476.22
2018-04-01 14:00:00,9194.0,9624.0,9511.537,9366.454
2018-04-01 15:00:00,9111.0,9501.0,9362.65,9202.967
2018-04-01 16:00:00,9049.0,9373.0,9220.502,9156.662
2018-04-01 17:00:00,9027.0,9354.0,9206.022,9113.115
2018-04-01 18:00:00,9056.0,9394.0,9190.395,9079.9375
2018-04-01 19:00:00,9192.0,9527.0,9686.99,9255.795
2018-04-01 20:00:00,9454.0,9678.0,9795.345,9401.139
2018-04-01 21:00:00,9995.0,10322.0,10191.988,10003.379
2018-04-01 22:00:00,10172.0,10488.0,10260.715,10063.335
2018-04-01 23:00:00,9983.0,10265.0,10391.095,10089.559
2018-04-02 00:00:00,9660.0,9908.0,9977.633,9341.117
2018-04-02 01:00:00,9259.0,9554.0,9377.287,8998.839
2018-04-02 02:00:00,9073.0,9289.0,9276.408,8772.391
2018-04-02 03:00:00,8960.0,9157.0,9177.035,8533.932
2018-04-02 04:00:00,8889.0,9128.0,9231.221,8520.838
2018-04-02 05:00:00,9056.0,9168.0,9245.836,8520.838
2018-04-02 06:00:00,9383.0,9462.0,9583.218,8874.582
2018-04-02 07:00:00,10172.0,10198.0,10290.498,9750.911
2018-04-02 08:00:00,11112.0,11165.0,11258.509,10615.898
2018-04-02 09:00:00,11557.0,11549.0,11783.599,11223.338
2018-04-02 10:00:00,11656.0,11606.0,11634.57,11406.929
2018-04-02 11:00:00,11504.0,11470.0,11626.752,11486.212
2018-04-02 12:00:00,11478.0,11410.0,11617.459,11474.126
2018-04-02 13:00:00,11431.0,11365.0,11467.61,11478.036
2018-04-02 14:00:00,11345.0,11271.0,11453.18,11452.2705
2018-04-02 15:00:00,11293.0,11212.0,11385.124,11535.079
2018-04-02 16:00:00,11211.0,11112.0,11238.222,11410.449
2018-04-02 17:00:00,11031.0,11023.0,11176.455,11397.6875
2018-04-02 18:00:00,10900.0,10964.0,11263.915,11471.349
2018-04-02 19:00:00,10828.0,10937.0,11307.775,11454.195
2018-04-02 20:00:00,10885.0,10944.0,11565.259,11645.55
2018-04-02 21:00:00,11345.0,11234.0,11505.187,11689.187
2018-04-02 22:00:00,11300.0,11061.0,11493.81,11733.938
2018-04-02 23:00:00,10903.0,10669.0,11027.417,11354.829
2018-04-03 00:00:00,10225.0,10111.0,10340.089,10537.726
2018-04-03 01:00:00,9577.0,9560.0,9690.607,9816.822
2018-04-03 02:00:00,9171.0,9152.0,9356.104,9426.353
2018-04-03 03:00:00,8956.0,8890.0,9133.901,9056.067
2018-04-03 04:00:00,8841.0,8743.0,8942.776,8991.03
2018-04-03 05:00:00,8800.0,8650.0,8877.094,9004.795
2018-04-03 06:00:00,9042.0,8878.0,9110.811,9227.92
2018-04-03 07:00:00,9745.0,9469.0,9823.666,9875.762
2018-04-03 08:00:00,10768.0,10402.0,10815.02,10906.623
2018-04-03 09:00:00,11354.0,10904.0,11270.149,11167.759
2018-04-03 10:00:00,11628.0,11133.0,11393.832,11298.038
2018-04-03 11:00:00,11712.0,11260.0,11440.144,11486.981
2018-04-03 12:00:00,11832.0,11356.0,11556.51,11612.832
2018-04-03 13:00:00,11859.0,11297.0,11531.37,11562.019
2018-04-03 14:00:00,11782.0,11193.0,11424.63,11469.908
2018-04-03 15:00:00,11806.0,11174.0,11392.85,11461.26
2018-04-03 16:00:00,11763.0,11099.0,11256.129,11473.391
2018-04-03 17:00:00,11667.0,10990.0,11154.249,11363.456
2018-04-03 18:00:00,11642.0,10909.0,11108.64,11389.531
2018-04-03 19:00:00,11656.0,10860.0,11201.894,11396.814
2018-04-03 20:00:00,11631.0,10801.0,11169.007,11391.26
2018-04-03 21:00:00,11820.0,11085.0,11519.052,11718.867
2018-04-03 22:00:00,11676.0,10973.0,11513.948,11752.811
2018-04-03 23:00:00,11185.0,10604.0,11022.905,11425.272
2018-04-04 00:00:00,10577.0,10034.0,10482.602,10474.006
2018-04-04 01:00:00,10014.0,9485.0,9856.298,9806.951
2018-04-04 02:00:00,9669.0,9094.0,9549.739,9387.725
2018-04-04 03:00:00,9463.0,8894.0,9406.694,9020.645
2018-04-04 04:00:00,9415.0,8723.0,9318.109,8918.295
2018-04-04 05:00:00,9471.0,8699.0,9338.471,8953.4375
2018-04-04 06:00:00,9811.0,8953.0,9555.049,9115.067
2018-04-04 07:00:00,10528.0,9583.0,10155.146,9746.631
2018-04-04 08:00:00,11462.0,10483.0,11141.419,10940.11
2018-04-04 09:00:00,11957.0,10905.0,11682.295,11418.016
2018-04-04 10:00:00,12104.0,11129.0,11865.847,11799.258
2018-04-04 11:00:00,12013.0,11133.0,11737.055,11963.992
2018-04-04 12:00:00,12020.0,11099.0,11764.044,11977.443
2018-04-04 13:00:00,11975.0,10976.0,11838.889,11994.213
2018-04-04 14:00:00,11900.0,10911.0,11714.0,11850.395
2018-04-04 15:00:00,11922.0,10847.0,11696.074,11829.517
2018-04-04 16:00:00,11829.0,10710.0,11590.2,11708.502
2018-04-04 17:00:00,11658.0,10567.0,11487.137,11687.097
2018-04-04 18:00:00,11568.0,10473.0,11455.552,11724.137
2018-04-04 19:00:00,11499.0,10490.0,11500.37,11678.247
2018-04-04 20:00:00,11428.0,10478.0,11535.749,11682.788
2018-04-04 21:00:00,11796.0,10890.0,11774.388,11838.14
2018-04-04 22:00:00,11919.0,10823.0,11817.292,11772.237
2018-04-04 23:00:00,11501.0,10435.0,11716.603,11604.019
2018-04-05 00:00:00,10826.0,9866.0,10880.107,10652.871
2018-04-05 01:00:00,10243.0,9299.0,10362.496,10045.9795
2018-04-05 02:00:00,9865.0,8897.0,9960.541,9604.338
2018-04-05 03:00:00,9660.0,8664.0,9632.788,9301.952
2018-04-05 04:00:00,9541.0,8522.0,9539.987,9086.806
2018-04-05 05:00:00,9562.0,8513.0,9546.615,9088.969
2018-04-05 06:00:00,9777.0,8769.0,9900.02,9416.194
2018-04-05 07:00:00,10505.0,9317.0,10581.033,10077.65
2018-04-05 08:00:00,11493.0,10247.0,11316.598,11190.607
2018-04-05 09:00:00,11831.0,10702.0,11760.262,11693.009
2018-04-05 10:00:00,11856.0,10991.0,11940.144,11930.635
2018-04-05 11:00:00,11725.0,11067.0,11933.828,12100.606
2018-04-05 12:00:00,11649.0,11078.0,11894.193,12157.723
2018-04-05 13:00:00,11540.0,11030.0,11881.701,12079.385
2018-04-05 14:00:00,11376.0,10994.0,11787.531,11944.062
2018-04-05 15:00:00,11353.0,10994.0,11776.597,11897.766
2018-04-05 16:00:00,11295.0,10936.0,11554.311,11752.541
2018-04-05 17:00:00,11272.0,10866.0,11493.004,11680.709
2018-04-05 18:00:00,11313.0,10845.0,11520.027,11656.527
2018-04-05 19:00:00,11408.0,10804.0,11459.233,11665.815
2018-04-05 20:00:00,11381.0,10707.0,11432.55,11644.611
2018-04-05 21:00:00,11680.0,11048.0,11623.579,11734.309
2018-04-05 22:00:00,11620.0,11009.0,11716.929,11792.182
2018-04-05 23:00:00,11223.0,10674.0,11322.238,11415.536
2018-04-06 00:00:00,10556.0,10095.0,10671.467,10629.632
2018-04-06 01:00:00,9943.0,9512.0,9942.143,9940.386
2018-04-06 02:00:00,9565.0,9118.0,9549.511,9497.992
2018-04-06 03:00:00,9334.0,8835.0,9259.036,9227.7705
2018-04-06 04:00:00,9180.0,8705.0,9098.64,9104.306
2018-04-06 05:00:00,9177.0,8693.0,9083.426,9118.512
2018-04-06 06:00:00,9411.0,8883.0,9266.097,9245.514
2018-04-06 07:00:00,10073.0,9384.0,9980.093,9932.387
2018-04-06 08:00:00,10993.0,10022.0,10710.703,10833.181
2018-04-06 09:00:00,11501.0,10298.0,10964.9,11168.9375
2018-04-06 10:00:00,11787.0,10516.0,11248.014,11464.124
2018-04-06 11:00:00,11913.0,10521.0,11255.92,11497.967
2018-04-06 12:00:00,11887.0,10434.0,11213.279,11480.538
2018-04-06 13:00:00,11785.0,10282.0,11083.485,11359.76
2018-04-06 14:00:00,11855.0,10104.0,10995.62,11135.463
2018-04-06 15:00:00,11899.0,9991.0,10986.52,11141.122
2018-04-06 16:00:00,11767.0,9852.0,11011.353,10980.635
2018-04-06 17:00:00,11512.0,9727.0,10839.441,10882.122
2018-04-06 18:00:00,11371.0,9670.0,10821.977,10974.473
2018-04-06 19:00:00,11315.0,9733.0,10882.504,11074.955
2018-04-06 20:00:00,11322.0,9822.0,11024.714,11089.94
2018-04-06 21:00:00,11646.0,10154.0,11209.272,11320.93
2018-04-06 22:00:00,11719.0,10193.0,11293.14,11254.373
2018-04-06 23:00:00,11446.0,9973.0,11329.607,11147.581
2018-04-07 00:00:00,10889.0,9545.0,10788.331,10562.469
2018-04-07 01:00:00,10379.0,9096.0,10314.341,9961.193
2018-04-07 02:00:00,9992.0,8768.0,9906.464,9342.606
2018-04-07 03:00:00,9774.0,8551.0,9598.531,9068.871
2018-04-07 04:00:00,9625.0,8467.0,9571.172,8801.358
2018-04-07 05:00:00,9602.0,8382.0,9602.167,8727.6875
2018-04-07 06:00:00,9723.0,8468.0,9545.961,8772.403
2018-04-07 07:00:00,10042.0,8666.0,9878.039,9122.756
2018-04-07 08:00:00,10355.0,9106.0,10164.896,9558.401
2018-04-07 09:00:00,10570.0,9383.0,10442.322,9949.924
2018-04-07 10:00:00,10742.0,9918.0,10577.544,10130.484
2018-04-07 11:00:00,10811.0,10099.0,10583.813,10390.209
2018-04-07 12:00:00,10786.0,10193.0,10510.339,10456.163
2018-04-07 13:00:00,10675.0,10095.0,10418.29,10368.846
2018-04-07 14:00:00,10502.0,9817.0,10322.682,10352.648
2018-04-07 15:00:00,10205.0,9583.0,10259.851,10376.438
2018-04-07 16:00:00,10019.0,9394.0,10093.576,10216.473
2018-04-07 17:00:00,9812.0,9228.0,10074.164,10138.4
2018-04-07 18:00:00,9730.0,9152.0,10102.777,10142.502
2018-04-07 19:00:00,9706.0,9214.0,10231.922,10299.993
2018-04-07 20:00:00,9787.0,9325.0,10363.315,10711.432
2018-04-07 21:00:00,10293.0,9850.0,10560.808,10713.545
2018-04-07 22:00:00,10609.0,10016.0,10606.199,10733.0625
2018-04-07 23:00:00,10416.0,9857.0,10725.586,10843.17
2018-04-08 00:00:00,10036.0,9556.0,10556.276,10211.935
2018-04-08 01:00:00,9691.0,9127.0,9735.265,9509.36
2018-04-08 02:00:00,9396.0,8829.0,9652.558,9001.573
2018-04-08 03:00:00,9210.0,8632.0,9513.173,8951.771
2018-04-08 04:00:00,9116.0,8571.0,9437.881,8795.361
2018-04-08 05:00:00,9073.0,8543.0,9272.94,8743.374
2018-04-08 06:00:00,9148.0,8691.0,9480.84,8783.724
2018-04-08 07:00:00,9324.0,8881.0,9475.77,8778.575
2018-04-08 08:00:00,9471.0,9055.0,9547.903,9027.236
2018-04-08 09:00:00,9461.0,9050.0,9512.824,9059.334
2018-04-08 10:00:00,9569.0,9201.0,9698.012,9279.772
2018-04-08 11:00:00,9657.0,9348.0,9754.95,9577.696
2018-04-08 12:00:00,9599.0,9390.0,9807.151,9780.166
2018-04-08 13:00:00,9612.0,9338.0,9750.049,9621.528
2018-04-08 14:00:00,9529.0,9194.0,9718.098,9627.939
2018-04-08 15:00:00,9483.0,9111.0,9587.232,9538.474
2018-04-08 16:00:00,9399.0,9049.0,9519.558,9517.379
2018-04-08 17:00:00,9327.0,9027.0,9546.513,9579.247
2018-04-08 18:00:00,9482.0,9056.0,9647.394,9566.9375
2018-04-08 19:00:00,9649.0,9192.0,9756.77,9608.347
2018-04-08 20:00:00,9934.0,9454.0,9897.882,9842.292
2018-04-08 21:00:00,10397.0,9995.0,10334.817,10401.931
2018-04-08 22:00:00,10516.0,10172.0,10456.158,10603.507
2018-04-08 23:00:00,10212.0,9983.0,10501.294,10524.293
2018-04-09 00:00:00,9774.0,9660.0,10009.871,9831.816
2018-04-09 01:00:00,9427.0,9259.0,9640.368,9549.833
2018-04-09 02:00:00,9184.0,9073.0,9284.394,9239.867
2018-04-09 03:00:00,9047.0,8960.0,9176.666,9030.965
2018-04-09 04:00:00,9006.0,8889.0,9096.448,8967.849
2018-04-09 05:00:00,9067.0,9056.0,9107.382,8973.819
2018-04-09 06:00:00,9352.0,9383.0,9296.529,9157.13
2018-04-09 07:00:00,10139.0,10172.0,10212.944,9997.162
2018-04-09 08:00:00,11058.0,11112.0,11026.0625,10703.049
2018-04-09 09:00:00,11612.0,11557.0,11469.215,11298.661
2018-04-09 10:00:00,11824.0,11656.0,11607.621,11531.978
2018-04-09 11:00:00,11858.0,11504.0,11667.0,11573.519
2018-04-09 12:00:00,11855.0,11478.0,11543.33,11592.948
2018-04-09 13:00:00,11822.0,11431.0,11562.259,11686.588
2018-04-09 14:00:00,11802.0,11345.0,11549.32,11780.236
2018-04-09 15:00:00,11766.0,11293.0,11709.201,11859.783
2018-04-09 16:00:00,11641.0,11211.0,11601.017,11691.835
2018-04-09 17:00:00,11579.0,11031.0,11647.887,11752.444
2018-04-09 18:00:00,11505.0,10900.0,11570.709,11891.491
2018-04-09 19:00:00,11465.0,10828.0,11596.809,11858.656
2018-04-09 20:00:00,11399.0,10885.0,11640.89,11882.662
2018-04-09 21:00:00,11634.0,11345.0,11855.301,11964.034
2018-04-09 22:00:00,11637.0,11300.0,12064.679,11900.639
2018-04-09 23:00:00,11192.0,10903.0,11712.932,11758.122
2018-04-10 00:00:00,10510.0,10225.0,10843.806,10864.797
2018-04-10 01:00:00,9974.0,9577.0,10098.747,9952.864
2018-04-10 02:00:00,9589.0,9171.0,9817.827,9586.149
2018-04-10 03:00:00,9430.0,8956.0,9618.439,9332.136
2018-04-10 04:00:00,9337.0,8841.0,9485.303,9203.321
2018-04-10 05:00:00,9348.0,8800.0,9468.59,9175.674
2018-04-10 06:00:00,9650.0,9042.0,9681.627,9344.021
2018-04-10 07:00:00,10388.0,9745.0,10348.903,10151.51
2018-04-10 08:00:00,11255.0,10768.0,11154.153,11149.45
2018-04-10 09:00:00,11657.0,11354.0,11658.557,11592.322
2018-04-10 10:00:00,11650.0,11628.0,11846.111,11826.814
2018-04-10 11:00:00,11552.0,11712.0,11914.246,12041.491
2018-04-10 12:00:00,11492.0,11832.0,11848.487,12049.366
2018-04-10 13:00:00,11360.0,11859.0,11715.411,11866.418
2018-04-10 14:00:00,11228.0,11782.0,11626.054,11795.947
2018-04-10 15:00:00,11221.0,11806.0,11603.848,11738.661
2018-04-10 16:00:00,11080.0,11763.0,11502.269,11695.538
2018-04-10 17:00:00,10977.0,11667.0,11488.543,11670.519
2018-04-10 18:00:00,10906.0,11642.0,11512.251,11686.846
2018-04-10 19:00:00,10849.0,11656.0,11556.718,11692.118
2018-04-10 20:00:00,10831.0,11631.0,11599.619,11792.524
2018-04-10 21:00:00,11166.0,11820.0,11584.573,11656.74
2018-04-10 22:00:00,11257.0,11676.0,11534.563,11616.117
2018-04-10 23:00:00,10820.0,11185.0,11190.485,11406.753
2018-04-11 00:00:00,10204.0,10577.0,10648.923,10557.615
2018-04-11 01:00:00,9619.0,10014.0,9927.919,9943.603
2018-04-11 02:00:00,9245.0,9669.0,9355.592,9454.974
2018-04-11 03:00:00,9004.0,9463.0,9141.659,9172.434
2018-04-11 04:00:00,8853.0,9415.0,8995.025,9033.7
2018-04-11 05:00:00,8890.0,9471.0,9009.2,9016.994
2018-04-11 06:00:00,9129.0,9811.0,9314.46,9320.508
2018-04-11 07:00:00,9916.0,10528.0,10061.184,10120.109
2018-04-11 08:00:00,10760.0,11462.0,10897.957,10832.456
2018-04-11 09:00:00,11171.0,11957.0,11249.402,11228.1045
2018-04-11 10:00:00,11210.0,12104.0,11203.154,11357.4795
2018-04-11 11:00:00,11139.0,12013.0,11324.938,11483.911
2018-04-11 12:00:00,11084.0,12020.0,11497.768,11548.686
2018-04-11 13:00:00,10997.0,11975.0,11612.84,11436.582
2018-04-11 14:00:00,10883.0,11900.0,11723.799,11336.227
2018-04-11 15:00:00,10875.0,11922.0,11786.919,11307.433
2018-04-11 16:00:00,10769.0,11829.0,11731.913,11243.622
2018-04-11 17:00:00,10636.0,11658.0,11674.167,11193.777
2018-04-11 18:00:00,10525.0,11568.0,11317.891,11161.748
2018-04-11 19:00:00,10466.0,11499.0,11008.2705,11038.107
2018-04-11 20:00:00,10446.0,11428.0,11037.15,10985.037
2018-04-11 21:00:00,10784.0,11796.0,11204.071,11149.61
2018-04-11 22:00:00,10779.0,11919.0,11182.352,11158.619
2018-04-11 23:00:00,10361.0,11501.0,10803.752,10814.372
2018-04-12 00:00:00,9774.0,10826.0,10073.229,10131.0
2018-04-12 01:00:00,9111.0,10243.0,9436.598,9536.27
2018-04-12 02:00:00,8749.0,9865.0,8935.962,9049.184
2018-04-12 03:00:00,8502.0,9660.0,8647.926,8820.117
2018-04-12 04:00:00,8366.0,9541.0,8397.885,8571.112
2018-04-12 05:00:00,8333.0,9562.0,8404.63,8626.68
2018-04-12 06:00:00,8536.0,9777.0,8638.143,8923.563
2018-04-12 07:00:00,9228.0,10505.0,9299.004,9574.651
2018-04-12 08:00:00,10053.0,11493.0,10194.833,10435.683
2018-04-12 09:00:00,10523.0,11831.0,10766.339,10766.598
2018-04-12 10:00:00,10808.0,11856.0,10970.122,10810.248
2018-04-12 11:00:00,10781.0,11725.0,11315.725,10908.5205
2018-04-12 12:00:00,10867.0,11649.0,11645.363,10971.752
2018-04-12 13:00:00,10882.0,11540.0,11711.872,10959.116
2018-04-12 14:00:00,10877.0,11376.0,11878.817,10880.672
2018-04-12 15:00:00,10924.0,11353.0,12004.993,10857.41
2018-04-12 16:00:00,10798.0,11295.0,11333.158,10700.335
2018-04-12 17:00:00,10579.0,11272.0,10555.089,10495.72
2018-04-12 18:00:00,10404.0,11313.0,10517.441,10468.666
2018-04-12 19:00:00,10215.0,11408.0,10520.161,10436.383
2018-04-12 20:00:00,10065.0,11381.0,10448.673,10335.394
2018-04-12 21:00:00,10464.0,11680.0,10757.884,10656.28
2018-04-12 22:00:00,10604.0,11620.0,10771.343,10640.14
2018-04-12 23:00:00,10223.0,11223.0,10352.368,10272.462
2018-04-13 00:00:00,9645.0,10556.0,9763.795,9729.905
2018-04-13 01:00:00,9067.0,9943.0,9138.26,9122.777
2018-04-13 02:00:00,8703.0,9565.0,8725.178,8719.346
2018-04-13 03:00:00,8472.0,9334.0,8443.16,8463.606
2018-04-13 04:00:00,8363.0,9180.0,8281.833,8329.734
2018-04-13 05:00:00,8364.0,9177.0,8254.736,8327.541
2018-04-13 06:00:00,8575.0,9411.0,8442.636,8462.213
2018-04-13 07:00:00,9260.0,10073.0,9078.679,9077.397
2018-04-13 08:00:00,10101.0,10993.0,9747.745,9844.365
2018-04-13 09:00:00,10576.0,11501.0,10235.968,10413.846
2018-04-13 10:00:00,10811.0,11787.0,10509.997,10604.101
2018-04-13 11:00:00,10913.0,11913.0,10652.827,10645.646
2018-04-13 12:00:00,11081.0,11887.0,10784.032,10810.026
2018-04-13 13:00:00,11136.0,11785.0,10782.396,10801.754
2018-04-13 14:00:00,11149.0,11855.0,10744.047,10756.448
2018-04-13 15:00:00,11207.0,11899.0,10761.085,10730.213
2018-04-13 16:00:00,11169.0,11767.0,10617.1045,10554.575
2018-04-13 17:00:00,10954.0,11512.0,10423.087,10385.044
2018-04-13 18:00:00,10929.0,11371.0,10296.874,10225.25
2018-04-13 19:00:00,10792.0,11315.0,10277.754,10182.682
2018-04-13 20:00:00,10780.0,11322.0,10246.564,10219.926
2018-04-13 21:00:00,11004.0,11646.0,10509.99,10614.301
2018-04-13 22:00:00,10961.0,11719.0,10528.1045,10625.616
2018-04-13 23:00:00,10632.0,11446.0,10289.807,10384.732
2018-04-14 00:00:00,10033.0,10889.0,9870.102,9824.812
2018-04-14 01:00:00,9498.0,10379.0,9375.424,9318.47
2018-04-14 02:00:00,9161.0,9992.0,8821.501,8692.138
2018-04-14 03:00:00,8948.0,9774.0,8535.161,8421.28
2018-04-14 04:00:00,8839.0,9625.0,8351.164,8256.367
2018-04-14 05:00:00,8712.0,9602.0,8320.071,8248.596
2018-04-14 06:00:00,8838.0,9723.0,8322.934,8264.456
2018-04-14 07:00:00,9098.0,10042.0,8678.835,8585.688
2018-04-14 08:00:00,9537.0,10355.0,9462.749,9444.051
2018-04-14 09:00:00,9880.0,10570.0,9618.957,9591.964
2018-04-14 10:00:00,10282.0,10742.0,9947.507,9803.915
2018-04-14 11:00:00,10612.0,10811.0,10123.56,10077.346
2018-04-14 12:00:00,10709.0,10786.0,10182.694,10217.712
2018-04-14 13:00:00,10673.0,10675.0,10173.877,10256.455
2018-04-14 14:00:00,10529.0,10502.0,10016.53,10008.957
2018-04-14 15:00:00,10377.0,10205.0,9904.945,9903.726
2018-04-14 16:00:00,10352.0,10019.0,9811.178,9874.594
2018-04-14 17:00:00,10330.0,9812.0,9795.446,9802.117
2018-04-14 18:00:00,10450.0,9730.0,9851.539,9989.657
2018-04-14 19:00:00,10494.0,9706.0,9914.136,9987.968
2018-04-14 20:00:00,10595.0,9787.0,10088.384,10195.706
2018-04-14 21:00:00,10772.0,10293.0,10154.804,10375.211
2018-04-14 22:00:00,10688.0,10609.0,10411.705,10464.606
2018-04-14 23:00:00,10473.0,10416.0,10267.92,10307.208
2018-04-15 00:00:00,10034.0,10036.0,9865.324,9934.9795
2018-04-15 01:00:00,9604.0,9691.0,9338.664,9368.278
2018-04-15 02:00:00,9193.0,9396.0,8970.76,8997.526
2018-04-15 03:00:00,9016.0,9210.0,8686.385,8639.749
2018-04-15 04:00:00,8823.0,9116.0,8576.689,8543.29
2018-04-15 05:00:00,8796.0,9073.0,8516.9795,8457.715
2018-04-15 06:00:00,8819.0,9148.0,8527.145,8473.528
2018-04-15 07:00:00,9013.0,9324.0,8662.968,8575.545
2018-04-15 08:00:00,9223.0,9471.0,8961.21,8822.349
2018-04-15 09:00:00,9414.0,9461.0,9137.658,9052.958
2018-04-15 10:00:00,9863.0,9569.0,9484.182,9382.92
2018-04-15 11:00:00,10136.0,9657.0,9742.563,9747.624
2018-04-15 12:00:00,10326.0,9599.0,9851.263,9788.299
2018-04-15 13:00:00,10319.0,9612.0,9911.84,9968.6875
2018-04-15 14:00:00,10181.0,9529.0,9862.8,10101.787
2018-04-15 15:00:00,10121.0,9483.0,9863.79,10055.095
2018-04-15 16:00:00,10044.0,9399.0,9760.704,9996.844
2018-04-15 17:00:00,10076.0,9327.0,9778.858,10043.034
2018-04-15 18:00:00,10134.0,9482.0,9881.598,10179.021
2018-04-15 19:00:00,10292.0,9649.0,10059.527,10425.306
2018-04-15 20:00:00,10391.0,9934.0,10280.874,10607.662
2018-04-15 21:00:00,10716.0,10397.0,10567.61,10946.64
2018-04-15 22:00:00,10800.0,10516.0,10610.943,10893.435
2018-04-15 23:00:00,10544.0,10212.0,10506.979,10728.251
2018-04-16 00:00:00,10117.0,9774.0,10166.602,10088.841
2018-04-16 01:00:00,9691.0,9427.0,9711.156,9660.5
2018-04-16 02:00:00,9436.0,9184.0,9426.826,9349.226
2018-04-16 03:00:00,9293.0,9047.0,9313.727,9140.884
2018-04-16 04:00:00,9241.0,9006.0,9121.301,8919.688
2018-04-16 05:00:00,9360.0,9067.0,9150.969,8919.688
2018-04-16 06:00:00,9709.0,9352.0,9360.973,9064.019
2018-04-16 07:00:00,10482.0,10139.0,10333.665,10028.877
2018-04-16 08:00:00,11432.0,11058.0,11374.051,10872.0625
2018-04-16 09:00:00,12079.0,11612.0,11946.148,11558.312
2018-04-16 10:00:00,12327.0,11824.0,12041.776,11947.584
2018-04-16 11:00:00,12355.0,11858.0,11834.32,11979.913
2018-04-16 12:00:00,12378.0,11855.0,11962.008,12208.453
2018-04-16 13:00:00,12305.0,11822.0,12037.462,12281.88
2018-04-16 14:00:00,12277.0,11802.0,12003.16,12246.2
2018-04-16 15:00:00,12272.0,11766.0,12104.023,12235.137
2018-04-16 16:00:00,12174.0,11641.0,11895.527,12175.75
2018-04-16 17:00:00,12073.0,11579.0,12035.901,12225.624
2018-04-16 18:00:00,12028.0,11505.0,11962.59,12169.406
2018-04-16 19:00:00,12009.0,11465.0,12072.137,12157.063
2018-04-16 20:00:00,11873.0,11399.0,12091.271,12232.452
2018-04-16 21:00:00,12005.0,11634.0,12340.961,12506.1045
2018-04-16 22:00:00,12019.0,11637.0,12287.952,12522.046
2018-04-16 23:00:00,11552.0,11192.0,11729.066,12165.936
2018-04-17 00:00:00,10874.0,10510.0,11134.174,11199.836
2018-04-17 01:00:00,10266.0,9974.0,10353.089,10347.246
2018-04-17 02:00:00,9843.0,9589.0,9917.581,9775.773
2018-04-17 03:00:00,9677.0,9430.0,9789.239,9518.037
2018-04-17 04:00:00,9537.0,9337.0,9654.657,9380.64
2018-04-17 05:00:00,9582.0,9348.0,9665.442,9377.126
2018-04-17 06:00:00,9857.0,9650.0,9949.337,9703.782
2018-04-17 07:00:00,10605.0,10388.0,10720.531,10571.198
2018-04-17 08:00:00,11386.0,11255.0,11454.215,11519.893
2018-04-17 09:00:00,11792.0,11657.0,11939.225,11823.161
2018-04-17 10:00:00,11889.0,11650.0,12111.664,12002.222
2018-04-17 11:00:00,11859.0,11552.0,12112.0,12171.8955
2018-04-17 12:00:00,11846.0,11492.0,12108.68,12287.121
2018-04-17 13:00:00,11705.0,11360.0,12075.208,12234.717
2018-04-17 14:00:00,11556.0,11228.0,11970.077,12069.593
2018-04-17 15:00:00,11437.0,11221.0,11981.39,12184.165
2018-04-17 16:00:00,11262.0,11080.0,11823.531,12024.028
2018-04-17 17:00:00,11035.0,10977.0,11839.251,12013.765
2018-04-17 18:00:00,10931.0,10906.0,11797.864,11952.575
2018-04-17 19:00:00,10848.0,10849.0,11849.415,11901.79
2018-04-17 20:00:00,10758.0,10831.0,11717.591,11788.508
2018-04-17 21:00:00,11112.0,11166.0,11811.428,11859.811
2018-04-17 22:00:00,11462.0,11257.0,11723.181,11790.034
2018-04-17 23:00:00,11163.0,10820.0,11247.217,11377.258
2018-04-18 00:00:00,10576.0,10204.0,10610.91,10477.024
2018-04-18 01:00:00,9935.0,9619.0,10009.718,9857.729
2018-04-18 02:00:00,9624.0,9245.0,9643.275,9524.294
2018-04-18 03:00:00,9451.0,9004.0,9434.622,9267.961
2018-04-18 04:00:00,9315.0,8853.0,9247.651,9078.893
2018-04-18 05:00:00,9301.0,8890.0,9215.282,9073.476
2018-04-18 06:00:00,9596.0,9129.0,9537.686,9316.977
2018-04-18 07:00:00,10323.0,9916.0,10235.722,10173.869
2018-04-18 08:00:00,11130.0,10760.0,11071.523,11087.558
2018-04-18 09:00:00,11684.0,11171.0,11472.532,11432.009
2018-04-18 10:00:00,11896.0,11210.0,11702.801,11741.419
2018-04-18 11:00:00,12044.0,11139.0,11654.259,11861.462
2018-04-18 12:00:00,12111.0,11084.0,11653.866,11862.853
2018-04-18 13:00:00,12160.0,10997.0,11617.231,11717.982
2018-04-18 14:00:00,12137.0,10883.0,11521.514,11676.74
2018-04-18 15:00:00,12164.0,10875.0,11512.48,11646.155
2018-04-18 16:00:00,12042.0,10769.0,11282.046,11473.238
2018-04-18 17:00:00,11952.0,10636.0,11113.43,11348.808
2018-04-18 18:00:00,11909.0,10525.0,11198.77,11459.884
2018-04-18 19:00:00,11942.0,10466.0,11195.893,11505.698
2018-04-18 20:00:00,11870.0,10446.0,11246.694,11551.491
2018-04-18 21:00:00,12009.0,10784.0,11449.474,11712.251
2018-04-18 22:00:00,11923.0,10779.0,11650.746,11932.294
2018-04-18 23:00:00,11455.0,10361.0,11471.219,11735.253
2018-04-19 00:00:00,10805.0,9774.0,10559.407,10669.468
2018-04-19 01:00:00,10210.0,9111.0,10064.238,10122.932
2018-04-19 02:00:00,9845.0,8749.0,9559.663,9621.121
2018-04-19 03:00:00,9597.0,8502.0,9223.55,9203.401
2018-04-19 04:00:00,9447.0,8366.0,9080.671,9037.512
2018-04-19 05:00:00,9376.0,8333.0,9095.723,9048.208
2018-04-19 06:00:00,9613.0,8536.0,9303.35,9261.834
2018-04-19 07:00:00,10296.0,9228.0,10041.615,9968.307
2018-04-19 08:00:00,11058.0,10053.0,10818.095,10904.594
2018-04-19 09:00:00,11436.0,10523.0,11459.336,11614.646
2018-04-19 10:00:00,11531.0,10808.0,11653.257,11856.136
2018-04-19 11:00:00,11492.0,10781.0,11746.863,12101.082
2018-04-19 12:00:00,11447.0,10867.0,11737.772,12154.266
2018-04-19 13:00:00,11335.0,10882.0,11702.524,12075.928
2018-04-19 14:00:00,11194.0,10877.0,11668.701,11969.14
2018-04-19 15:00:00,11107.0,10924.0,11663.414,11917.03
2018-04-19 16:00:00,10926.0,10798.0,11414.682,11742.954
2018-04-19 17:00:00,10726.0,10579.0,11264.435,11640.96
2018-04-19 18:00:00,10548.0,10404.0,11266.904,11645.96
2018-04-19 19:00:00,10450.0,10215.0,11076.36,11499.762
2018-04-19 20:00:00,10372.0,10065.0,11134.143,11421.68
2018-04-19 21:00:00,10609.0,10464.0,11239.629,11449.467
2018-04-19 22:00:00,10949.0,10604.0,11347.962,11439.371
2018-04-19 23:00:00,10686.0,10223.0,11055.948,11241.408
2018-04-20 00:00:00,10111.0,9645.0,10329.074,10332.156
2018-04-20 01:00:00,9584.0,9067.0,9844.724,9739.033
2018-04-20 02:00:00,9240.0,8703.0,9459.175,9318.268
2018-04-20 03:00:00,9053.0,8472.0,9287.811,9066.935
2018-04-20 04:00:00,8930.0,8363.0,9178.993,8862.511
2018-04-20 05:00:00,8959.0,8364.0,8999.264,8873.192
2018-04-20 06:00:00,9236.0,8575.0,9311.721,9077.227
2018-04-20 07:00:00,9932.0,9260.0,9813.63,9684.187
2018-04-20 08:00:00,10661.0,10101.0,10445.618,10469.599
2018-04-20 09:00:00,11084.0,10576.0,10809.223,10871.115
2018-04-20 10:00:00,11112.0,10811.0,10849.387,10997.078
2018-04-20 11:00:00,11016.0,10913.0,10959.01,11124.3125
2018-04-20 12:00:00,10964.0,11081.0,11071.781,11184.799
2018-04-20 13:00:00,10851.0,11136.0,11045.11,11080.384
2018-04-20 14:00:00,10775.0,11149.0,11002.405,11041.084
2018-04-20 15:00:00,10744.0,11207.0,10957.578,11035.197
2018-04-20 16:00:00,10618.0,11169.0,10870.261,10890.814
2018-04-20 17:00:00,10420.0,10954.0,10799.208,10762.116
2018-04-20 18:00:00,10275.0,10929.0,10640.992,10665.028
2018-04-20 19:00:00,10109.0,10792.0,10387.454,10454.826
2018-04-20 20:00:00,9984.0,10780.0,10471.004,10525.414
2018-04-20 21:00:00,10159.0,11004.0,10682.14,10683.421
2018-04-20 22:00:00,10474.0,10961.0,10869.522,10834.194
2018-04-20 23:00:00,10199.0,10632.0,10704.115,10662.325
2018-04-21 00:00:00,9695.0,10033.0,10041.248,9924.925
2018-04-21 01:00:00,9142.0,9498.0,9437.26,9393.099
2018-04-21 02:00:00,8801.0,9161.0,9060.869,8928.249
2018-04-21 03:00:00,8545.0,8948.0,8788.967,8615.648
2018-04-21 04:00:00,8426.0,8839.0,8626.763,8431.232
2018-04-21 05:00:00,8357.0,8712.0,8505.951,8367.993
2018-04-21 06:00:00,8454.0,8838.0,8587.563,8536.66
2018-04-21 07:00:00,8716.0,9098.0,8771.369,8825.876
2018-04-21 08:00:00,9022.0,9537.0,9054.204,8980.279
2018-04-21 09:00:00,9359.0,9880.0,9245.768,9353.826
2018-04-21 10:00:00,9722.0,10282.0,9497.11,9502.519
2018-04-21 11:00:00,9866.0,10612.0,9605.848,9608.948
2018-04-21 12:00:00,9968.0,10709.0,9653.89,9699.857
2018-04-21 13:00:00,9857.0,10673.0,9580.294,9655.845
2018-04-21 14:00:00,9733.0,10529.0,9527.151,9633.676
2018-04-21 15:00:00,9509.0,10377.0,9511.1,9579.331
2018-04-21 16:00:00,9365.0,10352.0,9361.183,9459.354
2018-04-21 17:00:00,9230.0,10330.0,9326.984,9405.92
2018-04-21 18:00:00,9191.0,10450.0,9460.258,9474.066
2018-04-21 19:00:00,9152.0,10494.0,9503.817,9527.08
2018-04-21 20:00:00,9268.0,10595.0,9536.612,9627.228
2018-04-21 21:00:00,9600.0,10772.0,9741.278,9879.824
2018-04-21 22:00:00,9820.0,10688.0,9884.475,9960.267
2018-04-21 23:00:00,9649.0,10473.0,9731.369,9797.433
2018-04-22 00:00:00,9199.0,10034.0,9351.501,9399.3545
2018-04-22 01:00:00,8801.0,9604.0,8812.678,8763.97
2018-04-22 02:00:00,8429.0,9193.0,8508.315,8428.33
2018-04-22 03:00:00,8188.0,9016.0,8261.216,8130.968
2018-04-22 04:00:00,8024.0,8823.0,8135.2363,8015.417
2018-04-22 05:00:00,7973.0,8796.0,8040.259,7907.4507
2018-04-22 06:00:00,7996.0,8819.0,8134.4673,7997.52
2018-04-22 07:00:00,8148.0,9013.0,8121.2183,8145.886
2018-04-22 08:00:00,8204.0,9223.0,8194.778,8287.811
2018-04-22 09:00:00,8429.0,9414.0,8371.665,8508.204
2018-04-22 10:00:00,8625.0,9863.0,8775.939,8972.974
2018-04-22 11:00:00,8727.0,10136.0,8987.928,9128.816
2018-04-22 12:00:00,8808.0,10326.0,9089.47,9211.359
2018-04-22 13:00:00,8817.0,10319.0,9125.244,9184.422
2018-04-22 14:00:00,8773.0,10181.0,9058.823,9080.923
2018-04-22 15:00:00,8754.0,10121.0,8885.474,8921.101
2018-04-22 16:00:00,8661.0,10044.0,8891.277,8921.741
2018-04-22 17:00:00,8627.0,10076.0,8732.995,8676.009
2018-04-22 18:00:00,8690.0,10134.0,8751.197,8788.375
2018-04-22 19:00:00,8747.0,10292.0,8849.146,8904.859
2018-04-22 20:00:00,8792.0,10391.0,9103.81,9135.604
2018-04-22 21:00:00,9049.0,10716.0,9380.418,9509.569
2018-04-22 22:00:00,9499.0,10800.0,9658.433,9680.3545
2018-04-22 23:00:00,9305.0,10544.0,9459.165,9292.761
2018-04-23 00:00:00,8891.0,10117.0,9087.09,9017.095
2018-04-23 01:00:00,8403.0,9691.0,8650.762,8612.399
2018-04-23 02:00:00,8158.0,9436.0,8255.605,8340.011
2018-04-23 03:00:00,8046.0,9293.0,8082.892,8111.158
2018-04-23 04:00:00,7993.0,9241.0,8047.295,8068.263
2018-04-23 05:00:00,8108.0,9360.0,8112.7134,8065.42
2018-04-23 06:00:00,8397.0,9709.0,8191.2627,8149.8555
2018-04-23 07:00:00,9159.0,10482.0,8945.334,9010.925
2018-04-23 08:00:00,9916.0,11432.0,10342.927,10124.361
2018-04-23 09:00:00,10598.0,12079.0,10723.807,10706.593
2018-04-23 10:00:00,10716.0,12327.0,10932.533,10919.523
2018-04-23 11:00:00,10763.0,12355.0,11032.143,10983.187
2018-04-23 12:00:00,10755.0,12378.0,11156.489,11101.778
2018-04-23 13:00:00,10733.0,12305.0,11153.267,11224.693
2018-04-23 14:00:00,10702.0,12277.0,11110.756,11192.813
2018-04-23 15:00:00,10714.0,12272.0,11197.857,11279.962
2018-04-23 16:00:00,10615.0,12174.0,11114.294,11212.347
2018-04-23 17:00:00,10506.0,12073.0,11033.38,11083.258
2018-04-23 18:00:00,10377.0,12028.0,10969.244,11024.933
2018-04-23 19:00:00,10287.0,12009.0,10970.624,10999.291
2018-04-23 20:00:00,10198.0,11873.0,10977.392,10974.66
2018-04-23 21:00:00,10402.0,12005.0,10982.2705,11057.366
2018-04-23 22:00:00,10601.0,12019.0,11038.684,11079.918
2018-04-23 23:00:00,10194.0,11552.0,10851.374,10781.664
2018-04-24 00:00:00,9519.0,10874.0,10073.519,10085.37
2018-04-24 01:00:00,8927.0,10266.0,9027.494,9065.801
2018-04-24 02:00:00,8519.0,9843.0,8581.056,8581.155
2018-04-24 03:00:00,8288.0,9677.0,8375.473,8494.762
2018-04-24 04:00:00,8131.0,9537.0,8315.883,8471.922
2018-04-24 05:00:00,8104.0,9582.0,8307.912,8465.878
2018-04-24 06:00:00,8324.0,9857.0,8525.233,8610.66
2018-04-24 07:00:00,9007.0,10605.0,9326.313,9651.394
2018-04-24 08:00:00,9785.0,11386.0,10055.785,10434.1045
2018-04-24 09:00:00,10395.0,11792.0,10649.215,10834.996
2018-04-24 10:00:00,10565.0,11889.0,10763.723,10985.411
2018-04-24 11:00:00,10621.0,11859.0,10928.661,11017.14
2018-04-24 12:00:00,10729.0,11846.0,10968.994,11072.63
2018-04-24 13:00:00,10770.0,11705.0,10984.034,11068.454
2018-04-24 14:00:00,10811.0,11556.0,10939.197,11016.889
2018-04-24 15:00:00,10854.0,11437.0,10923.905,11007.16
2018-04-24 16:00:00,10776.0,11262.0,10817.088,10839.561
2018-04-24 17:00:00,10689.0,11035.0,10760.362,10739.742
2018-04-24 18:00:00,10558.0,10931.0,10727.063,10649.028
2018-04-24 19:00:00,10446.0,10848.0,10722.963,10701.709
2018-04-24 20:00:00,10207.0,10758.0,10698.081,10623.023
2018-04-24 21:00:00,10307.0,11112.0,10740.217,10730.267
2018-04-24 22:00:00,10603.0,11462.0,10848.305,10848.632
2018-04-24 23:00:00,10176.0,11163.0,10687.706,10637.296
2018-04-25 00:00:00,9499.0,10576.0,9699.645,9636.678
2018-04-25 01:00:00,8876.0,9935.0,9118.327,9067.011
2018-04-25 02:00:00,8474.0,9624.0,8608.459,8657.689
2018-04-25 03:00:00,8251.0,9451.0,8404.677,8438.116
2018-04-25 04:00:00,8156.0,9315.0,8301.532,8370.2705
2018-04-25 05:00:00,8156.0,9301.0,8304.615,8370.2705
2018-04-25 06:00:00,8432.0,9596.0,8454.694,8483.505
2018-04-25 07:00:00,9091.0,10323.0,9197.587,9140.819
2018-04-25 08:00:00,9872.0,11130.0,9953.308,9927.582
2018-04-25 09:00:00,10456.0,11684.0,10589.709,10510.039
2018-04-25 10:00:00,10629.0,11896.0,10735.821,10770.341
2018-04-25 11:00:00,10708.0,12044.0,10812.368,10804.796
2018-04-25 12:00:00,10764.0,12111.0,10895.587,10857.758
2018-04-25 13:00:00,10713.0,12160.0,10964.549,10919.535
2018-04-25 14:00:00,10643.0,12137.0,10926.199,10866.02
2018-04-25 15:00:00,10666.0,12164.0,10928.757,10842.758
2018-04-25 16:00:00,10556.0,12042.0,10831.406,10729.0625
2018-04-25 17:00:00,10437.0,11952.0,10718.389,10619.689
2018-04-25 18:00:00,10286.0,11909.0,10658.149,10577.15
2018-04-25 19:00:00,10184.0,11942.0,10527.038,10473.131
2018-04-25 20:00:00,10037.0,11870.0,10596.816,10506.164
2018-04-25 21:00:00,10223.0,12009.0,10687.384,10638.469
2018-04-25 22:00:00,10592.0,11923.0,10699.152,10578.478
2018-04-25 23:00:00,10251.0,11455.0,10550.585,10391.722
2018-04-26 00:00:00,9662.0,10805.0,9694.933,9693.424
2018-04-26 01:00:00,9056.0,10210.0,9107.073,9045.936
2018-04-26 02:00:00,8720.0,9845.0,8681.338,8561.834
2018-04-26 03:00:00,8516.0,9597.0,8519.288,8399.828
2018-04-26 04:00:00,8389.0,9447.0,8533.486,8329.892
2018-04-26 05:00:00,8435.0,9376.0,8701.336,8329.892
2018-04-26 06:00:00,8692.0,9613.0,8842.972,8485.156
2018-04-26 07:00:00,9363.0,10296.0,9224.748,9140.409
2018-04-26 08:00:00,10095.0,11058.0,9856.306,9910.1
2018-04-26 09:00:00,10596.0,11436.0,10267.62,10330.736
2018-04-26 10:00:00,10727.0,11531.0,10539.543,10639.153
2018-04-26 11:00:00,10693.0,11492.0,10712.784,10700.475
2018-04-26 12:00:00,10767.0,11447.0,10822.601,10850.69
2018-04-26 13:00:00,10719.0,11335.0,10777.907,10774.29
2018-04-26 14:00:00,10722.0,11194.0,10775.24,10648.343
2018-04-26 15:00:00,10739.0,11107.0,10774.795,10637.116
2018-04-26 16:00:00,10659.0,10926.0,10761.781,10577.155
2018-04-26 17:00:00,10542.0,10726.0,10466.313,10372.544
2018-04-26 18:00:00,10409.0,10548.0,10307.784,10357.282
2018-04-26 19:00:00,10263.0,10450.0,10252.256,10310.76
2018-04-26 20:00:00,10077.0,10372.0,10177.367,10199.061
2018-04-26 21:00:00,10159.0,10609.0,10278.512,10332.653
2018-04-26 22:00:00,10454.0,10949.0,10541.547,10525.696
2018-04-26 23:00:00,10082.0,10686.0,10195.455,10188.872
2018-04-27 00:00:00,9430.0,10111.0,9621.061,9675.916
2018-04-27 01:00:00,8832.0,9584.0,8956.461,9111.181
2018-04-27 02:00:00,8399.0,9240.0,8629.597,8730.19
2018-04-27 03:00:00,8146.0,9053.0,8318.6875,8455.05
2018-04-27 04:00:00,8021.0,8930.0,8241.844,8373.674
2018-04-27 05:00:00,8015.0,8959.0,8337.705,8382.291
2018-04-27 06:00:00,8270.0,9236.0,8566.361,8547.372
2018-04-27 07:00:00,8900.0,9932.0,9133.088,9274.55
2018-04-27 08:00:00,9617.0,10661.0,9768.488,9916.299
2018-04-27 09:00:00,10161.0,11084.0,10169.057,10207.858
2018-04-27 10:00:00,10395.0,11112.0,10290.167,10404.005
2018-04-27 11:00:00,10491.0,11016.0,10377.053,10436.314
2018-04-27 12:00:00,10590.0,10964.0,10412.117,10464.059
2018-04-27 13:00:00,10582.0,10851.0,10389.577,10447.309
2018-04-27 14:00:00,10581.0,10775.0,10394.889,10400.018
2018-04-27 15:00:00,10605.0,10744.0,10384.006,10369.678
2018-04-27 16:00:00,10463.0,10618.0,10319.274,10181.8
2018-04-27 17:00:00,10312.0,10420.0,10232.48,10121.629
2018-04-27 18:00:00,10209.0,10275.0,10107.722,10060.051
2018-04-27 19:00:00,10160.0,10109.0,10244.934,9956.271
2018-04-27 20:00:00,10232.0,9984.0,10272.815,9921.593
2018-04-27 21:00:00,10362.0,10159.0,10361.986,10060.31
2018-04-27 22:00:00,10518.0,10474.0,10302.6045,10239.484
2018-04-27 23:00:00,10251.0,10199.0,10222.088,9983.214
2018-04-28 00:00:00,9685.0,9695.0,9474.826,9503.578
2018-04-28 01:00:00,9127.0,9142.0,8948.445,8993.517
2018-04-28 02:00:00,8698.0,8801.0,8643.57,8566.151
2018-04-28 03:00:00,8478.0,8545.0,8480.322,8288.803
2018-04-28 04:00:00,8289.0,8426.0,8370.699,8098.405
2018-04-28 05:00:00,8281.0,8357.0,8338.192,8069.6562
2018-04-28 06:00:00,8376.0,8454.0,8399.99,8117.0776
2018-04-28 07:00:00,8624.0,8716.0,8478.867,8346.052
2018-04-28 08:00:00,8806.0,9022.0,8619.519,8725.191
2018-04-28 09:00:00,9061.0,9359.0,8897.677,8919.437
2018-04-28 10:00:00,9317.0,9722.0,9251.663,9227.077
2018-04-28 11:00:00,9466.0,9866.0,9451.7705,9445.414
2018-04-28 12:00:00,9544.0,9968.0,9571.592,9485.219
2018-04-28 13:00:00,9455.0,9857.0,9553.958,9470.08
2018-04-28 14:00:00,9331.0,9733.0,9504.624,9438.538
2018-04-28 15:00:00,9164.0,9509.0,9394.872,9350.666
2018-04-28 16:00:00,9039.0,9365.0,9242.633,9224.095
2018-04-28 17:00:00,8901.0,9230.0,9232.866,9162.239
2018-04-28 18:00:00,8896.0,9191.0,9193.902,9215.619
2018-04-28 19:00:00,8858.0,9152.0,9229.809,9314.623
2018-04-28 20:00:00,8908.0,9268.0,9398.486,9442.391
2018-04-28 21:00:00,9110.0,9600.0,9698.197,9573.182
2018-04-28 22:00:00,9618.0,9820.0,9824.483,9622.13
2018-04-28 23:00:00,9491.0,9649.0,9758.243,9663.754
2018-04-29 00:00:00,9139.0,9199.0,9297.256,9116.409
2018-04-29 01:00:00,8752.0,8801.0,8806.188,8632.8
2018-04-29 02:00:00,8403.0,8429.0,8465.561,8243.663
2018-04-29 03:00:00,8243.0,8188.0,8299.476,8006.7505
2018-04-29 04:00:00,8098.0,8024.0,8063.2607,7756.2515
2018-04-29 05:00:00,8087.0,7973.0,8047.964,7729.7183
2018-04-29 06:00:00,8113.0,7996.0,8153.782,7819.7266
2018-04-29 07:00:00,8254.0,8148.0,8134.016,7804.276
2018-04-29 08:00:00,8231.0,8204.0,8007.9707,7941.307
2018-04-29 09:00:00,8415.0,8429.0,8163.9814,8101.6084
2018-04-29 10:00:00,8560.0,8625.0,8411.98,8404.484
2018-04-29 11:00:00,8705.0,8727.0,8588.126,8591.995
2018-04-29 12:00:00,8747.0,8808.0,8723.434,8724.305
2018-04-29 13:00:00,8733.0,8817.0,8752.316,8748.677
2018-04-29 14:00:00,8713.0,8773.0,8696.968,8764.132
2018-04-29 15:00:00,8645.0,8754.0,8712.526,8766.64
2018-04-29 16:00:00,8605.0,8661.0,8698.521,8704.073
2018-04-29 17:00:00,8547.0,8627.0,8683.311,8652.756
2018-04-29 18:00:00,8581.0,8690.0,8650.991,8532.019
2018-04-29 19:00:00,8664.0,8747.0,8744.685,8650.7
2018-04-29 20:00:00,8696.0,8792.0,8885.684,8838.269
2018-04-29 21:00:00,8928.0,9049.0,9066.617,9142.481
2018-04-29 22:00:00,9391.0,9499.0,9410.556,9474.503
2018-04-29 23:00:00,9228.0,9305.0,9352.961,9434.88
2018-04-30 00:00:00,8808.0,8891.0,9033.705,8991.914
2018-04-30 01:00:00,8381.0,8403.0,8561.232,8481.636
2018-04-30 02:00:00,8098.0,8158.0,8334.736,8162.9517
2018-04-30 03:00:00,7916.0,8046.0,8166.583,7984.3853
2018-04-30 04:00:00,7813.0,7993.0,8085.2056,7910.3525
2018-04-30 05:00:00,7975.0,8108.0,8096.537,7910.3525
2018-04-30 06:00:00,8300.0,8397.0,8318.828,8138.4336
2018-04-30 07:00:00,9010.0,9159.0,9001.238,8890.969
2018-04-30 08:00:00,9799.0,9916.0,9765.473,9998.384
2018-04-30 09:00:00,10368.0,10598.0,10320.095,10502.921
2018-04-30 10:00:00,10514.0,10716.0,10823.17,10915.103
2018-04-30 11:00:00,10676.0,10763.0,11096.483,10988.95
2018-04-30 12:00:00,10815.0,10755.0,11526.548,11003.489
2018-04-30 13:00:00,10858.0,10733.0,11826.476,11113.617
2018-04-30 14:00:00,10905.0,10702.0,11896.547,11087.155
2018-04-30 15:00:00,10977.0,10714.0,11936.568,11092.1045
2018-04-30 16:00:00,10963.0,10615.0,12001.052,10963.034
2018-04-30 17:00:00,10867.0,10506.0,11879.635,10681.381
2018-04-30 18:00:00,10788.0,10377.0,11828.971,10895.459
2018-04-30 19:00:00,10707.0,10287.0,11531.616,10469.467
2018-04-30 20:00:00,10491.0,10198.0,11049.715,10276.101
2018-04-30 21:00:00,10461.0,10402.0,11227.203,10858.779
2018-04-30 22:00:00,10755.0,10601.0,11173.36,10912.06
2018-04-30 23:00:00,10358.0,10194.0,10820.485,10342.577
2018-05-01 00:00:00,9658.0,9519.0,9636.712,9736.9375
2018-05-01 01:00:00,8937.0,8927.0,9007.4375,9066.265
2018-05-01 02:00:00,8411.0,8519.0,8450.189,8541.947
2018-05-01 03:00:00,8110.0,8288.0,8183.8633,8241.058
2018-05-01 04:00:00,7917.0,8131.0,8068.4434,8118.3047
2018-05-01 05:00:00,7844.0,8104.0,8077.383,8130.3135
2018-05-01 06:00:00,8020.0,8324.0,8171.9604,8285.537
2018-05-01 07:00:00,8519.0,9007.0,9067.643,9213.901
2018-05-01 08:00:00,9293.0,9785.0,10146.336,9974.516
2018-05-01 09:00:00,10048.0,10395.0,11085.46,10321.533
2018-05-01 10:00:00,10537.0,10565.0,11491.471,10519.364
2018-05-01 11:00:00,10896.0,10621.0,12669.077,10838.98
2018-05-01 12:00:00,11235.0,10729.0,12915.638,11127.702
2018-05-01 13:00:00,11482.0,10770.0,13140.53,11242.902
2018-05-01 14:00:00,11667.0,10811.0,13355.985,11234.857
2018-05-01 15:00:00,11909.0,10854.0,13556.633,11372.19
2018-05-01 16:00:00,11998.0,10776.0,13806.833,11282.714
2018-05-01 17:00:00,12011.0,10689.0,13740.119,11184.727
2018-05-01 18:00:00,11971.0,10558.0,13715.977,10993.703
2018-05-01 19:00:00,11851.0,10446.0,13712.57,11090.086
2018-05-01 20:00:00,11609.0,10207.0,13020.152,10815.502
2018-05-01 21:00:00,11592.0,10307.0,12918.114,10995.364
2018-05-01 22:00:00,11870.0,10603.0,12531.849,11110.712
2018-05-01 23:00:00,11448.0,10176.0,12519.296,10941.813
2018-05-02 00:00:00,10647.0,9499.0,11619.262,10013.056
2018-05-02 01:00:00,9874.0,8876.0,10199.158,9220.708
2018-05-02 02:00:00,9313.0,8474.0,9567.577,8746.695
2018-05-02 03:00:00,8893.0,8251.0,9088.336,8477.9375
2018-05-02 04:00:00,8591.0,8156.0,8910.442,8288.93
2018-05-02 05:00:00,8459.0,8156.0,8874.119,8288.917
2018-05-02 06:00:00,8577.0,8432.0,8924.86,8361.866
2018-05-02 07:00:00,9164.0,9091.0,9399.007,8854.593
2018-05-02 08:00:00,9990.0,9872.0,10631.806,9494.47
2018-05-02 09:00:00,10840.0,10456.0,11663.591,10254.369
2018-05-02 10:00:00,11373.0,10629.0,12629.345,10924.392
2018-05-02 11:00:00,11752.0,10708.0,12690.964,11446.942
2018-05-02 12:00:00,12070.0,10764.0,12985.032,11927.192
2018-05-02 13:00:00,12418.0,10713.0,13990.118,12229.515
2018-05-02 14:00:00,12731.0,10643.0,14221.283,12286.6875
2018-05-02 15:00:00,13164.0,10666.0,14688.367,12471.088
2018-05-02 16:00:00,13417.0,10556.0,14005.408,12488.28
2018-05-02 17:00:00,13545.0,10437.0,14367.168,12661.471
2018-05-02 18:00:00,13370.0,10286.0,14150.647,12624.525
2018-05-02 19:00:00,13106.0,10184.0,13135.173,12373.204
2018-05-02 20:00:00,12898.0,10037.0,13112.646,12359.174
2018-05-02 21:00:00,12914.0,10223.0,12926.029,12512.552
2018-05-02 22:00:00,12670.0,10592.0,12448.1455,12656.901
2018-05-02 23:00:00,12055.0,10251.0,12590.842,12353.568
2018-05-03 00:00:00,11160.0,9662.0,11309.346,10900.239
2018-05-03 01:00:00,10307.0,9056.0,10249.248,10113.18
2018-05-03 02:00:00,9648.0,8720.0,9866.932,9461.62
2018-05-03 03:00:00,9160.0,8516.0,9469.9,9043.256
2018-05-03 04:00:00,8862.0,8389.0,9199.273,8768.993
2018-05-03 05:00:00,8776.0,8435.0,9169.167,8765.544
2018-05-03 06:00:00,8917.0,8692.0,9259.104,8910.754
2018-05-03 07:00:00,9406.0,9363.0,9502.053,9448.002
2018-05-03 08:00:00,10244.0,10095.0,10201.883,10091.285
2018-05-03 09:00:00,10986.0,10596.0,10806.044,11111.525
2018-05-03 10:00:00,11306.0,10727.0,11368.193,11604.401
2018-05-03 11:00:00,11612.0,10693.0,11582.776,12335.602
2018-05-03 12:00:00,11883.0,10767.0,11737.747,12843.738
2018-05-03 13:00:00,11881.0,10719.0,11718.664,12987.61
2018-05-03 14:00:00,11937.0,10722.0,11674.471,12966.032
2018-05-03 15:00:00,12025.0,10739.0,11641.152,12701.937
2018-05-03 16:00:00,11846.0,10659.0,11447.33,12571.087
2018-05-03 17:00:00,11547.0,10542.0,11267.35,12483.432
2018-05-03 18:00:00,11441.0,10409.0,11305.813,12548.123
2018-05-03 19:00:00,11298.0,10263.0,11718.232,12640.653
2018-05-03 20:00:00,11080.0,10077.0,11551.125,12259.027
2018-05-03 21:00:00,11055.0,10159.0,11715.191,11558.618
2018-05-03 22:00:00,11177.0,10454.0,12592.344,11607.684
2018-05-03 23:00:00,10788.0,10082.0,11607.264,11501.116
2018-05-04 00:00:00,10083.0,9430.0,10570.771,10174.1045
2018-05-04 01:00:00,9408.0,8832.0,10075.789,9618.238
2018-05-04 02:00:00,8913.0,8399.0,9675.691,9014.367
2018-05-04 03:00:00,8616.0,8146.0,9152.306,8716.33
2018-05-04 04:00:00,8440.0,8021.0,8844.985,8411.537
2018-05-04 05:00:00,8361.0,8015.0,8806.101,8395.411
2018-05-04 06:00:00,8534.0,8270.0,8813.16,8488.078
2018-05-04 07:00:00,9079.0,8900.0,9265.833,9128.683
2018-05-04 08:00:00,9883.0,9617.0,9983.106,9734.463
2018-05-04 09:00:00,10615.0,10161.0,10648.079,10472.574
2018-05-04 10:00:00,10961.0,10395.0,11028.07,10859.085
2018-05-04 11:00:00,11134.0,10491.0,11233.487,11026.013
2018-05-04 12:00:00,11230.0,10590.0,11596.536,11417.053
2018-05-04 13:00:00,11338.0,10582.0,11567.669,11582.388
2018-05-04 14:00:00,11465.0,10581.0,12117.726,11505.898
2018-05-04 15:00:00,11642.0,10605.0,12094.745,11467.132
2018-05-04 16:00:00,11713.0,10463.0,12388.147,11580.113
2018-05-04 17:00:00,11725.0,10312.0,12844.886,11610.75
2018-05-04 18:00:00,11773.0,10209.0,12469.124,11499.061
2018-05-04 19:00:00,11674.0,10160.0,12189.363,11316.0
2018-05-04 20:00:00,11386.0,10232.0,11623.73,11188.556
2018-05-04 21:00:00,11071.0,10362.0,11399.067,11293.137
2018-05-04 22:00:00,11129.0,10518.0,11231.299,11202.181
2018-05-04 23:00:00,10798.0,10251.0,11005.743,11234.598
2018-05-05 00:00:00,10065.0,9685.0,10128.823,10248.055
2018-05-05 01:00:00,9356.0,9127.0,9368.176,9497.144
2018-05-05 02:00:00,8770.0,8698.0,8757.605,8806.383
2018-05-05 03:00:00,8365.0,8478.0,8386.921,8491.409
2018-05-05 04:00:00,8072.0,8289.0,8081.1353,8194.876
2018-05-05 05:00:00,7901.0,8281.0,7984.5034,8123.9546
2018-05-05 06:00:00,7939.0,8376.0,8021.592,8154.449
2018-05-05 07:00:00,8036.0,8624.0,8199.713,8342.578
2018-05-05 08:00:00,8188.0,8806.0,8595.81,8710.319
2018-05-05 09:00:00,8700.0,9061.0,9194.044,9010.637
2018-05-05 10:00:00,9297.0,9317.0,10198.169,9190.032
2018-05-05 11:00:00,9744.0,9466.0,10838.511,9481.731
2018-05-05 12:00:00,10154.0,9544.0,11673.609,9896.869
2018-05-05 13:00:00,10374.0,9455.0,12062.395,10300.174
2018-05-05 14:00:00,10537.0,9331.0,12132.712,10301.884
2018-05-05 15:00:00,10655.0,9164.0,12384.603,10347.309
2018-05-05 16:00:00,10887.0,9039.0,12683.681,10325.248
2018-05-05 17:00:00,11085.0,8901.0,11970.198,10048.416
2018-05-05 18:00:00,11305.0,8896.0,11800.009,10232.708
2018-05-05 19:00:00,11313.0,8858.0,11310.826,10436.694
2018-05-05 20:00:00,11063.0,8908.0,10243.001,10183.714
2018-05-05 21:00:00,10679.0,9110.0,9613.153,10130.861
2018-05-05 22:00:00,10648.0,9618.0,9791.179,10119.924
2018-05-05 23:00:00,10156.0,9491.0,9718.803,10162.8125
2018-05-06 00:00:00,9446.0,9139.0,9359.767,9596.696
2018-05-06 01:00:00,8777.0,8752.0,8761.813,9058.91
2018-05-06 02:00:00,8259.0,8403.0,8293.642,8558.264
2018-05-06 03:00:00,7900.0,8243.0,7952.4536,8262.906
2018-05-06 04:00:00,7665.0,8098.0,7790.0933,7972.2036
2018-05-06 05:00:00,7472.0,8087.0,7729.632,7914.453
2018-05-06 06:00:00,7418.0,8113.0,7730.6,7894.9424
2018-05-06 07:00:00,7438.0,8254.0,7646.425,7877.781
2018-05-06 08:00:00,7425.0,8231.0,7596.9414,7818.309
2018-05-06 09:00:00,7683.0,8415.0,7878.571,8055.8657
2018-05-06 10:00:00,8081.0,8560.0,8562.1875,8568.822
2018-05-06 11:00:00,8461.0,8705.0,8769.764,8980.859
2018-05-06 12:00:00,8787.0,8747.0,9017.096,9315.012
2018-05-06 13:00:00,8992.0,8733.0,9068.79,9494.547
2018-05-06 14:00:00,9199.0,8713.0,9198.998,9618.312
2018-05-06 15:00:00,9280.0,8645.0,9160.915,9768.643
2018-05-06 16:00:00,9393.0,8605.0,9241.536,9753.73
2018-05-06 17:00:00,9484.0,8547.0,9176.286,10276.424
2018-05-06 18:00:00,9520.0,8581.0,9447.25,10428.498
2018-05-06 19:00:00,9529.0,8664.0,9671.133,9947.449
2018-05-06 20:00:00,9382.0,8696.0,9633.089,9786.731
2018-05-06 21:00:00,9289.0,8928.0,9674.5625,9876.762
2018-05-06 22:00:00,9531.0,9391.0,9687.059,10023.747
2018-05-06 23:00:00,9321.0,9228.0,9688.68,9901.997
2018-05-07 00:00:00,8763.0,8808.0,8897.414,9125.932
2018-05-07 01:00:00,8245.0,8381.0,8420.461,8511.031
2018-05-07 02:00:00,7880.0,8098.0,8107.914,8058.828
2018-05-07 03:00:00,7627.0,7916.0,7896.8755,7891.3735
2018-05-07 04:00:00,7509.0,7813.0,7827.35,7788.306
2018-05-07 05:00:00,7532.0,7975.0,7827.027,7774.0986
2018-05-07 06:00:00,7809.0,8300.0,8084.5337,7956.8594
2018-05-07 07:00:00,8344.0,9010.0,8719.416,8676.378
2018-05-07 08:00:00,9219.0,9799.0,9615.85,9644.142
2018-05-07 09:00:00,10054.0,10368.0,10421.234,10465.584
2018-05-07 10:00:00,10485.0,10514.0,10661.501,10512.809
2018-05-07 11:00:00,10803.0,10676.0,11042.459,10910.509
2018-05-07 12:00:00,11114.0,10815.0,11456.36,11221.358
2018-05-07 13:00:00,11286.0,10858.0,11532.461,11409.665
2018-05-07 14:00:00,11388.0,10905.0,11560.523,11394.947
2018-05-07 15:00:00,11552.0,10977.0,11738.732,11489.254
2018-05-07 16:00:00,11626.0,10963.0,11750.45,11452.761
2018-05-07 17:00:00,11665.0,10867.0,11610.136,11354.007
2018-05-07 18:00:00,11675.0,10788.0,11388.074,11260.589
2018-05-07 19:00:00,11595.0,10707.0,11437.068,11238.135
2018-05-07 20:00:00,11310.0,10491.0,10930.559,11061.607
2018-05-07 21:00:00,11061.0,10461.0,10851.283,11000.423
2018-05-07 22:00:00,11211.0,10755.0,11029.526,11026.819
2018-05-07 23:00:00,10785.0,10358.0,10644.37,10522.385
2018-05-08 00:00:00,9985.0,9658.0,9642.631,9698.355
2018-05-08 01:00:00,9176.0,8937.0,8937.588,9006.47
2018-05-08 02:00:00,8666.0,8411.0,8413.809,8475.347
2018-05-08 03:00:00,8331.0,8110.0,8167.284,8237.778
2018-05-08 04:00:00,8111.0,7917.0,8060.8677,8124.4517
2018-05-08 05:00:00,8048.0,7844.0,8066.135,8116.8745
2018-05-08 06:00:00,8191.0,8020.0,8148.7144,8181.682
2018-05-08 07:00:00,8684.0,8519.0,8569.455,8765.523
2018-05-08 08:00:00,9504.0,9293.0,9670.932,9687.24
2018-05-08 09:00:00,10370.0,10048.0,10988.789,10454.821
2018-05-08 10:00:00,10914.0,10537.0,11833.349,10783.909
2018-05-08 11:00:00,11337.0,10896.0,12720.216,11248.965
2018-05-08 12:00:00,11712.0,11235.0,12860.062,11644.483
2018-05-08 13:00:00,12002.0,11482.0,13399.336,11796.47
2018-05-08 14:00:00,12308.0,11667.0,13556.169,11803.811
2018-05-08 15:00:00,12627.0,11909.0,13809.37,11954.175
2018-05-08 16:00:00,12868.0,11998.0,13788.032,11939.319
2018-05-08 17:00:00,13018.0,12011.0,13507.897,12012.67
2018-05-08 18:00:00,13116.0,11971.0,13066.209,12081.083
2018-05-08 19:00:00,12907.0,11851.0,12589.506,11992.711
2018-05-08 20:00:00,12336.0,11609.0,12035.485,11963.669
2018-05-08 21:00:00,11973.0,11592.0,11668.414,12019.918
2018-05-08 22:00:00,12018.0,11870.0,11684.878,12091.659
2018-05-08 23:00:00,11506.0,11448.0,11528.676,12106.721
2018-05-09 00:00:00,10583.0,10647.0,10767.109,10777.017
2018-05-09 01:00:00,9696.0,9874.0,9718.84,9775.331
2018-05-09 02:00:00,9061.0,9313.0,9129.002,9202.512
2018-05-09 03:00:00,8665.0,8893.0,8672.854,8850.598
2018-05-09 04:00:00,8405.0,8591.0,8474.3125,8644.211
2018-05-09 05:00:00,8296.0,8459.0,8344.963,8615.581
2018-05-09 06:00:00,8449.0,8577.0,8506.486,8686.217
2018-05-09 07:00:00,8979.0,9164.0,9122.897,9120.752
2018-05-09 08:00:00,9902.0,9990.0,9697.399,9713.292
2018-05-09 09:00:00,10725.0,10840.0,10716.269,10674.551
2018-05-09 10:00:00,10926.0,11373.0,11586.096,11378.94
2018-05-09 11:00:00,11171.0,11752.0,11946.258,11766.091
2018-05-09 12:00:00,11487.0,12070.0,12489.404,12345.771
2018-05-09 13:00:00,11747.0,12418.0,13007.017,12683.298
2018-05-09 14:00:00,12062.0,12731.0,13814.004,12691.421
2018-05-09 15:00:00,12456.0,13164.0,13893.74,12703.376
2018-05-09 16:00:00,12526.0,13417.0,13748.743,12580.329
2018-05-09 17:00:00,12697.0,13545.0,13550.6,12513.481
2018-05-09 18:00:00,12943.0,13370.0,13130.167,12317.724
2018-05-09 19:00:00,12760.0,13106.0,13124.964,12374.736
2018-05-09 20:00:00,12495.0,12898.0,12869.793,12296.223
2018-05-09 21:00:00,12201.0,12914.0,12499.987,12297.958
2018-05-09 22:00:00,12171.0,12670.0,12199.81,12296.461
2018-05-09 23:00:00,11650.0,12055.0,11823.771,11635.327
2018-05-10 00:00:00,10707.0,11160.0,11006.258,10857.447
2018-05-10 01:00:00,9804.0,10307.0,9950.706,9954.979
2018-05-10 02:00:00,9093.0,9648.0,9132.184,9223.552
2018-05-10 03:00:00,8671.0,9160.0,8763.548,8930.639
2018-05-10 04:00:00,8397.0,8862.0,8473.385,8655.327
2018-05-10 05:00:00,8267.0,8776.0,8405.253,8616.65
2018-05-10 06:00:00,8394.0,8917.0,8524.847,8700.161
2018-05-10 07:00:00,8877.0,9406.0,9019.016,9088.987
2018-05-10 08:00:00,9642.0,10244.0,9990.025,9981.795
2018-05-10 09:00:00,10509.0,10986.0,10878.535,10940.906
2018-05-10 10:00:00,10944.0,11306.0,11258.337,11377.3
2018-05-10 11:00:00,11116.0,11612.0,11675.963,11895.6875
2018-05-10 12:00:00,11394.0,11883.0,12103.843,12252.526
2018-05-10 13:00:00,11654.0,11881.0,12145.463,12467.411
2018-05-10 14:00:00,11865.0,11937.0,12185.586,12608.951
2018-05-10 15:00:00,12098.0,12025.0,12200.224,12553.807
2018-05-10 16:00:00,12212.0,11846.0,12036.838,12603.667
2018-05-10 17:00:00,12025.0,11547.0,11743.303,12392.756
2018-05-10 18:00:00,11823.0,11441.0,11784.172,12160.425
2018-05-10 19:00:00,11562.0,11298.0,11654.332,12015.11
2018-05-10 20:00:00,11228.0,11080.0,11355.864,11748.757
2018-05-10 21:00:00,10978.0,11055.0,11347.202,11747.319
2018-05-10 22:00:00,11125.0,11177.0,11290.726,11521.891
2018-05-10 23:00:00,10709.0,10788.0,10982.75,11086.058
2018-05-11 00:00:00,9897.0,10083.0,10295.719,10533.237
2018-05-11 01:00:00,9118.0,9408.0,9516.718,9826.922
2018-05-11 02:00:00,8542.0,8913.0,8868.202,9026.3
2018-05-11 03:00:00,8192.0,8616.0,8505.594,8564.56
2018-05-11 04:00:00,7959.0,8440.0,8218.323,8266.789
2018-05-11 05:00:00,7895.0,8361.0,8147.1313,8250.054
2018-05-11 06:00:00,8072.0,8534.0,8312.677,8380.529
2018-05-11 07:00:00,8594.0,9079.0,8816.0,8864.706
2018-05-11 08:00:00,9338.0,9883.0,9589.474,9596.114
2018-05-11 09:00:00,9999.0,10615.0,10429.249,10399.947
2018-05-11 10:00:00,10362.0,10961.0,10787.812,10846.316
2018-05-11 11:00:00,10607.0,11134.0,10935.683,11050.527
2018-05-11 12:00:00,10720.0,11230.0,11026.486,11310.693
2018-05-11 13:00:00,10775.0,11338.0,11077.748,11316.739
2018-05-11 14:00:00,10757.0,11465.0,11058.522,11390.74
2018-05-11 15:00:00,10742.0,11642.0,10946.439,11270.425
2018-05-11 16:00:00,10631.0,11713.0,10848.502,11254.297
2018-05-11 17:00:00,10420.0,11725.0,10777.567,10999.62
2018-05-11 18:00:00,10297.0,11773.0,10757.23,10969.371
2018-05-11 19:00:00,10125.0,11674.0,10731.34,10850.817
2018-05-11 20:00:00,10011.0,11386.0,10695.761,10608.036
2018-05-11 21:00:00,10039.0,11071.0,10408.925,10525.268
2018-05-11 22:00:00,10334.0,11129.0,10458.442,10358.999
2018-05-11 23:00:00,10080.0,10798.0,10317.74,10249.335
2018-05-12 00:00:00,9470.0,10065.0,9556.807,9687.218
2018-05-12 01:00:00,8872.0,9356.0,8926.565,9028.136
2018-05-12 02:00:00,8391.0,8770.0,8397.044,8544.445
2018-05-12 03:00:00,8145.0,8365.0,8095.9233,8200.746
2018-05-12 04:00:00,7920.0,8072.0,7928.2603,7964.1606
2018-05-12 05:00:00,7861.0,7901.0,7948.004,7923.758
2018-05-12 06:00:00,7920.0,7939.0,7980.6025,7943.1626
2018-05-12 07:00:00,8118.0,8036.0,7981.4,7999.006
2018-05-12 08:00:00,8392.0,8188.0,8235.193,8256.392
2018-05-12 09:00:00,8880.0,8700.0,8604.595,8554.882
2018-05-12 10:00:00,9271.0,9297.0,8998.529,8902.749
2018-05-12 11:00:00,9462.0,9744.0,9378.835,9246.003
2018-05-12 12:00:00,9605.0,10154.0,9413.616,9583.217
2018-05-12 13:00:00,9506.0,10374.0,9512.291,9712.804
2018-05-12 14:00:00,9345.0,10537.0,9439.898,9678.358
2018-05-12 15:00:00,9269.0,10655.0,9409.535,9676.185
2018-05-12 16:00:00,9302.0,10887.0,9331.361,9690.36
2018-05-12 17:00:00,9164.0,11085.0,9298.833,9687.515
2018-05-12 18:00:00,9060.0,11305.0,9332.028,9817.944
2018-05-12 19:00:00,9080.0,11313.0,9346.919,9865.551
2018-05-12 20:00:00,9080.0,11063.0,9376.379,9679.129
2018-05-12 21:00:00,9181.0,10679.0,9422.47,9723.817
2018-05-12 22:00:00,9472.0,10648.0,9659.972,9805.545
2018-05-12 23:00:00,9349.0,10156.0,9579.543,9654.425
2018-05-13 00:00:00,8946.0,9446.0,8980.539,9103.333
2018-05-13 01:00:00,8478.0,8777.0,8434.297,8371.595
2018-05-13 02:00:00,8122.0,8259.0,7928.8223,7947.7837
2018-05-13 03:00:00,7884.0,7900.0,7712.3276,7729.785
2018-05-13 04:00:00,7668.0,7665.0,7560.3716,7531.0654
2018-05-13 05:00:00,7580.0,7472.0,7499.12,7481.4717
2018-05-13 06:00:00,7542.0,7418.0,7517.1895,7525.708
2018-05-13 07:00:00,7621.0,7438.0,7552.689,7526.192
2018-05-13 08:00:00,7662.0,7425.0,7585.1304,7562.9966
2018-05-13 09:00:00,7917.0,7683.0,7876.7017,7889.949
2018-05-13 10:00:00,8287.0,8081.0,8173.6465,8235.081
2018-05-13 11:00:00,8543.0,8461.0,8424.044,8475.974
2018-05-13 12:00:00,8611.0,8787.0,8608.046,8773.529
2018-05-13 13:00:00,8637.0,8992.0,8698.071,8829.628
2018-05-13 14:00:00,8686.0,9199.0,8703.048,8858.637
2018-05-13 15:00:00,8658.0,9280.0,8733.834,8873.729
2018-05-13 16:00:00,8659.0,9393.0,8775.75,8951.987
2018-05-13 17:00:00,8667.0,9484.0,8762.33,8930.1
2018-05-13 18:00:00,8654.0,9520.0,8591.054,8852.605
2018-05-13 19:00:00,8712.0,9529.0,8755.999,9000.399
2018-05-13 20:00:00,8810.0,9382.0,8851.702,9023.873
2018-05-13 21:00:00,8879.0,9289.0,9123.733,9253.563
2018-05-13 22:00:00,9202.0,9531.0,9346.483,9452.662
2018-05-13 23:00:00,9084.0,9321.0,9247.168,9344.848
2018-05-14 00:00:00,8677.0,8763.0,8799.918,8946.646
2018-05-14 01:00:00,8201.0,8245.0,8243.865,8333.196
2018-05-14 02:00:00,7882.0,7880.0,8003.4297,7993.4263
2018-05-14 03:00:00,7684.0,7627.0,7815.244,7858.6733
2018-05-14 04:00:00,7620.0,7509.0,7733.124,7755.606
2018-05-14 05:00:00,7632.0,7532.0,7697.803,7741.3984
2018-05-14 06:00:00,7871.0,7809.0,7881.332,7900.174
2018-05-14 07:00:00,8504.0,8344.0,8430.825,8531.865
2018-05-14 08:00:00,9600.0,9219.0,9207.666,9520.154
2018-05-14 09:00:00,10455.0,10054.0,10121.332,10276.927
2018-05-14 10:00:00,10684.0,10485.0,10543.209,10416.801
2018-05-14 11:00:00,10998.0,10803.0,11223.344,10931.478
2018-05-14 12:00:00,11206.0,11114.0,11849.179,11136.458
2018-05-14 13:00:00,11304.0,11286.0,12500.01,11224.333
2018-05-14 14:00:00,11552.0,11388.0,13342.027,11390.255
2018-05-14 15:00:00,11913.0,11552.0,13433.062,11395.215
2018-05-14 16:00:00,12098.0,11626.0,12706.034,11465.06
2018-05-14 17:00:00,12229.0,11665.0,12138.577,11359.6045
2018-05-14 18:00:00,12242.0,11675.0,11987.531,11319.139
2018-05-14 19:00:00,12104.0,11595.0,11170.785,11302.882
2018-05-14 20:00:00,11793.0,11310.0,11149.27,11106.112
2018-05-14 21:00:00,11464.0,11061.0,11152.904,11202.214
2018-05-14 22:00:00,11519.0,11211.0,11278.101,11239.231
2018-05-14 23:00:00,11044.0,10785.0,10781.948,10829.246
2018-05-15 00:00:00,10361.0,9985.0,9933.359,9837.536
2018-05-15 01:00:00,9551.0,9176.0,9135.554,9082.883
2018-05-15 02:00:00,9026.0,8666.0,8736.972,8679.995
2018-05-15 03:00:00,8645.0,8331.0,8358.883,8421.038
2018-05-15 04:00:00,8412.0,8111.0,8283.144,8198.071
2018-05-15 05:00:00,8341.0,8048.0,8390.032,8264.901
2018-05-15 06:00:00,8528.0,8191.0,8484.994,8334.614
2018-05-15 07:00:00,9085.0,8684.0,8967.346,8882.594
2018-05-15 08:00:00,10030.0,9504.0,9890.3545,9775.872
2018-05-15 09:00:00,10766.0,10370.0,10584.115,10723.022
2018-05-15 10:00:00,10897.0,10914.0,10991.434,11301.909
2018-05-15 11:00:00,11276.0,11337.0,11397.333,11652.897
2018-05-15 12:00:00,11583.0,11712.0,11598.851,12085.598
2018-05-15 13:00:00,11692.0,12002.0,11590.142,12264.974
2018-05-15 14:00:00,11786.0,12308.0,11588.364,12243.113
2018-05-15 15:00:00,11957.0,12627.0,11540.166,12485.078
2018-05-15 16:00:00,11868.0,12868.0,11417.507,12463.576
2018-05-15 17:00:00,11547.0,13018.0,11384.741,12376.055
2018-05-15 18:00:00,11319.0,13116.0,11406.387,12294.228
2018-05-15 19:00:00,11130.0,12907.0,11454.897,12101.945
2018-05-15 20:00:00,10805.0,12336.0,11457.919,11764.493
2018-05-15 21:00:00,10567.0,11973.0,11406.709,11724.64
2018-05-15 22:00:00,10707.0,12018.0,11372.203,11655.384
2018-05-15 23:00:00,10416.0,11506.0,11021.043,11268.416
2018-05-16 00:00:00,9634.0,10583.0,10241.855,10440.424
2018-05-16 01:00:00,8917.0,9696.0,9490.079,9542.424
2018-05-16 02:00:00,8467.0,9061.0,8842.408,8941.149
2018-05-16 03:00:00,8165.0,8665.0,8472.779,8498.16
2018-05-16 04:00:00,7984.0,8405.0,8235.929,8305.626
2018-05-16 05:00:00,7934.0,8296.0,8180.287,8294.513
2018-05-16 06:00:00,8093.0,8449.0,8313.999,8382.191
2018-05-16 07:00:00,8584.0,8979.0,8940.746,8983.591
2018-05-16 08:00:00,9405.0,9902.0,9942.473,9898.444
2018-05-16 09:00:00,10183.0,10725.0,10729.331,10629.601
2018-05-16 10:00:00,10647.0,10926.0,10967.906,10925.914
2018-05-16 11:00:00,10991.0,11171.0,11315.686,11024.584
2018-05-16 12:00:00,11366.0,11487.0,11785.291,11256.892
2018-05-16 13:00:00,11601.0,11747.0,11844.621,11423.834
2018-05-16 14:00:00,11788.0,12062.0,11941.783,11435.762
2018-05-16 15:00:00,12038.0,12456.0,12110.594,11496.908
2018-05-16 16:00:00,12221.0,12526.0,12131.2,11543.776
2018-05-16 17:00:00,12346.0,12697.0,11990.735,11480.192
2018-05-16 18:00:00,12436.0,12943.0,11977.106,11556.399
2018-05-16 19:00:00,12378.0,12760.0,12139.583,11413.785
2018-05-16 20:00:00,12049.0,12495.0,11521.964,11233.195
2018-05-16 21:00:00,11734.0,12201.0,11049.887,11145.406
2018-05-16 22:00:00,11682.0,12171.0,11092.289,11313.1875
2018-05-16 23:00:00,11254.0,11650.0,10716.425,11192.1455
2018-05-17 00:00:00,10338.0,10707.0,9874.981,10104.647
2018-05-17 01:00:00,9478.0,9804.0,9230.936,9476.226
2018-05-17 02:00:00,8879.0,9093.0,8788.292,8917.724
2018-05-17 03:00:00,8506.0,8671.0,8464.8125,8528.767
2018-05-17 04:00:00,8287.0,8397.0,8198.991,8301.728
2018-05-17 05:00:00,8162.0,8267.0,8190.314,8281.414
2018-05-17 06:00:00,8275.0,8394.0,8266.329,8349.606
2018-05-17 07:00:00,8752.0,8877.0,8791.252,8800.296
2018-05-17 08:00:00,9591.0,9642.0,9590.153,9463.514
2018-05-17 09:00:00,10490.0,10509.0,10321.803,10344.821
2018-05-17 10:00:00,10995.0,10944.0,10924.554,11061.707
2018-05-17 11:00:00,11298.0,11116.0,11197.517,11542.903
2018-05-17 12:00:00,11554.0,11394.0,11636.978,11907.626
2018-05-17 13:00:00,11756.0,11654.0,11743.331,12217.792
2018-05-17 14:00:00,11885.0,11865.0,11629.618,12286.6875
2018-05-17 15:00:00,12082.0,12098.0,11588.991,12357.319
2018-05-17 16:00:00,12103.0,12212.0,11441.452,12321.35
2018-05-17 17:00:00,11997.0,12025.0,11402.049,12291.448
2018-05-17 18:00:00,11817.0,11823.0,11395.271,12216.518
2018-05-17 19:00:00,11503.0,11562.0,11424.78,11924.852
2018-05-17 20:00:00,10981.0,11228.0,11323.493,11711.217
2018-05-17 21:00:00,10673.0,10978.0,11280.768,11571.597
2018-05-17 22:00:00,10817.0,11125.0,11230.098,11511.9795
2018-05-17 23:00:00,10474.0,10709.0,10911.595,11091.471
2018-05-18 00:00:00,9725.0,9897.0,10116.138,10195.18
2018-05-18 01:00:00,8968.0,9118.0,9316.061,9484.053
2018-05-18 02:00:00,8482.0,8542.0,8723.967,8819.236
2018-05-18 03:00:00,8191.0,8192.0,8368.671,8482.677
2018-05-18 04:00:00,8004.0,7959.0,8129.381,8199.93
2018-05-18 05:00:00,7944.0,7895.0,8098.7466,8158.4746
2018-05-18 06:00:00,8145.0,8072.0,8163.154,8237.782
2018-05-18 07:00:00,8585.0,8594.0,8627.682,8681.057
2018-05-18 08:00:00,9282.0,9338.0,9354.882,9346.491
2018-05-18 09:00:00,10030.0,9999.0,10331.015,10333.28
2018-05-18 10:00:00,10505.0,10362.0,10904.493,10822.255
2018-05-18 11:00:00,10763.0,10607.0,11097.752,10875.026
2018-05-18 12:00:00,10982.0,10720.0,11368.878,11118.316
2018-05-18 13:00:00,11149.0,10775.0,11269.831,11264.999
2018-05-18 14:00:00,11178.0,10757.0,11415.691,11271.531
2018-05-18 15:00:00,11257.0,10742.0,11249.101,11157.25
2018-05-18 16:00:00,11151.0,10631.0,11332.316,11100.587
2018-05-18 17:00:00,10914.0,10420.0,11226.789,10901.619
2018-05-18 18:00:00,10725.0,10297.0,11097.979,11104.142
2018-05-18 19:00:00,10503.0,10125.0,10682.936,10895.5625
2018-05-18 20:00:00,10356.0,10011.0,10654.352,10573.259
2018-05-18 21:00:00,10373.0,10039.0,10585.444,10566.228
2018-05-18 22:00:00,10502.0,10334.0,10515.429,10594.914
2018-05-18 23:00:00,10254.0,10080.0,10402.152,10427.734
2018-05-19 00:00:00,9625.0,9470.0,9639.416,9768.197
2018-05-19 01:00:00,9018.0,8872.0,8898.682,9016.317
2018-05-19 02:00:00,8535.0,8391.0,8410.059,8515.914
2018-05-19 03:00:00,8236.0,8145.0,8152.2505,8231.128
2018-05-19 04:00:00,8006.0,7920.0,7945.887,7994.5063
2018-05-19 05:00:00,7873.0,7861.0,7903.0317,7940.099
2018-05-19 06:00:00,7951.0,7920.0,7901.3223,7966.174
2018-05-19 07:00:00,8107.0,8118.0,7892.149,8011.7275
2018-05-19 08:00:00,8344.0,8392.0,8088.63,8286.534
2018-05-19 09:00:00,8764.0,8880.0,8493.2705,8636.286
2018-05-19 10:00:00,9207.0,9271.0,9075.977,9031.243
2018-05-19 11:00:00,9565.0,9462.0,9486.099,9302.861
2018-05-19 12:00:00,9752.0,9605.0,10078.241,9609.102
2018-05-19 13:00:00,9874.0,9506.0,10338.433,9763.913
2018-05-19 14:00:00,9789.0,9345.0,10421.753,9693.363
2018-05-19 15:00:00,9733.0,9269.0,10441.783,9700.144
2018-05-19 16:00:00,9634.0,9302.0,10532.104,9594.163
2018-05-19 17:00:00,9607.0,9164.0,9886.924,9457.63
2018-05-19 18:00:00,9663.0,9060.0,9496.125,9452.039
2018-05-19 19:00:00,9643.0,9080.0,9221.016,9526.955
2018-05-19 20:00:00,9623.0,9080.0,9295.633,9555.936
2018-05-19 21:00:00,9618.0,9181.0,9466.283,9667.094
2018-05-19 22:00:00,9826.0,9472.0,9562.8,9700.52
2018-05-19 23:00:00,9639.0,9349.0,9552.449,9839.631
2018-05-20 00:00:00,9198.0,8946.0,9023.698,9074.818
2018-05-20 01:00:00,8650.0,8478.0,8447.96,8561.434
2018-05-20 02:00:00,8233.0,8122.0,8058.9785,8124.773
2018-05-20 03:00:00,7878.0,7884.0,7797.0537,7895.0723
2018-05-20 04:00:00,7670.0,7668.0,7679.329,7682.642
2018-05-20 05:00:00,7547.0,7580.0,7684.3726,7602.2944
2018-05-20 06:00:00,7510.0,7542.0,7645.64,7631.9155
2018-05-20 07:00:00,7488.0,7621.0,7669.9546,7622.953
2018-05-20 08:00:00,7552.0,7662.0,7675.7593,7617.448
2018-05-20 09:00:00,7775.0,7917.0,7880.2515,7881.134
2018-05-20 10:00:00,8141.0,8287.0,8284.926,8299.638
2018-05-20 11:00:00,8510.0,8543.0,8556.658,8587.82
2018-05-20 12:00:00,8784.0,8611.0,8853.588,9030.382
2018-05-20 13:00:00,8931.0,8637.0,8966.598,9336.393
2018-05-20 14:00:00,8927.0,8686.0,9009.56,9222.592
2018-05-20 15:00:00,8809.0,8658.0,9045.895,9267.854
2018-05-20 16:00:00,8820.0,8659.0,8987.101,9260.856
2018-05-20 17:00:00,8763.0,8667.0,8909.823,9087.578
2018-05-20 18:00:00,8767.0,8654.0,8932.813,9133.392
2018-05-20 19:00:00,8895.0,8712.0,9007.741,9256.371
2018-05-20 20:00:00,8953.0,8810.0,9051.141,9239.539
2018-05-20 21:00:00,9082.0,8879.0,9167.063,9346.434
2018-05-20 22:00:00,9385.0,9202.0,9508.64,9681.881
2018-05-20 23:00:00,9266.0,9084.0,9316.369,9462.652
2018-05-21 00:00:00,8791.0,8677.0,8743.047,8968.425
2018-05-21 01:00:00,8317.0,8201.0,8294.966,8425.295
2018-05-21 02:00:00,8003.0,7882.0,8021.7886,8021.7666
2018-05-21 03:00:00,7811.0,7684.0,7815.244,7858.6733
2018-05-21 04:00:00,7723.0,7620.0,7733.124,7755.606
2018-05-21 05:00:00,7728.0,7632.0,7697.803,7741.3984
2018-05-21 06:00:00,7960.0,7871.0,7881.332,7900.174
2018-05-21 07:00:00,8666.0,8504.0,8464.501,8566.347
2018-05-21 08:00:00,9631.0,9600.0,9405.337,9500.799
2018-05-21 09:00:00,10464.0,10455.0,10187.478,10193.43
2018-05-21 10:00:00,10752.0,10684.0,10782.954,10740.497
2018-05-21 11:00:00,10929.0,10998.0,11025.919,10990.9
2018-05-21 12:00:00,11211.0,11206.0,11244.125,11295.581
2018-05-21 13:00:00,11333.0,11304.0,11627.695,11398.186
2018-05-21 14:00:00,11276.0,11552.0,11625.303,11412.741
2018-05-21 15:00:00,11298.0,11913.0,12053.306,11493.106
2018-05-21 16:00:00,11170.0,12098.0,12005.924,11477.062
2018-05-21 17:00:00,11076.0,12229.0,11999.643,11352.426
2018-05-21 18:00:00,11033.0,12242.0,11948.448,11310.224
2018-05-21 19:00:00,10948.0,12104.0,11389.087,11303.355
2018-05-21 20:00:00,10756.0,11793.0,11189.623,11120.09
2018-05-21 21:00:00,10649.0,11464.0,11055.294,11096.495
2018-05-21 22:00:00,10808.0,11519.0,11159.237,11141.529
2018-05-21 23:00:00,10479.0,11044.0,10846.111,10726.993
2018-05-22 00:00:00,9763.0,10361.0,9965.765,9972.286
2018-05-22 01:00:00,9065.0,9551.0,9025.176,9058.765
2018-05-22 02:00:00,8618.0,9026.0,8641.08,8695.068
2018-05-22 03:00:00,8333.0,8645.0,8270.628,8342.541
2018-05-22 04:00:00,8145.0,8412.0,8095.813,8145.511
2018-05-22 05:00:00,8110.0,8341.0,8086.3936,8143.223
2018-05-22 06:00:00,8278.0,8528.0,8221.671,8268.203
2018-05-22 07:00:00,8838.0,9085.0,8847.128,9022.056
2018-05-22 08:00:00,9669.0,10030.0,10050.928,10101.784
2018-05-22 09:00:00,10371.0,10766.0,10722.747,10661.482
2018-05-22 10:00:00,10753.0,10897.0,10806.663,10941.196
2018-05-22 11:00:00,10976.0,11276.0,11041.247,11152.311
2018-05-22 12:00:00,11145.0,11583.0,11242.307,11451.892
2018-05-22 13:00:00,11289.0,11692.0,11253.471,11588.134
2018-05-22 14:00:00,11322.0,11786.0,11276.479,11596.751
2018-05-22 15:00:00,11381.0,11957.0,11251.258,11601.82
2018-05-22 16:00:00,11292.0,11868.0,11206.454,11521.833
2018-05-22 17:00:00,11196.0,11547.0,11116.268,11405.925
2018-05-22 18:00:00,11091.0,11319.0,11093.764,11372.014
2018-05-22 19:00:00,10956.0,11130.0,10989.096,11292.983
2018-05-22 20:00:00,10739.0,10805.0,10783.877,11031.379
2018-05-22 21:00:00,10616.0,10567.0,10652.455,10850.264
2018-05-22 22:00:00,10776.0,10707.0,10786.646,10993.692
2018-05-22 23:00:00,10517.0,10416.0,10632.5625,10619.077
2018-05-23 00:00:00,9819.0,9634.0,9723.1875,9923.119
2018-05-23 01:00:00,9079.0,8917.0,9001.734,9152.717
2018-05-23 02:00:00,8593.0,8467.0,8519.13,8630.98
2018-05-23 03:00:00,8319.0,8165.0,8213.023,8357.98
2018-05-23 04:00:00,8104.0,7984.0,8093.827,8159.6494
2018-05-23 05:00:00,8079.0,7934.0,8078.475,8155.6626
2018-05-23 06:00:00,8253.0,8093.0,8166.7373,8248.115
2018-05-23 07:00:00,8688.0,8584.0,8656.698,8733.215
2018-05-23 08:00:00,9518.0,9405.0,9556.665,9433.908
2018-05-23 09:00:00,10359.0,10183.0,10315.459,10163.725
2018-05-23 10:00:00,10859.0,10647.0,10891.798,10676.661
2018-05-23 11:00:00,11239.0,10991.0,11629.825,11025.539
2018-05-23 12:00:00,11583.0,11366.0,11867.1455,11337.958
2018-05-23 13:00:00,11808.0,11601.0,11887.128,11492.144
2018-05-23 14:00:00,12003.0,11788.0,11952.839,11528.292
2018-05-23 15:00:00,12312.0,12038.0,12117.008,11535.259
2018-05-23 16:00:00,12478.0,12221.0,12140.966,11552.822
2018-05-23 17:00:00,12587.0,12346.0,11977.446,11496.958
2018-05-23 18:00:00,12673.0,12436.0,11666.594,11549.144
2018-05-23 19:00:00,12612.0,12378.0,11556.251,11723.162
2018-05-23 20:00:00,12244.0,12049.0,11123.748,11412.11
2018-05-23 21:00:00,11906.0,11734.0,10981.933,11470.066
2018-05-23 22:00:00,11823.0,11682.0,11105.81,11538.042
2018-05-23 23:00:00,11445.0,11254.0,10775.065,11344.437
2018-05-24 00:00:00,10567.0,10338.0,10150.819,10631.746
2018-05-24 01:00:00,9660.0,9478.0,9237.793,9640.171
2018-05-24 02:00:00,9019.0,8879.0,8839.205,9015.7705
2018-05-24 03:00:00,8575.0,8506.0,8466.501,8600.767
2018-05-24 04:00:00,8343.0,8287.0,8267.32,8368.609
2018-05-24 05:00:00,8246.0,8162.0,8248.437,8349.232
2018-05-24 06:00:00,8366.0,8275.0,8417.994,8501.51
2018-05-24 07:00:00,8792.0,8752.0,9086.645,8974.038
2018-05-24 08:00:00,9686.0,9591.0,10038.574,9548.613
2018-05-24 09:00:00,10730.0,10490.0,11219.674,10601.911
2018-05-24 10:00:00,11437.0,10995.0,12618.95,11435.38
2018-05-24 11:00:00,11984.0,11298.0,12910.557,11712.962
2018-05-24 12:00:00,12533.0,11554.0,13917.691,12291.294
2018-05-24 13:00:00,12987.0,11756.0,14090.658,12490.694
2018-05-24 14:00:00,13381.0,11885.0,14103.221,12680.693
2018-05-24 15:00:00,13864.0,12082.0,14305.401,12838.743
2018-05-24 16:00:00,14216.0,12103.0,14425.229,12913.616
2018-05-24 17:00:00,14517.0,11997.0,14465.519,13070.12
2018-05-24 18:00:00,14775.0,11817.0,13674.452,13292.054
2018-05-24 19:00:00,14710.0,11503.0,13836.305,13202.829
2018-05-24 20:00:00,14354.0,10981.0,13168.364,12884.739
2018-05-24 21:00:00,13868.0,10673.0,12791.298,13131.862
2018-05-24 22:00:00,13583.0,10817.0,12977.773,13023.977
2018-05-24 23:00:00,13066.0,10474.0,13228.599,12794.367
2018-05-25 00:00:00,12043.0,9725.0,11850.802,11291.477
2018-05-25 01:00:00,10915.0,8968.0,10754.544,10488.332
2018-05-25 02:00:00,10062.0,8482.0,9968.38,9953.077
2018-05-25 03:00:00,9480.0,8191.0,9371.766,9468.474
2018-05-25 04:00:00,9089.0,8004.0,9133.729,9132.804
2018-05-25 05:00:00,8862.0,7944.0,9089.464,9037.541
2018-05-25 06:00:00,8940.0,8145.0,9183.534,9090.878
2018-05-25 07:00:00,9309.0,8585.0,9749.498,9368.997
2018-05-25 08:00:00,10284.0,9282.0,11044.842,9986.943
2018-05-25 09:00:00,11435.0,10030.0,13127.376,10949.591
2018-05-25 10:00:00,12444.0,10505.0,13741.476,11822.865
2018-05-25 11:00:00,13288.0,10763.0,15721.094,12851.043
2018-05-25 12:00:00,14122.0,10982.0,16167.511,13402.128
2018-05-25 13:00:00,14820.0,11149.0,16288.297,13696.044
2018-05-25 14:00:00,15351.0,11178.0,16946.629,14027.031
2018-05-25 15:00:00,15854.0,11257.0,17209.764,14135.771
2018-05-25 16:00:00,16168.0,11151.0,17319.742,14327.915
2018-05-25 17:00:00,16159.0,10914.0,17394.016,14579.463
2018-05-25 18:00:00,15925.0,10725.0,16918.637,14748.914
2018-05-25 19:00:00,15412.0,10503.0,14996.51,14754.874
2018-05-25 20:00:00,14785.0,10356.0,14664.19,14520.77
2018-05-25 21:00:00,14342.0,10373.0,14383.077,14158.906
2018-05-25 22:00:00,14172.0,10502.0,14301.296,14009.097
2018-05-25 23:00:00,13789.0,10254.0,13644.892,13908.727
2018-05-26 00:00:00,12979.0,9625.0,12436.449,12538.309
2018-05-26 01:00:00,11981.0,9018.0,11862.028,11788.0205
2018-05-26 02:00:00,11112.0,8535.0,10744.736,10929.887
2018-05-26 03:00:00,10430.0,8236.0,10180.322,10272.44
2018-05-26 04:00:00,9919.0,8006.0,9555.824,9818.586
2018-05-26 05:00:00,9633.0,7873.0,9461.089,9713.138
2018-05-26 06:00:00,9477.0,7951.0,9506.914,9814.263
2018-05-26 07:00:00,9395.0,8107.0,9629.798,9493.806
2018-05-26 08:00:00,9617.0,8344.0,9983.432,9591.246
2018-05-26 09:00:00,10373.0,8764.0,11167.471,10299.874
2018-05-26 10:00:00,11357.0,9207.0,11915.591,11125.613
2018-05-26 11:00:00,12278.0,9565.0,13070.274,11870.222
2018-05-26 12:00:00,13214.0,9752.0,14105.729,12922.944
2018-05-26 13:00:00,13941.0,9874.0,14336.377,13193.188
2018-05-26 14:00:00,14463.0,9789.0,14862.385,13697.602
2018-05-26 15:00:00,14890.0,9733.0,15232.829,13919.757
2018-05-26 16:00:00,15247.0,9634.0,15281.325,14117.175
2018-05-26 17:00:00,15577.0,9607.0,15200.029,13755.415
2018-05-26 18:00:00,15768.0,9663.0,15080.478,13940.789
2018-05-26 19:00:00,15755.0,9643.0,14550.479,14138.923
2018-05-26 20:00:00,15410.0,9623.0,14026.088,14348.861
2018-05-26 21:00:00,14819.0,9618.0,13660.211,13849.897
2018-05-26 22:00:00,14221.0,9826.0,13471.389,13724.67
2018-05-26 23:00:00,13717.0,9639.0,13388.555,13347.888
2018-05-27 00:00:00,12798.0,9198.0,12039.863,12055.423
2018-05-27 01:00:00,11795.0,8650.0,11413.684,11276.763
2018-05-27 02:00:00,10951.0,8233.0,10655.806,10745.347
2018-05-27 03:00:00,10262.0,7878.0,10377.162,10348.012
2018-05-27 04:00:00,9781.0,7670.0,9792.961,9848.114
2018-05-27 05:00:00,9406.0,7547.0,9494.396,9504.651
2018-05-27 06:00:00,9243.0,7510.0,9425.138,9408.703
2018-05-27 07:00:00,9028.0,7488.0,9531.129,9249.041
2018-05-27 08:00:00,9350.0,7552.0,9857.691,9413.717
2018-05-27 09:00:00,10276.0,7775.0,11036.973,9936.541
2018-05-27 10:00:00,11589.0,8141.0,11540.419,10906.018
2018-05-27 11:00:00,12974.0,8510.0,13208.711,11774.173
2018-05-27 12:00:00,14161.0,8784.0,14182.8545,13075.42
2018-05-27 13:00:00,15126.0,8931.0,14963.7705,13605.024
2018-05-27 14:00:00,15768.0,8927.0,15822.915,14072.079
2018-05-27 15:00:00,16225.0,8809.0,15731.317,14641.853
2018-05-27 16:00:00,16602.0,8820.0,15912.095,15303.418
2018-05-27 17:00:00,16888.0,8763.0,16235.365,15145.529
2018-05-27 18:00:00,17001.0,8767.0,16392.41,15087.453
2018-05-27 19:00:00,16883.0,8895.0,16252.555,15093.718
2018-05-27 20:00:00,16525.0,8953.0,15314.329,14881.217
2018-05-27 21:00:00,15825.0,9082.0,14932.5205,14541.045
2018-05-27 22:00:00,15320.0,9385.0,15017.7,14671.566
2018-05-27 23:00:00,14761.0,9266.0,14918.042,14380.6
2018-05-28 00:00:00,13811.0,8791.0,12939.024,13885.207
2018-05-28 01:00:00,12791.0,8317.0,12211.11,12187.483
2018-05-28 02:00:00,11788.0,8003.0,11248.808,11823.04
2018-05-28 03:00:00,11015.0,7811.0,10525.707,11340.1455
2018-05-28 04:00:00,10532.0,7723.0,9970.869,10744.656
2018-05-28 05:00:00,10164.0,7728.0,9790.388,10609.764
2018-05-28 06:00:00,9924.0,7960.0,10133.267,10787.514
2018-05-28 07:00:00,9845.0,8666.0,10781.178,11018.3545
2018-05-28 08:00:00,10260.0,9631.0,11390.317,11652.536
2018-05-28 09:00:00,11213.0,10464.0,12003.482,11510.205
2018-05-28 10:00:00,12510.0,10752.0,12724.168,12740.974
2018-05-28 11:00:00,13794.0,10929.0,12104.506,14177.921
2018-05-28 12:00:00,14627.0,11211.0,13025.659,14770.505
2018-05-28 13:00:00,14768.0,11333.0,13384.96,14998.945
2018-05-28 14:00:00,14962.0,11276.0,13325.6875,15153.614
2018-05-28 15:00:00,15255.0,11298.0,15086.509,15762.33
2018-05-28 16:00:00,15741.0,11170.0,15907.6875,16080.837
2018-05-28 17:00:00,16394.0,11076.0,16159.919,16279.831
2018-05-28 18:00:00,17002.0,11033.0,16276.843,16297.601
2018-05-28 19:00:00,17254.0,10948.0,15723.718,16124.023
2018-05-28 20:00:00,16910.0,10756.0,14547.48,14820.768
2018-05-28 21:00:00,16147.0,10649.0,13873.335,14903.804
2018-05-28 22:00:00,15485.0,10808.0,14201.502,14579.873
2018-05-28 23:00:00,14768.0,10479.0,13849.926,14261.159
2018-05-29 00:00:00,13487.0,9763.0,12237.225,13065.928
2018-05-29 01:00:00,12167.0,9065.0,11071.885,11391.253
2018-05-29 02:00:00,11210.0,8618.0,10220.247,11010.832
2018-05-29 03:00:00,10513.0,8333.0,9873.5625,10318.429
2018-05-29 04:00:00,10037.0,8145.0,9567.268,9928.832
2018-05-29 05:00:00,9805.0,8110.0,9495.997,9811.073
2018-05-29 06:00:00,9846.0,8278.0,9603.139,9895.524
2018-05-29 07:00:00,10298.0,8838.0,10543.463,10340.87
2018-05-29 08:00:00,11363.0,9669.0,11446.313,11019.602
2018-05-29 09:00:00,12590.0,10371.0,12777.906,12470.26
2018-05-29 10:00:00,13642.0,10753.0,13480.761,13143.844
2018-05-29 11:00:00,14471.0,10976.0,13738.351,13951.355
2018-05-29 12:00:00,15241.0,11145.0,14445.824,14299.62
2018-05-29 13:00:00,15769.0,11289.0,15019.831,15242.54
2018-05-29 14:00:00,16374.0,11322.0,15309.3,15282.63
2018-05-29 15:00:00,16891.0,11381.0,16140.302,15792.647
2018-05-29 16:00:00,17081.0,11292.0,16646.275,16123.602
2018-05-29 17:00:00,17065.0,11196.0,16612.656,16538.28
2018-05-29 18:00:00,16896.0,11091.0,15958.695,16317.164
2018-05-29 19:00:00,16619.0,10956.0,16017.212,15109.314
2018-05-29 20:00:00,15783.0,10739.0,15552.004,14777.851
2018-05-29 21:00:00,14962.0,10616.0,15084.203,14573.262
2018-05-29 22:00:00,14669.0,10776.0,15109.37,14742.981
2018-05-29 23:00:00,14183.0,10517.0,14818.998,14489.599
2018-05-30 00:00:00,13069.0,9819.0,13623.104,13229.6
2018-05-30 01:00:00,11916.0,9079.0,12572.36,11695.832
2018-05-30 02:00:00,11025.0,8593.0,11547.967,11249.579
2018-05-30 03:00:00,10443.0,8319.0,10802.386,10402.028
2018-05-30 04:00:00,10052.0,8104.0,10337.515,9908.209
2018-05-30 05:00:00,9886.0,8079.0,10177.997,9700.323
2018-05-30 06:00:00,10020.0,8253.0,10332.482,9706.143
2018-05-30 07:00:00,10579.0,8688.0,10664.0,10222.187
2018-05-30 08:00:00,11524.0,9518.0,11493.951,10983.579
2018-05-30 09:00:00,12495.0,10359.0,12394.138,12583.627
2018-05-30 10:00:00,13202.0,10859.0,13171.598,13319.305
2018-05-30 11:00:00,13857.0,11239.0,13626.683,13794.47
2018-05-30 12:00:00,14567.0,11583.0,14178.985,13992.991
2018-05-30 13:00:00,15382.0,11808.0,14326.477,14180.713
2018-05-30 14:00:00,16066.0,12003.0,14207.392,14496.741
2018-05-30 15:00:00,16592.0,12312.0,15206.955,14891.269
2018-05-30 16:00:00,16763.0,12478.0,14783.843,14800.363
2018-05-30 17:00:00,16345.0,12587.0,14949.717,15549.02
2018-05-30 18:00:00,15872.0,12673.0,15112.515,15757.871
2018-05-30 19:00:00,15462.0,12612.0,15051.393,15601.505
2018-05-30 20:00:00,14964.0,12244.0,14903.465,14635.246
2018-05-30 21:00:00,14455.0,11906.0,14639.45,14868.121
2018-05-30 22:00:00,14250.0,11823.0,14602.251,14650.963
2018-05-30 23:00:00,13820.0,11445.0,14255.125,14092.235
2018-05-31 00:00:00,12863.0,10567.0,13041.741,12774.054
2018-05-31 01:00:00,11765.0,9660.0,12264.883,11607.278
2018-05-31 02:00:00,11010.0,9019.0,11599.889,11131.42
2018-05-31 03:00:00,10433.0,8575.0,10491.029,10367.773
2018-05-31 04:00:00,10054.0,8343.0,10147.865,9845.794
2018-05-31 05:00:00,9885.0,8246.0,10061.544,9665.735
2018-05-31 06:00:00,9985.0,8366.0,10172.43,9789.894
2018-05-31 07:00:00,10460.0,8792.0,10867.82,10199.681
2018-05-31 08:00:00,11579.0,9686.0,11874.626,11016.785
2018-05-31 09:00:00,12863.0,10730.0,13561.895,12273.135
2018-05-31 10:00:00,13880.0,11437.0,14534.282,13033.091
2018-05-31 11:00:00,14915.0,11984.0,15409.826,13703.224
2018-05-31 12:00:00,15973.0,12533.0,16105.395,13972.426
2018-05-31 13:00:00,16686.0,12987.0,16564.885,14258.822
2018-05-31 14:00:00,17306.0,13381.0,16677.207,14498.273
2018-05-31 15:00:00,17842.0,13864.0,17023.742,15116.472
2018-05-31 16:00:00,18048.0,14216.0,17296.691,15528.11
2018-05-31 17:00:00,18151.0,14517.0,17568.879,15914.088
2018-05-31 18:00:00,18397.0,14775.0,18225.818,16282.556
2018-05-31 19:00:00,18352.0,14710.0,17907.188,16556.967
2018-05-31 20:00:00,17781.0,14354.0,16920.758,16044.359
2018-05-31 21:00:00,17018.0,13868.0,15998.446,15262.607
2018-05-31 22:00:00,16370.0,13583.0,15760.057,15227.332
2018-05-31 23:00:00,15752.0,13066.0,14993.726,14939.828
2018-06-01 00:00:00,14417.0,12043.0,13704.125,14459.285
2018-06-01 01:00:00,13078.0,10915.0,12552.424,13146.857
2018-06-01 02:00:00,11985.0,10062.0,11544.162,11746.868
2018-06-01 03:00:00,11243.0,9480.0,10626.713,11120.971
2018-06-01 04:00:00,10649.0,9089.0,9985.0625,10797.616
2018-06-01 05:00:00,10360.0,8862.0,9703.919,10388.428
2018-06-01 06:00:00,10355.0,8940.0,9684.682,10481.335
2018-06-01 07:00:00,10790.0,9309.0,10218.337,10644.285
2018-06-01 08:00:00,11856.0,10284.0,11704.656,11616.197
2018-06-01 09:00:00,13120.0,11435.0,11726.532,12640.324
2018-06-01 10:00:00,13593.0,12444.0,12429.986,13721.341
2018-06-01 11:00:00,13743.0,13288.0,12991.876,14276.222
2018-06-01 12:00:00,13736.0,14122.0,13217.698,14978.853
2018-06-01 13:00:00,13724.0,14820.0,13412.153,15521.431
2018-06-01 14:00:00,13640.0,15351.0,13365.554,15594.649
2018-06-01 15:00:00,13648.0,15854.0,13379.353,15701.962
2018-06-01 16:00:00,13623.0,16168.0,13622.927,16218.236
2018-06-01 17:00:00,13536.0,16159.0,13722.289,15824.158
2018-06-01 18:00:00,13278.0,15925.0,13718.616,14961.766
2018-06-01 19:00:00,12835.0,15412.0,13668.512,14218.162
2018-06-01 20:00:00,12161.0,14785.0,12757.938,12790.69
2018-06-01 21:00:00,11488.0,14342.0,12209.26,12783.5
2018-06-01 22:00:00,11168.0,14172.0,11936.533,12075.398
2018-06-01 23:00:00,10852.0,13789.0,11550.861,11573.542
2018-06-02 00:00:00,10148.0,12979.0,10729.173,11294.456
2018-06-02 01:00:00,9357.0,11981.0,10097.094,10503.131
2018-06-02 02:00:00,8799.0,11112.0,9902.506,9812.992
2018-06-02 03:00:00,8388.0,10430.0,9357.07,9422.642
2018-06-02 04:00:00,8153.0,9919.0,8898.7705,9211.361
2018-06-02 05:00:00,8014.0,9633.0,8699.591,9080.863
2018-06-02 06:00:00,8003.0,9477.0,8719.666,8975.564
2018-06-02 07:00:00,8030.0,9395.0,8776.155,9135.289
2018-06-02 08:00:00,8275.0,9617.0,9241.715,9522.034
2018-06-02 09:00:00,8761.0,10373.0,9686.287,9943.634
2018-06-02 10:00:00,9253.0,11357.0,9869.433,9911.417
2018-06-02 11:00:00,9671.0,12278.0,10042.194,9829.62
2018-06-02 12:00:00,9893.0,13214.0,10597.366,10311.538
2018-06-02 13:00:00,10082.0,13941.0,10765.18,10617.168
2018-06-02 14:00:00,10112.0,14463.0,10606.732,10400.053
2018-06-02 15:00:00,10169.0,14890.0,10637.049,10706.773
2018-06-02 16:00:00,10282.0,15247.0,10783.363,10596.485
2018-06-02 17:00:00,10469.0,15577.0,10504.263,10540.343
2018-06-02 18:00:00,10665.0,15768.0,10481.76,10529.413
2018-06-02 19:00:00,10645.0,15755.0,10242.706,10270.32
2018-06-02 20:00:00,10495.0,15410.0,10167.375,9917.434
2018-06-02 21:00:00,10336.0,14819.0,10345.62,10069.829
2018-06-02 22:00:00,10457.0,14221.0,10192.237,10183.602
2018-06-02 23:00:00,10311.0,13717.0,10096.233,10080.016
2018-06-03 00:00:00,9808.0,12798.0,9514.496,9633.515
2018-06-03 01:00:00,9184.0,11795.0,9002.043,9156.384
2018-06-03 02:00:00,8687.0,10951.0,8319.867,8594.676
2018-06-03 03:00:00,8321.0,10262.0,8085.016,8121.075
2018-06-03 04:00:00,8104.0,9781.0,7956.0757,7924.756
2018-06-03 05:00:00,7953.0,9406.0,8026.557,7936.611
2018-06-03 06:00:00,7927.0,9243.0,8016.684,7926.7344
2018-06-03 07:00:00,7785.0,9028.0,8051.763,7940.8037
2018-06-03 08:00:00,7930.0,9350.0,8219.769,7922.5767
2018-06-03 09:00:00,8315.0,10276.0,8289.118,8240.824
2018-06-03 10:00:00,8870.0,11589.0,8948.899,9022.201
2018-06-03 11:00:00,9361.0,12974.0,9697.465,9434.546
2018-06-03 12:00:00,9786.0,14161.0,10540.088,10171.725
2018-06-03 13:00:00,10136.0,15126.0,10716.631,10213.818
2018-06-03 14:00:00,10415.0,15768.0,10704.178,10476.375
2018-06-03 15:00:00,10602.0,16225.0,10926.722,10573.491
2018-06-03 16:00:00,10766.0,16602.0,10996.088,10617.53
2018-06-03 17:00:00,10848.0,16888.0,11048.751,10821.846
2018-06-03 18:00:00,10931.0,17001.0,10945.43,10873.562
2018-06-03 19:00:00,10864.0,16883.0,10667.63,10976.111
2018-06-03 20:00:00,10680.0,16525.0,10601.856,10832.288
2018-06-03 21:00:00,10372.0,15825.0,10562.105,10735.952
2018-06-03 22:00:00,10265.0,15320.0,10582.64,10755.683
2018-06-03 23:00:00,10175.0,14761.0,10464.835,10507.265
2018-06-04 00:00:00,9624.0,13811.0,9870.366,10257.571
2018-06-04 01:00:00,8984.0,12791.0,9257.093,9482.18
2018-06-04 02:00:00,8474.0,11788.0,8832.884,8916.618
2018-06-04 03:00:00,8154.0,11015.0,8345.882,8445.587
2018-06-04 04:00:00,7968.0,10532.0,8395.809,8321.831
2018-06-04 05:00:00,7928.0,10164.0,8278.267,8246.429
2018-06-04 06:00:00,8126.0,9924.0,8398.489,8372.759
2018-06-04 07:00:00,8547.0,9845.0,8976.166,9210.952
2018-06-04 08:00:00,9435.0,10260.0,10162.201,10202.354
2018-06-04 09:00:00,10372.0,11213.0,11044.217,10991.764
2018-06-04 10:00:00,11007.0,12510.0,11695.496,11341.18
2018-06-04 11:00:00,11408.0,13794.0,12190.674,11623.491
2018-06-04 12:00:00,11773.0,14627.0,12592.078,12083.77
2018-06-04 13:00:00,12034.0,14768.0,12965.814,12034.003
2018-06-04 14:00:00,12264.0,14962.0,13341.651,12187.46
2018-06-04 15:00:00,12579.0,15255.0,13623.343,12168.897
2018-06-04 16:00:00,12870.0,15741.0,13950.515,12375.952
2018-06-04 17:00:00,13177.0,16394.0,13868.655,12430.566
2018-06-04 18:00:00,13399.0,17002.0,14129.758,12613.118
2018-06-04 19:00:00,13449.0,17254.0,14284.323,12771.831
2018-06-04 20:00:00,13244.0,16910.0,13298.939,12499.485
2018-06-04 21:00:00,12872.0,16147.0,12967.408,12240.001
2018-06-04 22:00:00,12588.0,15485.0,12941.765,12202.176
2018-06-04 23:00:00,12285.0,14768.0,12544.401,12048.0
2018-06-05 00:00:00,11407.0,13487.0,11452.22,10984.707
2018-06-05 01:00:00,10466.0,12167.0,10486.491,10104.397
2018-06-05 02:00:00,9801.0,11210.0,9775.914,9509.598
2018-06-05 03:00:00,9317.0,10513.0,9037.39,8683.81
2018-06-05 04:00:00,8985.0,10037.0,8960.519,8541.615
2018-06-05 05:00:00,8818.0,9805.0,8832.871,8518.828
2018-06-05 06:00:00,8927.0,9846.0,8912.271,8557.525
2018-06-05 07:00:00,9367.0,10298.0,10005.626,9317.134
2018-06-05 08:00:00,10177.0,11363.0,10772.016,10422.333
2018-06-05 09:00:00,10955.0,12590.0,10920.751,11355.868
2018-06-05 10:00:00,11494.0,13642.0,11397.699,12019.326
2018-06-05 11:00:00,11863.0,14471.0,11802.786,12566.741
2018-06-05 12:00:00,12116.0,15241.0,11945.025,13291.769
2018-06-05 13:00:00,12188.0,15769.0,11896.953,13483.218
2018-06-05 14:00:00,12186.0,16374.0,11811.22,13462.318
2018-06-05 15:00:00,12185.0,16891.0,11872.133,13739.9375
2018-06-05 16:00:00,12053.0,17081.0,11948.516,13792.676
2018-06-05 17:00:00,11854.0,17065.0,11877.426,13454.718
2018-06-05 18:00:00,11599.0,16896.0,11728.018,13233.048
2018-06-05 19:00:00,11377.0,16619.0,11765.427,12732.205
2018-06-05 20:00:00,10941.0,15783.0,11792.813,12013.481
2018-06-05 21:00:00,10607.0,14962.0,11844.948,11948.048
2018-06-05 22:00:00,10529.0,14669.0,11677.4,11958.553
2018-06-05 23:00:00,10382.0,14183.0,11237.752,11254.612
2018-06-06 00:00:00,9720.0,13069.0,10449.128,10713.544
2018-06-06 01:00:00,8997.0,11916.0,9614.415,9922.981
2018-06-06 02:00:00,8508.0,11025.0,9037.138,9154.918
2018-06-06 03:00:00,8222.0,10443.0,8798.939,8827.169
2018-06-06 04:00:00,8020.0,10052.0,8590.295,8637.93
2018-06-06 05:00:00,7922.0,9886.0,8482.148,8535.032
2018-06-06 06:00:00,8062.0,10020.0,8586.208,8587.965
2018-06-06 07:00:00,8394.0,10579.0,9168.382,9134.111
2018-06-06 08:00:00,9190.0,11524.0,10002.3125,10082.391
2018-06-06 09:00:00,10026.0,12495.0,10862.302,10646.427
2018-06-06 10:00:00,10630.0,13202.0,11305.748,10727.297
2018-06-06 11:00:00,11055.0,13857.0,11756.359,10792.247
2018-06-06 12:00:00,11439.0,14567.0,12002.901,10971.329
2018-06-06 13:00:00,11619.0,15382.0,12032.685,11198.335
2018-06-06 14:00:00,11672.0,16066.0,12284.931,11203.344
2018-06-06 15:00:00,11684.0,16592.0,12863.99,11259.062
2018-06-06 16:00:00,11927.0,16763.0,12808.202,11354.903
2018-06-06 17:00:00,12127.0,16345.0,12789.803,11537.893
2018-06-06 18:00:00,12137.0,15872.0,12908.2705,11638.352
2018-06-06 19:00:00,12190.0,15462.0,12705.029,11584.655
2018-06-06 20:00:00,12145.0,14964.0,12423.732,11184.927
2018-06-06 21:00:00,11921.0,14455.0,11920.844,11023.577
2018-06-06 22:00:00,11976.0,14250.0,11914.6,11076.247
2018-06-06 23:00:00,11770.0,13820.0,11541.336,10956.097
2018-06-07 00:00:00,10987.0,12863.0,10687.247,10144.217
2018-06-07 01:00:00,10099.0,11765.0,9688.098,9466.25
2018-06-07 02:00:00,9475.0,11010.0,8877.063,8663.489
2018-06-07 03:00:00,9034.0,10433.0,8663.664,8542.959
2018-06-07 04:00:00,8694.0,10054.0,8524.542,8344.264
2018-06-07 05:00:00,8622.0,9885.0,8412.631,8373.331
2018-06-07 06:00:00,8717.0,9985.0,8520.605,8433.032
2018-06-07 07:00:00,9154.0,10460.0,8911.408,8846.786
2018-06-07 08:00:00,9951.0,11579.0,9792.087,9758.648
2018-06-07 09:00:00,10855.0,12863.0,10479.301,10509.779
2018-06-07 10:00:00,11627.0,13880.0,11230.43,11268.091
2018-06-07 11:00:00,12357.0,14915.0,11868.823,11858.595
2018-06-07 12:00:00,13000.0,15973.0,12305.283,12506.192
2018-06-07 13:00:00,13495.0,16686.0,12493.975,12958.401
2018-06-07 14:00:00,13896.0,17306.0,12587.875,13088.829
2018-06-07 15:00:00,14357.0,17842.0,12876.702,13329.744
2018-06-07 16:00:00,14782.0,18048.0,13105.53,13686.264
2018-06-07 17:00:00,15001.0,18151.0,13096.611,13791.495
2018-06-07 18:00:00,15029.0,18397.0,12756.689,14123.113
2018-06-07 19:00:00,14674.0,18352.0,12200.982,14129.4795
2018-06-07 20:00:00,13865.0,17781.0,12300.36,14052.593
2018-06-07 21:00:00,12944.0,17018.0,12133.169,13635.279
2018-06-07 22:00:00,12448.0,16370.0,12269.02,13793.929
2018-06-07 23:00:00,11903.0,15752.0,11846.494,13235.944
2018-06-08 00:00:00,10977.0,14417.0,10998.082,11816.65
2018-06-08 01:00:00,10020.0,13078.0,10194.81,10699.351
2018-06-08 02:00:00,9316.0,11985.0,9566.883,9825.8955
2018-06-08 03:00:00,8893.0,11243.0,9071.767,9324.618
2018-06-08 04:00:00,8578.0,10649.0,8691.083,8939.1045
2018-06-08 05:00:00,8458.0,10360.0,8699.7,8893.776
2018-06-08 06:00:00,8577.0,10355.0,8622.865,8791.217
2018-06-08 07:00:00,8975.0,10790.0,9131.71,9209.945
2018-06-08 08:00:00,9642.0,11856.0,9773.331,10012.776
2018-06-08 09:00:00,10363.0,13120.0,10835.979,11307.148
2018-06-08 10:00:00,10905.0,13593.0,11413.81,11965.446
2018-06-08 11:00:00,11192.0,13743.0,11733.348,12484.627
2018-06-08 12:00:00,11428.0,13736.0,12153.642,12871.106
2018-06-08 13:00:00,11533.0,13724.0,12102.37,12733.317
2018-06-08 14:00:00,11661.0,13640.0,12426.093,12875.11
2018-06-08 15:00:00,11893.0,13648.0,12548.53,12474.196
2018-06-08 16:00:00,11970.0,13623.0,12509.783,12272.408
2018-06-08 17:00:00,11899.0,13536.0,12477.637,12075.31
2018-06-08 18:00:00,11908.0,13278.0,12202.819,11727.336
2018-06-08 19:00:00,11850.0,12835.0,11715.849,11348.341
2018-06-08 20:00:00,11637.0,12161.0,11414.278,11073.916
2018-06-08 21:00:00,11283.0,11488.0,11397.697,11518.069
2018-06-08 22:00:00,11250.0,11168.0,11170.812,11553.329
2018-06-08 23:00:00,11021.0,10852.0,11117.748,11434.583
2018-06-09 00:00:00,10343.0,10148.0,10075.702,10312.9375
2018-06-09 01:00:00,9552.0,9357.0,9310.056,9646.145
2018-06-09 02:00:00,8960.0,8799.0,8724.299,8907.807
2018-06-09 03:00:00,8538.0,8388.0,8399.539,8564.292
2018-06-09 04:00:00,8283.0,8153.0,8120.8047,8197.398
2018-06-09 05:00:00,8103.0,8014.0,8043.2676,8140.4844
2018-06-09 06:00:00,8111.0,8003.0,8028.187,8137.813
2018-06-09 07:00:00,8379.0,8030.0,8043.7676,8164.1157
2018-06-09 08:00:00,8701.0,8275.0,8394.599,8440.089
2018-06-09 09:00:00,9148.0,8761.0,8836.434,8972.214
2018-06-09 10:00:00,9664.0,9253.0,9387.144,9431.789
2018-06-09 11:00:00,10038.0,9671.0,9818.129,9969.255
2018-06-09 12:00:00,10292.0,9893.0,10232.524,10591.533
2018-06-09 13:00:00,10492.0,10082.0,10539.526,10740.848
2018-06-09 14:00:00,10745.0,10112.0,10897.307,10729.369
2018-06-09 15:00:00,10991.0,10169.0,11780.094,10649.571
2018-06-09 16:00:00,11332.0,10282.0,12383.478,10655.563
2018-06-09 17:00:00,11722.0,10469.0,12130.558,10725.911
2018-06-09 18:00:00,12046.0,10665.0,11301.331,10984.188
2018-06-09 19:00:00,12152.0,10645.0,10478.607,10966.603
2018-06-09 20:00:00,11850.0,10495.0,10223.596,10898.063
2018-06-09 21:00:00,11282.0,10336.0,10179.426,10679.984
2018-06-09 22:00:00,11043.0,10457.0,10196.201,10809.965
2018-06-09 23:00:00,10743.0,10311.0,10120.678,10686.433
2018-06-10 00:00:00,10072.0,9808.0,9798.82,10232.835
2018-06-10 01:00:00,9447.0,9184.0,9112.723,9446.611
2018-06-10 02:00:00,8863.0,8687.0,8563.455,8757.509
2018-06-10 03:00:00,8478.0,8321.0,8172.418,8416.151
2018-06-10 04:00:00,8207.0,8104.0,8024.662,8149.0293
2018-06-10 05:00:00,8165.0,7953.0,8001.065,8039.2056
2018-06-10 06:00:00,8148.0,7927.0,8048.632,8026.708
2018-06-10 07:00:00,8169.0,7785.0,8270.581,8036.264
2018-06-10 08:00:00,8121.0,7930.0,8244.056,8144.9546
2018-06-10 09:00:00,8431.0,8315.0,8458.639,8361.642
2018-06-10 10:00:00,8876.0,8870.0,9254.756,8960.462
2018-06-10 11:00:00,9307.0,9361.0,9690.487,9551.511
2018-06-10 12:00:00,9654.0,9786.0,10989.132,10342.334
2018-06-10 13:00:00,9900.0,10136.0,10994.047,10546.6455
2018-06-10 14:00:00,9973.0,10415.0,10830.281,10676.516
2018-06-10 15:00:00,9967.0,10602.0,10874.507,10814.992
2018-06-10 16:00:00,9895.0,10766.0,10868.439,10916.257
2018-06-10 17:00:00,9832.0,10848.0,10548.205,10890.447
2018-06-10 18:00:00,9740.0,10931.0,10727.224,11120.919
2018-06-10 19:00:00,9808.0,10864.0,10734.408,10923.678
2018-06-10 20:00:00,9748.0,10680.0,10710.96,10985.868
2018-06-10 21:00:00,9717.0,10372.0,10608.658,10797.095
2018-06-10 22:00:00,9953.0,10265.0,10676.139,10778.308
2018-06-10 23:00:00,9900.0,10175.0,10692.194,10630.279
2018-06-11 00:00:00,9494.0,9624.0,9879.576,9775.543
2018-06-11 01:00:00,8940.0,8984.0,9192.958,9238.2295
2018-06-11 02:00:00,8590.0,8474.0,8578.383,8672.105
2018-06-11 03:00:00,8338.0,8154.0,8249.211,8369.262
2018-06-11 04:00:00,8232.0,7968.0,7999.529,8027.049
2018-06-11 05:00:00,8153.0,7928.0,7974.25,8008.276
2018-06-11 06:00:00,8404.0,8126.0,8118.185,8172.5396
2018-06-11 07:00:00,8848.0,8547.0,8798.883,8883.659
2018-06-11 08:00:00,9679.0,9435.0,9549.881,9880.462
2018-06-11 09:00:00,10501.0,10372.0,10742.442,10897.56
2018-06-11 10:00:00,10976.0,11007.0,11185.204,11292.683
2018-06-11 11:00:00,11284.0,11408.0,11452.383,11462.297
2018-06-11 12:00:00,11566.0,11773.0,11903.919,11691.765
2018-06-11 13:00:00,11704.0,12034.0,12365.557,11763.986
2018-06-11 14:00:00,11765.0,12264.0,12374.981,11721.641
2018-06-11 15:00:00,11852.0,12579.0,12446.043,11794.297
2018-06-11 16:00:00,11854.0,12870.0,12546.36,11976.259
2018-06-11 17:00:00,11714.0,13177.0,12522.356,11956.518
2018-06-11 18:00:00,11629.0,13399.0,12646.519,12021.8
2018-06-11 19:00:00,11514.0,13449.0,12092.889,12113.892
2018-06-11 20:00:00,11383.0,13244.0,11967.054,11810.9795
2018-06-11 21:00:00,11243.0,12872.0,12265.478,11805.948
2018-06-11 22:00:00,11361.0,12588.0,12264.6,11745.355
2018-06-11 23:00:00,11113.0,12285.0,11992.165,11427.305
2018-06-12 00:00:00,10432.0,11407.0,10879.565,10439.822
2018-06-12 01:00:00,9669.0,10466.0,10158.813,9666.463
2018-06-12 02:00:00,9117.0,9801.0,9545.259,8940.481
2018-06-12 03:00:00,8789.0,9317.0,9237.841,8615.024
2018-06-12 04:00:00,8583.0,8985.0,9003.421,8462.545
2018-06-12 05:00:00,8559.0,8818.0,9006.282,8427.116
2018-06-12 06:00:00,8730.0,8927.0,9136.695,8546.263
2018-06-12 07:00:00,9215.0,9367.0,9737.113,9059.812
2018-06-12 08:00:00,10120.0,10177.0,10875.259,10121.9375
2018-06-12 09:00:00,11002.0,10955.0,11537.11,10754.784
2018-06-12 10:00:00,11576.0,11494.0,11871.919,11304.809
2018-06-12 11:00:00,12006.0,11863.0,12070.641,11708.907
2018-06-12 12:00:00,12449.0,12116.0,12580.419,12176.276
2018-06-12 13:00:00,12711.0,12188.0,12889.6455,12386.88
2018-06-12 14:00:00,12948.0,12186.0,13621.113,12401.034
2018-06-12 15:00:00,13340.0,12185.0,14145.461,12652.135
2018-06-12 16:00:00,13674.0,12053.0,14174.886,12652.195
2018-06-12 17:00:00,13879.0,11854.0,14265.397,12650.834
2018-06-12 18:00:00,13856.0,11599.0,14618.654,12851.648
2018-06-12 19:00:00,13718.0,11377.0,13771.1,12860.447
2018-06-12 20:00:00,13389.0,10941.0,13877.374,12783.307
2018-06-12 21:00:00,13190.0,10607.0,13393.616,12685.672
2018-06-12 22:00:00,13194.0,10529.0,13443.789,12695.714
2018-06-12 23:00:00,12955.0,10382.0,13892.535,12690.8545
2018-06-13 00:00:00,12019.0,9720.0,12617.979,11131.678
2018-06-13 01:00:00,10997.0,8997.0,11483.348,10213.324
2018-06-13 02:00:00,10254.0,8508.0,10345.213,9756.634
2018-06-13 03:00:00,9767.0,8222.0,9864.05,9306.785
2018-06-13 04:00:00,9463.0,8020.0,9533.016,8902.271
2018-06-13 05:00:00,9358.0,7922.0,9453.608,8828.938
2018-06-13 06:00:00,9460.0,8062.0,9809.354,8989.726
2018-06-13 07:00:00,9917.0,8394.0,10261.183,9229.411
2018-06-13 08:00:00,10939.0,9190.0,11185.16,9916.35
2018-06-13 09:00:00,11978.0,10026.0,12579.038,11029.124
2018-06-13 10:00:00,12823.0,10630.0,13413.419,11914.483
2018-06-13 11:00:00,13454.0,11055.0,13854.839,12744.147
2018-06-13 12:00:00,13981.0,11439.0,14611.437,13387.579
2018-06-13 13:00:00,14261.0,11619.0,14820.76,13894.029
2018-06-13 14:00:00,14467.0,11672.0,15055.278,14091.259
2018-06-13 15:00:00,14749.0,11684.0,15421.571,14248.095
2018-06-13 16:00:00,14970.0,11927.0,15403.428,14758.306
2018-06-13 17:00:00,15134.0,12127.0,15210.407,14902.141
2018-06-13 18:00:00,15236.0,12137.0,15154.451,15022.256
2018-06-13 19:00:00,15119.0,12190.0,14601.093,14805.724
2018-06-13 20:00:00,14622.0,12145.0,14058.56,14896.944
2018-06-13 21:00:00,13925.0,11921.0,13529.761,14418.342
2018-06-13 22:00:00,13228.0,11976.0,13490.719,14238.748
2018-06-13 23:00:00,12672.0,11770.0,13136.99,13714.602
2018-06-14 00:00:00,11591.0,10987.0,11775.075,12450.854
2018-06-14 01:00:00,10507.0,10099.0,10715.7705,11222.942
2018-06-14 02:00:00,9709.0,9475.0,9928.108,10667.661
2018-06-14 03:00:00,9180.0,9034.0,9337.895,10073.095
2018-06-14 04:00:00,8904.0,8694.0,9068.598,9377.947
2018-06-14 05:00:00,8766.0,8622.0,9043.32,9280.588
2018-06-14 06:00:00,8882.0,8717.0,9177.625,9317.535
2018-06-14 07:00:00,9260.0,9154.0,9674.767,9779.604
2018-06-14 08:00:00,10199.0,9951.0,11093.699,10746.908
2018-06-14 09:00:00,11085.0,10855.0,11988.456,11634.125
2018-06-14 10:00:00,12004.0,11627.0,12835.399,12407.578
2018-06-14 11:00:00,12748.0,12357.0,13475.754,12873.713
2018-06-14 12:00:00,13344.0,13000.0,14170.866,13285.915
2018-06-14 13:00:00,13829.0,13495.0,14748.496,13663.341
2018-06-14 14:00:00,14156.0,13896.0,14983.873,13972.681
2018-06-14 15:00:00,14394.0,14357.0,15068.129,14372.1045
2018-06-14 16:00:00,14347.0,14782.0,15216.902,14697.882
2018-06-14 17:00:00,14149.0,15001.0,15151.869,14756.104
2018-06-14 18:00:00,13910.0,15029.0,15096.976,14743.567
2018-06-14 19:00:00,13617.0,14674.0,14626.307,14356.266
2018-06-14 20:00:00,13147.0,13865.0,13741.14,13362.02
2018-06-14 21:00:00,12760.0,12944.0,13489.125,13382.994
2018-06-14 22:00:00,12630.0,12448.0,13386.408,13528.108
2018-06-14 23:00:00,12451.0,11903.0,12721.711,12898.404
2018-06-15 00:00:00,11567.0,10977.0,11907.735,11628.436
2018-06-15 01:00:00,10585.0,10020.0,10816.676,10428.93
2018-06-15 02:00:00,9850.0,9316.0,10100.16,9939.158
2018-06-15 03:00:00,9382.0,8893.0,9554.068,9528.064
2018-06-15 04:00:00,8982.0,8578.0,9148.493,9098.679
2018-06-15 05:00:00,8848.0,8458.0,9048.279,8998.541
2018-06-15 06:00:00,8954.0,8577.0,9334.124,9052.89
2018-06-15 07:00:00,9326.0,8975.0,9777.434,9391.47
2018-06-15 08:00:00,10283.0,9642.0,10955.314,10025.513
2018-06-15 09:00:00,11329.0,10363.0,12349.477,11100.363
2018-06-15 10:00:00,12082.0,10905.0,13459.951,11797.937
2018-06-15 11:00:00,12501.0,11192.0,12899.848,12413.563
2018-06-15 12:00:00,12818.0,11428.0,13788.288,13158.948
2018-06-15 13:00:00,13178.0,11533.0,14187.079,13134.25
2018-06-15 14:00:00,13851.0,11661.0,14728.37,13083.359
2018-06-15 15:00:00,14763.0,11893.0,15564.245,13188.422
2018-06-15 16:00:00,15616.0,11970.0,16360.599,13582.1875
2018-06-15 17:00:00,16326.0,11899.0,16184.763,13907.958
2018-06-15 18:00:00,16833.0,11908.0,15805.75,14329.427
2018-06-15 19:00:00,16994.0,11850.0,15418.44,14458.897
2018-06-15 20:00:00,16684.0,11637.0,15496.69,14484.483
2018-06-15 21:00:00,16062.0,11283.0,15260.948,14435.423
2018-06-15 22:00:00,15713.0,11250.0,14670.998,14327.011
2018-06-15 23:00:00,15411.0,11021.0,14368.09,14114.911
2018-06-16 00:00:00,14555.0,10343.0,13127.151,12839.708
2018-06-16 01:00:00,13472.0,9552.0,12553.698,12415.493
2018-06-16 02:00:00,12619.0,8960.0,11440.635,11225.643
2018-06-16 03:00:00,11781.0,8538.0,10653.488,10503.433
2018-06-16 04:00:00,10973.0,8283.0,10523.551,10198.492
2018-06-16 05:00:00,10456.0,8103.0,10391.407,10060.254
2018-06-16 06:00:00,10275.0,8111.0,10594.5625,10073.833
2018-06-16 07:00:00,10211.0,8379.0,10351.992,10086.933
2018-06-16 08:00:00,10410.0,8701.0,10593.814,9944.09
2018-06-16 09:00:00,11334.0,9148.0,11392.245,10610.823
2018-06-16 10:00:00,12681.0,9664.0,12399.047,11797.703
2018-06-16 11:00:00,14007.0,10038.0,14164.916,12979.108
2018-06-16 12:00:00,15050.0,10292.0,15481.586,14168.987
2018-06-16 13:00:00,15834.0,10492.0,15456.079,15237.951
2018-06-16 14:00:00,16284.0,10745.0,16078.292,15616.4
2018-06-16 15:00:00,16632.0,10991.0,17729.785,16990.564
2018-06-16 16:00:00,17057.0,11332.0,18463.17,16679.68
2018-06-16 17:00:00,17496.0,11722.0,18387.926,16668.666
2018-06-16 18:00:00,17801.0,12046.0,18261.797,16595.734
2018-06-16 19:00:00,17910.0,12152.0,16562.553,16466.896
2018-06-16 20:00:00,17464.0,11850.0,16526.076,16049.494
2018-06-16 21:00:00,16834.0,11282.0,15916.531,15618.265
2018-06-16 22:00:00,16384.0,11043.0,15666.457,15410.716
2018-06-16 23:00:00,16000.0,10743.0,15110.5625,14870.015
2018-06-17 00:00:00,15129.0,10072.0,14649.091,13646.622
2018-06-17 01:00:00,14147.0,9447.0,13840.869,13068.113
2018-06-17 02:00:00,13278.0,8863.0,12105.247,11674.496
2018-06-17 03:00:00,12563.0,8478.0,11755.188,11203.915
2018-06-17 04:00:00,11966.0,8207.0,10950.43,10475.129
2018-06-17 05:00:00,11474.0,8165.0,10799.631,10102.688
2018-06-17 06:00:00,11226.0,8148.0,10733.1,9922.648
2018-06-17 07:00:00,10926.0,8169.0,11173.144,9830.255
2018-06-17 08:00:00,11219.0,8121.0,11286.279,10089.441
2018-06-17 09:00:00,12275.0,8431.0,11441.932,10726.008
2018-06-17 10:00:00,13646.0,8876.0,13024.13,11507.404
2018-06-17 11:00:00,15034.0,9307.0,14096.718,12851.506
2018-06-17 12:00:00,16198.0,9654.0,15636.251,13682.517
2018-06-17 13:00:00,17102.0,9900.0,16154.489,14579.287
2018-06-17 14:00:00,17760.0,9973.0,16901.396,15717.464
2018-06-17 15:00:00,18241.0,9967.0,17173.018,16188.509
2018-06-17 16:00:00,18449.0,9895.0,17910.127,16818.686
2018-06-17 17:00:00,18390.0,9832.0,18315.041,17298.576
2018-06-17 18:00:00,18215.0,9740.0,18441.873,17200.408
2018-06-17 19:00:00,17974.0,9808.0,18026.893,16999.219
2018-06-17 20:00:00,17599.0,9748.0,17309.639,16680.494
2018-06-17 21:00:00,17213.0,9717.0,16904.797,15944.0625
2018-06-17 22:00:00,16949.0,9953.0,16587.824,16314.731
2018-06-17 23:00:00,16789.0,9900.0,16364.699,15934.098
2018-06-18 00:00:00,15823.0,9494.0,16656.838,15924.619
2018-06-18 01:00:00,14753.0,8940.0,15294.079,14766.151
2018-06-18 02:00:00,13812.0,8590.0,14435.017,13771.273
2018-06-18 03:00:00,13239.0,8338.0,13486.821,13039.262
2018-06-18 04:00:00,12770.0,8232.0,12979.679,12004.119
2018-06-18 05:00:00,12495.0,8153.0,12956.144,12564.227
2018-06-18 06:00:00,12578.0,8404.0,13105.208,12586.201
2018-06-18 07:00:00,13042.0,8848.0,14554.139,12972.349
2018-06-18 08:00:00,14139.0,9679.0,14866.901,13988.559
2018-06-18 09:00:00,15689.0,10501.0,16345.131,14997.177
2018-06-18 10:00:00,16983.0,10976.0,16628.879,15720.018
2018-06-18 11:00:00,18085.0,11284.0,17568.398,16487.969
2018-06-18 12:00:00,19090.0,11566.0,18328.729,17268.996
2018-06-18 13:00:00,19926.0,11704.0,19420.648,16733.953
2018-06-18 14:00:00,20498.0,11765.0,20743.73,18312.092
2018-06-18 15:00:00,20941.0,11852.0,20765.055,19267.855
2018-06-18 16:00:00,21209.0,11854.0,21093.543,19913.244
2018-06-18 17:00:00,21349.0,11714.0,21408.533,20879.902
2018-06-18 18:00:00,21344.0,11629.0,21457.629,20879.902
2018-06-18 19:00:00,20727.0,11514.0,17372.92,20837.078
2018-06-18 20:00:00,19188.0,11383.0,16659.744,20367.36
2018-06-18 21:00:00,18050.0,11243.0,16822.16,19494.576
2018-06-18 22:00:00,17122.0,11361.0,16700.15,19436.887
2018-06-18 23:00:00,16209.0,11113.0,15612.583,18590.396
2018-06-19 00:00:00,14819.0,10432.0,14094.629,17052.553
2018-06-19 01:00:00,13394.0,9669.0,12814.263,16045.399
2018-06-19 02:00:00,12273.0,9117.0,11567.73,14544.328
2018-06-19 03:00:00,11426.0,8789.0,10803.045,13804.847
2018-06-19 04:00:00,10841.0,8583.0,10387.298,12861.53
2018-06-19 05:00:00,10524.0,8559.0,10303.624,12966.789
2018-06-19 06:00:00,10509.0,8730.0,10418.972,12716.958
2018-06-19 07:00:00,10855.0,9215.0,11576.806,12960.108
2018-06-19 08:00:00,11523.0,10120.0,12597.901,13716.047
2018-06-19 09:00:00,12339.0,11002.0,13271.065,14276.818
2018-06-19 10:00:00,13025.0,11576.0,13920.714,14687.783
2018-06-19 11:00:00,13651.0,12006.0,14539.153,14526.062
2018-06-19 12:00:00,14293.0,12449.0,15780.047,14930.294
2018-06-19 13:00:00,15008.0,12711.0,15032.554,13916.726
2018-06-19 14:00:00,15630.0,12948.0,14561.766,14200.669
2018-06-19 15:00:00,16160.0,13340.0,14991.795,14514.981
2018-06-19 16:00:00,16387.0,13674.0,15269.677,15006.293
2018-06-19 17:00:00,16030.0,13879.0,15668.37,15596.823
2018-06-19 18:00:00,15315.0,13856.0,15179.823,15351.592
2018-06-19 19:00:00,14758.0,13718.0,14882.258,15492.915
2018-06-19 20:00:00,14127.0,13389.0,13862.724,13791.164
2018-06-19 21:00:00,13556.0,13190.0,14168.354,14040.787
2018-06-19 22:00:00,13296.0,13194.0,13601.895,13702.756
2018-06-19 23:00:00,12891.0,12955.0,13104.383,13377.157
2018-06-20 00:00:00,12016.0,12019.0,12119.214,12391.21
2018-06-20 01:00:00,11069.0,10997.0,11574.205,11541.198
2018-06-20 02:00:00,10334.0,10254.0,10564.933,10707.398
2018-06-20 03:00:00,9832.0,9767.0,9846.41,10177.728
2018-06-20 04:00:00,9510.0,9463.0,9488.307,9626.405
2018-06-20 05:00:00,9381.0,9358.0,9389.099,9567.428
2018-06-20 06:00:00,9469.0,9460.0,9509.268,9644.05
2018-06-20 07:00:00,9949.0,9917.0,10088.297,10372.155
2018-06-20 08:00:00,10810.0,10939.0,11349.253,11199.152
2018-06-20 09:00:00,11640.0,11978.0,11908.3545,11826.033
2018-06-20 10:00:00,12103.0,12823.0,12605.538,12549.312
2018-06-20 11:00:00,12611.0,13454.0,13209.223,13151.844
2018-06-20 12:00:00,13265.0,13981.0,13546.747,13482.028
2018-06-20 13:00:00,13722.0,14261.0,13589.635,13015.856
2018-06-20 14:00:00,14063.0,14467.0,13733.692,12920.48
2018-06-20 15:00:00,14514.0,14749.0,13562.393,13222.372
2018-06-20 16:00:00,14786.0,14970.0,13882.1,13367.263
2018-06-20 17:00:00,14741.0,15134.0,13844.781,13924.052
2018-06-20 18:00:00,14671.0,15236.0,14086.544,14479.635
2018-06-20 19:00:00,14418.0,15119.0,13760.048,14673.321
2018-06-20 20:00:00,13817.0,14622.0,13533.361,14260.522
2018-06-20 21:00:00,13058.0,13925.0,13298.505,13976.743
2018-06-20 22:00:00,12712.0,13228.0,13170.236,13880.701
2018-06-20 23:00:00,12310.0,12672.0,12838.006,13415.762
2018-06-21 00:00:00,11492.0,11591.0,11633.674,11899.497
2018-06-21 01:00:00,10648.0,10507.0,10757.914,10827.025
2018-06-21 02:00:00,10016.0,9709.0,9954.688,9994.975
2018-06-21 03:00:00,9573.0,9180.0,9557.538,9688.228
2018-06-21 04:00:00,9231.0,8904.0,9309.647,9238.054
2018-06-21 05:00:00,9143.0,8766.0,9273.541,9158.55
2018-06-21 06:00:00,9289.0,8882.0,9386.952,9236.851
2018-06-21 07:00:00,9818.0,9260.0,9889.057,9698.91
2018-06-21 08:00:00,10657.0,10199.0,10576.2295,10510.02
2018-06-21 09:00:00,11481.0,11085.0,11499.874,11419.564
2018-06-21 10:00:00,11963.0,12004.0,11786.719,12195.643
2018-06-21 11:00:00,12251.0,12748.0,12240.165,12809.319
2018-06-21 12:00:00,12485.0,13344.0,12749.168,13390.603
2018-06-21 13:00:00,12497.0,13829.0,12972.464,13585.724
2018-06-21 14:00:00,12455.0,14156.0,13112.113,13600.519
2018-06-21 15:00:00,12426.0,14394.0,13352.164,13982.171
2018-06-21 16:00:00,12266.0,14347.0,13373.327,13914.527
2018-06-21 17:00:00,12064.0,14149.0,13167.465,13519.456
2018-06-21 18:00:00,11920.0,13910.0,13337.253,13445.638
2018-06-21 19:00:00,11782.0,13617.0,13006.001,13193.681
2018-06-21 20:00:00,11615.0,13147.0,12606.441,12657.729
2018-06-21 21:00:00,11528.0,12760.0,12569.923,12680.906
2018-06-21 22:00:00,11505.0,12630.0,12320.559,12741.91
2018-06-21 23:00:00,11258.0,12451.0,12006.769,12010.67
2018-06-22 00:00:00,10622.0,11567.0,11121.053,10931.714
2018-06-22 01:00:00,9914.0,10585.0,10235.603,10094.0625
2018-06-22 02:00:00,9378.0,9850.0,9541.143,9323.532
2018-06-22 03:00:00,9012.0,9382.0,9117.426,9103.791
2018-06-22 04:00:00,8822.0,8982.0,8827.865,8767.589
2018-06-22 05:00:00,8687.0,8848.0,8695.609,8729.287
2018-06-22 06:00:00,8843.0,8954.0,8836.693,8839.893
2018-06-22 07:00:00,9253.0,9326.0,9277.018,9370.521
2018-06-22 08:00:00,10029.0,10283.0,10107.69,10222.116
2018-06-22 09:00:00,10700.0,11329.0,10876.98,10925.949
2018-06-22 10:00:00,11146.0,12082.0,11191.881,11409.892
2018-06-22 11:00:00,11371.0,12501.0,11445.687,11727.814
2018-06-22 12:00:00,11508.0,12818.0,11920.862,12089.088
2018-06-22 13:00:00,11529.0,13178.0,11885.648,12299.355
2018-06-22 14:00:00,11472.0,13851.0,11919.649,12480.165
2018-06-22 15:00:00,11485.0,14763.0,11958.274,12429.233
2018-06-22 16:00:00,11385.0,15616.0,11866.405,12147.7295
2018-06-22 17:00:00,11195.0,16326.0,11817.418,12251.045
2018-06-22 18:00:00,11037.0,16833.0,11870.798,12333.94
2018-06-22 19:00:00,10861.0,16994.0,11812.404,12017.945
2018-06-22 20:00:00,10663.0,16684.0,11650.453,11628.646
2018-06-22 21:00:00,10541.0,16062.0,11531.267,11504.679
2018-06-22 22:00:00,10631.0,15713.0,11532.738,11402.428
2018-06-22 23:00:00,10543.0,15411.0,11355.176,11001.146
2018-06-23 00:00:00,9989.0,14555.0,10382.7705,10493.212
2018-06-23 01:00:00,9391.0,13472.0,9599.995,9607.82
2018-06-23 02:00:00,8899.0,12619.0,9113.153,9115.407
2018-06-23 03:00:00,8572.0,11781.0,8640.877,8593.794
2018-06-23 04:00:00,8332.0,10973.0,8161.779,8485.97
2018-06-23 05:00:00,8210.0,10456.0,8246.72,8300.525
2018-06-23 06:00:00,8207.0,10275.0,8347.833,8360.037
2018-06-23 07:00:00,8354.0,10211.0,8416.2,8416.409
2018-06-23 08:00:00,8577.0,10410.0,8919.573,9159.371
2018-06-23 09:00:00,9054.0,11334.0,9163.007,9382.504
2018-06-23 10:00:00,9648.0,12681.0,9715.867,9901.955
2018-06-23 11:00:00,10159.0,14007.0,10334.633,9993.167
2018-06-23 12:00:00,10541.0,15050.0,10945.622,10499.543
2018-06-23 13:00:00,10928.0,15834.0,11322.908,10773.89
2018-06-23 14:00:00,11238.0,16284.0,11372.47,11024.816
2018-06-23 15:00:00,11486.0,16632.0,11579.543,10991.562
2018-06-23 16:00:00,11706.0,17057.0,11627.848,11033.899
2018-06-23 17:00:00,11846.0,17496.0,11815.478,11103.981
2018-06-23 18:00:00,11959.0,17801.0,11825.769,11144.36
2018-06-23 19:00:00,11929.0,17910.0,11912.234,11127.1455
2018-06-23 20:00:00,11610.0,17464.0,11371.033,10735.669
2018-06-23 21:00:00,11244.0,16834.0,10872.314,10660.37
2018-06-23 22:00:00,11221.0,16384.0,10984.122,10746.866
2018-06-23 23:00:00,11131.0,16000.0,10747.306,10701.232
2018-06-24 00:00:00,10572.0,15129.0,10446.426,10495.269
2018-06-24 01:00:00,9944.0,14147.0,9773.805,9781.0
2018-06-24 02:00:00,9379.0,13278.0,9098.928,9096.814
2018-06-24 03:00:00,8941.0,12563.0,8556.734,8610.21
2018-06-24 04:00:00,8592.0,11966.0,8177.8813,8211.399
2018-06-24 05:00:00,8363.0,11474.0,8093.8745,8147.641
2018-06-24 06:00:00,8259.0,11226.0,7883.922,8170.1763
2018-06-24 07:00:00,8108.0,10926.0,7879.463,8132.114
2018-06-24 08:00:00,8275.0,11219.0,8319.996,8515.115
2018-06-24 09:00:00,8900.0,12275.0,9285.506,9119.729
2018-06-24 10:00:00,9743.0,13646.0,9508.173,9668.063
2018-06-24 11:00:00,10592.0,15034.0,10286.248,10794.426
2018-06-24 12:00:00,11376.0,16198.0,10602.532,11858.227
2018-06-24 13:00:00,12005.0,17102.0,11533.33,12168.549
2018-06-24 14:00:00,12548.0,17760.0,11695.236,12345.847
2018-06-24 15:00:00,12928.0,18241.0,11233.609,12441.401
2018-06-24 16:00:00,13256.0,18449.0,11358.079,12654.489
2018-06-24 17:00:00,13346.0,18390.0,11566.042,12896.877
2018-06-24 18:00:00,13215.0,18215.0,11681.462,13041.54
2018-06-24 19:00:00,13103.0,17974.0,11924.141,13117.746
2018-06-24 20:00:00,12696.0,17599.0,11554.78,13096.973
2018-06-24 21:00:00,12002.0,17213.0,11526.673,13327.172
2018-06-24 22:00:00,11547.0,16949.0,11544.037,13420.444
2018-06-24 23:00:00,11301.0,16789.0,11577.906,13649.551
2018-06-25 00:00:00,10623.0,15823.0,10999.475,12122.6455
2018-06-25 01:00:00,9864.0,14753.0,10452.264,10987.049
2018-06-25 02:00:00,9280.0,13812.0,10015.055,10403.933
2018-06-25 03:00:00,8841.0,13239.0,9667.033,10085.064
2018-06-25 04:00:00,8543.0,12770.0,9397.16,9735.53
2018-06-25 05:00:00,8460.0,12495.0,9251.47,9470.166
2018-06-25 06:00:00,8664.0,12578.0,9560.586,9750.973
2018-06-25 07:00:00,9136.0,13042.0,10303.425,10494.754
2018-06-25 08:00:00,10081.0,14139.0,11400.337,11385.759
2018-06-25 09:00:00,11174.0,15689.0,12202.256,12256.248
2018-06-25 10:00:00,11918.0,16983.0,12842.468,12840.359
2018-06-25 11:00:00,12556.0,18085.0,13128.872,13428.115
2018-06-25 12:00:00,13146.0,19090.0,13577.737,13786.679
2018-06-25 13:00:00,13595.0,19926.0,13592.383,14114.826
2018-06-25 14:00:00,13949.0,20498.0,13704.331,14002.115
2018-06-25 15:00:00,14293.0,20941.0,13832.215,13549.983
2018-06-25 16:00:00,14543.0,21209.0,13988.923,13604.053
2018-06-25 17:00:00,14746.0,21349.0,14116.741,13847.142
2018-06-25 18:00:00,14845.0,21344.0,13861.061,14046.241
2018-06-25 19:00:00,14688.0,20727.0,14265.97,14361.997
2018-06-25 20:00:00,14147.0,19188.0,13726.731,14040.305
2018-06-25 21:00:00,13468.0,18050.0,14053.921,13904.085
2018-06-25 22:00:00,13192.0,17122.0,14186.537,13851.653
2018-06-25 23:00:00,12935.0,16209.0,13286.519,13381.236
2018-06-26 00:00:00,12110.0,14819.0,12264.678,12188.983
2018-06-26 01:00:00,11152.0,13394.0,11220.789,10992.683
2018-06-26 02:00:00,10402.0,12273.0,10506.23,10362.02
2018-06-26 03:00:00,9867.0,11426.0,10009.438,10036.117
2018-06-26 04:00:00,9491.0,10841.0,9895.248,10015.599
2018-06-26 05:00:00,9269.0,10524.0,9535.8545,9564.731
2018-06-26 06:00:00,9378.0,10509.0,9621.591,9565.292
2018-06-26 07:00:00,9769.0,10855.0,10162.342,9914.507
2018-06-26 08:00:00,10528.0,11523.0,10832.7705,10695.521
2018-06-26 09:00:00,11358.0,12339.0,11853.506,12147.803
2018-06-26 10:00:00,11865.0,13025.0,12680.788,12580.421
2018-06-26 11:00:00,12237.0,13651.0,13293.701,13127.031
2018-06-26 12:00:00,12833.0,14293.0,14130.269,13621.821
2018-06-26 13:00:00,13211.0,15008.0,15203.637,14098.746
2018-06-26 14:00:00,13702.0,15630.0,15391.356,14213.166
2018-06-26 15:00:00,14279.0,16160.0,16209.81,14607.9375
2018-06-26 16:00:00,15081.0,16387.0,15673.801,14648.233
2018-06-26 17:00:00,15453.0,16030.0,15331.553,14779.542
2018-06-26 18:00:00,15369.0,15315.0,15174.504,14766.4795
2018-06-26 19:00:00,15177.0,14758.0,15249.651,14267.557
2018-06-26 20:00:00,14546.0,14127.0,15141.343,14157.594
2018-06-26 21:00:00,14039.0,13556.0,14611.062,14159.499
2018-06-26 22:00:00,13750.0,13296.0,14436.675,13995.003
2018-06-26 23:00:00,13373.0,12891.0,14119.999,13328.789
2018-06-27 00:00:00,12504.0,12016.0,12790.367,12068.736
2018-06-27 01:00:00,11521.0,11069.0,11541.292,11022.278
2018-06-27 02:00:00,10748.0,10334.0,10567.157,10106.122
2018-06-27 03:00:00,10212.0,9832.0,10017.546,9661.009
2018-06-27 04:00:00,9850.0,9510.0,9722.024,9498.167
2018-06-27 05:00:00,9697.0,9381.0,9577.583,9367.299
2018-06-27 06:00:00,9790.0,9469.0,9710.3125,9452.278
2018-06-27 07:00:00,10334.0,9949.0,10510.893,9890.542
2018-06-27 08:00:00,11146.0,10810.0,11329.317,10784.554
2018-06-27 09:00:00,11983.0,11640.0,11920.549,11791.493
2018-06-27 10:00:00,12537.0,12103.0,12814.4,12902.893
2018-06-27 11:00:00,12968.0,12611.0,13109.683,13417.013
2018-06-27 12:00:00,13463.0,13265.0,14115.666,14093.347
2018-06-27 13:00:00,13743.0,13722.0,14388.515,14510.34
2018-06-27 14:00:00,14092.0,14063.0,14678.587,14677.093
2018-06-27 15:00:00,14671.0,14514.0,15097.402,15048.378
2018-06-27 16:00:00,15095.0,14786.0,15348.4795,15164.133
2018-06-27 17:00:00,15163.0,14741.0,15214.173,14975.696
2018-06-27 18:00:00,15069.0,14671.0,15193.393,14650.912
2018-06-27 19:00:00,15012.0,14418.0,15359.891,14574.637
2018-06-27 20:00:00,14652.0,13817.0,14855.732,14387.873
2018-06-27 21:00:00,14115.0,13058.0,14489.316,14283.027
2018-06-27 22:00:00,13663.0,12712.0,14290.548,14022.315
2018-06-27 23:00:00,13308.0,12310.0,14062.086,13631.736
2018-06-28 00:00:00,12389.0,11492.0,12735.126,12279.567
2018-06-28 01:00:00,11297.0,10648.0,11848.384,11374.794
2018-06-28 02:00:00,10486.0,10016.0,10827.975,10388.386
2018-06-28 03:00:00,9927.0,9573.0,10064.082,9916.596
2018-06-28 04:00:00,9542.0,9231.0,9653.91,9580.916
2018-06-28 05:00:00,9374.0,9143.0,9480.009,9533.06
2018-06-28 06:00:00,9474.0,9289.0,9609.288,9553.123
2018-06-28 07:00:00,9888.0,9818.0,10367.849,10081.723
2018-06-28 08:00:00,10956.0,10657.0,11621.479,10952.847
2018-06-28 09:00:00,12254.0,11481.0,12803.72,11861.239
2018-06-28 10:00:00,13390.0,11963.0,13753.644,12684.346
2018-06-28 11:00:00,14381.0,12251.0,14181.359,13081.755
2018-06-28 12:00:00,15291.0,12485.0,14806.452,13977.01
2018-06-28 13:00:00,16059.0,12497.0,15347.344,14572.7295
2018-06-28 14:00:00,16715.0,12455.0,15961.923,14853.902
2018-06-28 15:00:00,17322.0,12426.0,16700.428,15703.212
2018-06-28 16:00:00,17736.0,12266.0,16985.752,16214.753
2018-06-28 17:00:00,17998.0,12064.0,17677.166,16448.465
2018-06-28 18:00:00,18075.0,11920.0,17450.428,16709.287
2018-06-28 19:00:00,17677.0,11782.0,16803.79,16673.984
2018-06-28 20:00:00,16999.0,11615.0,16494.047,16163.208
2018-06-28 21:00:00,16355.0,11528.0,16218.522,15862.788
2018-06-28 22:00:00,15863.0,11505.0,16060.856,15862.693
2018-06-28 23:00:00,15400.0,11258.0,15633.201,15397.255
2018-06-29 00:00:00,14306.0,10622.0,14996.929,13673.989
2018-06-29 01:00:00,13028.0,9914.0,13535.227,12573.637
2018-06-29 02:00:00,11948.0,9378.0,12255.519,11961.085
2018-06-29 03:00:00,11243.0,9012.0,11442.38,11379.79
2018-06-29 04:00:00,10764.0,8822.0,10874.401,10827.32
2018-06-29 05:00:00,10529.0,8687.0,10773.22,10576.206
2018-06-29 06:00:00,10599.0,8843.0,10831.079,10606.334
2018-06-29 07:00:00,11035.0,9253.0,11667.926,10767.302
2018-06-29 08:00:00,12137.0,10029.0,12891.232,11441.333
2018-06-29 09:00:00,13605.0,10700.0,14057.411,12503.729
2018-06-29 10:00:00,14950.0,11146.0,15959.42,13361.488
2018-06-29 11:00:00,16120.0,11371.0,16863.06,14315.493
2018-06-29 12:00:00,17214.0,11508.0,17539.1,15126.318
2018-06-29 13:00:00,18179.0,11529.0,18687.6,16000.534
2018-06-29 14:00:00,18953.0,11472.0,19067.48,16528.424
2018-06-29 15:00:00,19756.0,11485.0,20059.402,16989.465
2018-06-29 16:00:00,20375.0,11385.0,20757.559,17680.357
2018-06-29 17:00:00,20745.0,11195.0,21204.797,18091.008
2018-06-29 18:00:00,20996.0,11037.0,21325.19,18088.229
2018-06-29 19:00:00,20915.0,10861.0,21063.996,18070.78
2018-06-29 20:00:00,20530.0,10663.0,19474.324,17542.87
2018-06-29 21:00:00,19965.0,10541.0,18089.727,17008.408
2018-06-29 22:00:00,19389.0,10631.0,17717.475,17390.441
2018-06-29 23:00:00,18848.0,10543.0,17533.848,16821.076
2018-06-30 00:00:00,17633.0,9989.0,16046.153,15846.1045
2018-06-30 01:00:00,16412.0,9391.0,15548.662,15126.591
2018-06-30 02:00:00,15313.0,8899.0,14606.564,13748.5
2018-06-30 03:00:00,14478.0,8572.0,14207.468,12935.463
2018-06-30 04:00:00,13758.0,8332.0,13359.73,12152.217
2018-06-30 05:00:00,13263.0,8210.0,12887.448,11671.4375
2018-06-30 06:00:00,12937.0,8207.0,12692.92,11594.492
2018-06-30 07:00:00,12778.0,8354.0,13046.147,11774.499
2018-06-30 08:00:00,13219.0,8577.0,13425.007,11912.284
2018-06-30 09:00:00,14318.0,9054.0,14949.749,12047.876
2018-06-30 10:00:00,15662.0,9648.0,15719.739,13175.811
2018-06-30 11:00:00,17009.0,10159.0,15949.334,14608.414
2018-06-30 12:00:00,18114.0,10541.0,17108.477,15117.819
2018-06-30 13:00:00,18832.0,10928.0,17676.404,16772.545
2018-06-30 14:00:00,19302.0,11238.0,17954.89,17196.162
2018-06-30 15:00:00,19605.0,11486.0,18624.287,17949.273
2018-06-30 16:00:00,19821.0,11706.0,18699.352,18495.207
2018-06-30 17:00:00,19937.0,11846.0,18617.523,18421.441
2018-06-30 18:00:00,19954.0,11959.0,18546.137,18311.643
2018-06-30 19:00:00,19790.0,11929.0,18163.22,16561.459
2018-06-30 20:00:00,19376.0,11610.0,17452.256,16920.81
2018-06-30 21:00:00,18709.0,11244.0,16906.691,16028.109
2018-06-30 22:00:00,18086.0,11221.0,16544.354,16169.153
2018-06-30 23:00:00,17611.0,11131.0,16174.775,15969.486
2018-07-01 00:00:00,16600.0,10572.0,15411.01,14571.52
2018-07-01 01:00:00,15466.0,9944.0,14547.726,13803.657
2018-07-01 02:00:00,14452.0,9379.0,13322.802,13387.554
2018-07-01 03:00:00,13586.0,8941.0,12628.633,11996.299
2018-07-01 04:00:00,12906.0,8592.0,11605.014,11337.779
2018-07-01 05:00:00,12416.0,8363.0,11250.284,10851.412
2018-07-01 06:00:00,12099.0,8259.0,11106.499,10649.347
2018-07-01 07:00:00,11849.0,8108.0,11178.405,10455.896
2018-07-01 08:00:00,11960.0,8275.0,11752.262,10780.75
2018-07-01 09:00:00,12831.0,8900.0,13596.218,11745.164
2018-07-01 10:00:00,14181.0,9743.0,14556.477,12568.766
2018-07-01 11:00:00,15384.0,10592.0,15773.273,13394.85
2018-07-01 12:00:00,16494.0,11376.0,17223.783,14436.527
2018-07-01 13:00:00,17474.0,12005.0,18103.805,15837.074
2018-07-01 14:00:00,18150.0,12548.0,19075.025,16603.3
2018-07-01 15:00:00,18634.0,12928.0,19228.389,17542.4
2018-07-01 16:00:00,18932.0,13256.0,19319.508,17627.666
2018-07-01 17:00:00,18909.0,13346.0,19105.668,17870.701
2018-07-01 18:00:00,18056.0,13215.0,18591.32,18078.242
2018-07-01 19:00:00,16710.0,13103.0,17681.533,17543.695
2018-07-01 20:00:00,15828.0,12696.0,17179.938,17043.746
2018-07-01 21:00:00,15320.0,12002.0,16669.352,15878.236
2018-07-01 22:00:00,14968.0,11547.0,15943.973,15683.543
2018-07-01 23:00:00,14812.0,11301.0,15728.225,15688.398
2018-07-02 00:00:00,14068.0,10623.0,14330.262,15374.386
2018-07-02 01:00:00,13134.0,9864.0,13243.73,14156.949
2018-07-02 02:00:00,12278.0,9280.0,12319.675,13482.337
2018-07-02 03:00:00,11615.0,8841.0,11750.731,13236.295
2018-07-02 04:00:00,11131.0,8543.0,11098.061,13553.954
2018-07-02 05:00:00,10787.0,8460.0,11086.966,13427.17
2018-07-02 06:00:00,10806.0,8664.0,10953.597,12042.358
2018-07-02 07:00:00,11065.0,9136.0,11682.797,12164.182
2018-07-02 08:00:00,11845.0,10081.0,12636.301,12737.17
2018-07-02 09:00:00,13042.0,11174.0,13115.018,15015.143
2018-07-02 10:00:00,13947.0,11918.0,13497.412,15571.511
2018-07-02 11:00:00,14665.0,12556.0,14169.982,15343.3545
2018-07-02 12:00:00,15322.0,13146.0,14386.337,15662.6
2018-07-02 13:00:00,15786.0,13595.0,14375.966,15818.08
2018-07-02 14:00:00,16229.0,13949.0,14803.87,16059.878
2018-07-02 15:00:00,16688.0,14293.0,15671.239,16219.08
2018-07-02 16:00:00,17072.0,14543.0,15845.949,16667.46
2018-07-02 17:00:00,17356.0,14746.0,16045.2,16964.598
2018-07-02 18:00:00,17486.0,14845.0,16235.637,16949.248
2018-07-02 19:00:00,17413.0,14688.0,16383.862,17134.943
2018-07-02 20:00:00,16871.0,14147.0,16033.591,17003.814
2018-07-02 21:00:00,15962.0,13468.0,15505.157,16403.37
2018-07-02 22:00:00,14964.0,13192.0,14914.415,16176.675
2018-07-02 23:00:00,14266.0,12935.0,14124.89,15292.993
2018-07-03 00:00:00,13017.0,12110.0,13567.733,14006.743
2018-07-03 01:00:00,11743.0,11152.0,12190.15,12663.681
2018-07-03 02:00:00,10726.0,10402.0,11369.839,11953.014
2018-07-03 03:00:00,10103.0,9867.0,10151.896,10970.913
2018-07-03 04:00:00,9653.0,9491.0,9832.775,10351.947
2018-07-03 05:00:00,9461.0,9269.0,9750.05,10375.695
2018-07-03 06:00:00,9557.0,9378.0,10081.718,10378.45
2018-07-03 07:00:00,9977.0,9769.0,11092.681,10795.284
2018-07-03 08:00:00,10947.0,10528.0,11901.678,11679.206
2018-07-03 09:00:00,12122.0,11358.0,13199.854,12771.241
2018-07-03 10:00:00,13286.0,11865.0,14303.354,13464.518
2018-07-03 11:00:00,14391.0,12237.0,14692.181,13899.732
2018-07-03 12:00:00,15475.0,12833.0,15378.1045,14723.347
2018-07-03 13:00:00,16418.0,13211.0,15885.485,15278.6
2018-07-03 14:00:00,17310.0,13702.0,16202.709,15703.172
2018-07-03 15:00:00,18058.0,14279.0,17243.379,16434.533
2018-07-03 16:00:00,18492.0,15081.0,17747.46,16406.469
2018-07-03 17:00:00,18765.0,15453.0,18420.596,16707.863
2018-07-03 18:00:00,19005.0,15369.0,18410.938,16781.797
2018-07-03 19:00:00,18939.0,15177.0,18198.084,16718.008
2018-07-03 20:00:00,18328.0,14546.0,17188.22,16379.291
2018-07-03 21:00:00,17483.0,14039.0,16719.756,15917.131
2018-07-03 22:00:00,16798.0,13750.0,16324.388,15704.842
2018-07-03 23:00:00,16263.0,13373.0,15555.226,15128.47
2018-07-04 00:00:00,15221.0,12504.0,13668.234,14320.942
2018-07-04 01:00:00,14123.0,11521.0,12958.957,12649.09
2018-07-04 02:00:00,13088.0,10748.0,12108.668,11752.924
2018-07-04 03:00:00,12394.0,10212.0,11849.672,11349.325
2018-07-04 04:00:00,11815.0,9850.0,10983.053,11373.202
2018-07-04 05:00:00,11435.0,9697.0,10723.156,11571.296
2018-07-04 06:00:00,11185.0,9790.0,10608.997,11370.134
2018-07-04 07:00:00,11026.0,10334.0,10908.543,10621.171
2018-07-04 08:00:00,11339.0,11146.0,11031.041,11108.618
2018-07-04 09:00:00,12266.0,11983.0,12613.892,12547.788
2018-07-04 10:00:00,13470.0,12537.0,13879.976,13490.09
2018-07-04 11:00:00,14834.0,12968.0,14672.763,14141.408
2018-07-04 12:00:00,16089.0,13463.0,15441.241,15371.303
2018-07-04 13:00:00,16913.0,13743.0,16053.763,16250.602
2018-07-04 14:00:00,17377.0,14092.0,17183.447,16806.115
2018-07-04 15:00:00,17818.0,14671.0,18025.557,17524.145
2018-07-04 16:00:00,17984.0,15095.0,18410.832,18128.979
2018-07-04 17:00:00,18021.0,15163.0,18734.213,18539.777
2018-07-04 18:00:00,17834.0,15069.0,18212.77,17988.715
2018-07-04 19:00:00,17700.0,15012.0,18153.002,18178.137
2018-07-04 20:00:00,17134.0,14652.0,17869.328,17912.271
2018-07-04 21:00:00,16365.0,14115.0,16651.287,17001.014
2018-07-04 22:00:00,15949.0,13663.0,16014.358,16513.139
2018-07-04 23:00:00,15347.0,13308.0,15437.545,15859.717
2018-07-05 00:00:00,14424.0,12389.0,14337.041,14101.19
2018-07-05 01:00:00,13451.0,11297.0,12778.283,12664.002
2018-07-05 02:00:00,12563.0,10486.0,12045.415,11964.207
2018-07-05 03:00:00,11826.0,9927.0,11887.698,11135.291
2018-07-05 04:00:00,11305.0,9542.0,11301.448,10483.495
2018-07-05 05:00:00,11086.0,9374.0,11154.183,10599.642
2018-07-05 06:00:00,11140.0,9474.0,11647.905,10395.874
2018-07-05 07:00:00,11533.0,9888.0,12238.672,10890.616
2018-07-05 08:00:00,12568.0,10956.0,12142.949,11958.59
2018-07-05 09:00:00,14000.0,12254.0,13224.373,12745.993
2018-07-05 10:00:00,15428.0,13390.0,13784.984,14077.805
2018-07-05 11:00:00,16799.0,14381.0,14698.4795,14943.78
2018-07-05 12:00:00,18001.0,15291.0,15974.61,15876.784
2018-07-05 13:00:00,18945.0,16059.0,17310.256,16603.469
2018-07-05 14:00:00,19530.0,16715.0,18871.316,17246.938
2018-07-05 15:00:00,19488.0,17322.0,20692.783,18119.63
2018-07-05 16:00:00,18228.0,17736.0,18324.873,18734.666
2018-07-05 17:00:00,17390.0,17998.0,18611.107,19034.668
2018-07-05 18:00:00,17069.0,18075.0,18922.379,19061.1
2018-07-05 19:00:00,16812.0,17677.0,18432.557,18881.03
2018-07-05 20:00:00,16374.0,16999.0,17942.453,17952.453
2018-07-05 21:00:00,16103.0,16355.0,17122.896,17281.766
2018-07-05 22:00:00,15679.0,15863.0,16697.1,16985.785
2018-07-05 23:00:00,15347.0,15400.0,15932.708,16170.285
2018-07-06 00:00:00,14329.0,14306.0,14978.736,14631.088
2018-07-06 01:00:00,13178.0,13028.0,13222.937,13275.074
2018-07-06 02:00:00,12136.0,11948.0,11750.739,12122.51
2018-07-06 03:00:00,11303.0,11243.0,10951.096,11487.082
2018-07-06 04:00:00,10677.0,10764.0,10759.061,11283.067
2018-07-06 05:00:00,10317.0,10529.0,10631.902,11011.187
2018-07-06 06:00:00,10275.0,10599.0,10622.372,10849.125
2018-07-06 07:00:00,10455.0,11035.0,11191.664,11447.966
2018-07-06 08:00:00,11248.0,12137.0,11625.707,11992.415
2018-07-06 09:00:00,12290.0,13605.0,12795.566,13209.74
2018-07-06 10:00:00,13028.0,14950.0,13333.689,14144.546
2018-07-06 11:00:00,13513.0,16120.0,13712.93,14623.174
2018-07-06 12:00:00,13875.0,17214.0,14390.309,15062.027
2018-07-06 13:00:00,13973.0,18179.0,14458.36,14818.95
2018-07-06 14:00:00,14025.0,18953.0,13678.067,14588.788
2018-07-06 15:00:00,14200.0,19756.0,13517.117,14216.637
2018-07-06 16:00:00,14286.0,20375.0,13792.849,14642.528
2018-07-06 17:00:00,14381.0,20745.0,13944.85,15616.298
2018-07-06 18:00:00,14375.0,20996.0,13397.173,15418.676
2018-07-06 19:00:00,14183.0,20915.0,13055.167,15347.649
2018-07-06 20:00:00,13590.0,20530.0,12496.048,13705.967
2018-07-06 21:00:00,12901.0,19965.0,11980.092,12868.998
2018-07-06 22:00:00,12191.0,19389.0,12085.565,12350.688
2018-07-06 23:00:00,11826.0,18848.0,11922.301,11191.936
2018-07-07 00:00:00,11082.0,17633.0,11007.535,12176.964
2018-07-07 01:00:00,10248.0,16412.0,10496.302,11109.094
2018-07-07 02:00:00,9600.0,15313.0,10001.659,10309.628
2018-07-07 03:00:00,9144.0,14478.0,9638.324,9936.852
2018-07-07 04:00:00,8806.0,13758.0,9009.329,9570.523
2018-07-07 05:00:00,8626.0,13263.0,8898.877,9459.496
2018-07-07 06:00:00,8599.0,12937.0,8907.263,9425.245
2018-07-07 07:00:00,8517.0,12778.0,9060.817,9539.471
2018-07-07 08:00:00,8858.0,13219.0,9568.3,10159.259
2018-07-07 09:00:00,9497.0,14318.0,9958.563,10383.505
2018-07-07 10:00:00,10171.0,15662.0,10519.329,10492.624
2018-07-07 11:00:00,10731.0,17009.0,11323.08,10738.676
2018-07-07 12:00:00,11283.0,18114.0,12100.721,11221.132
2018-07-07 13:00:00,11668.0,18832.0,12205.701,11469.053
2018-07-07 14:00:00,12011.0,19302.0,12341.248,11911.971
2018-07-07 15:00:00,12201.0,19605.0,12560.343,12303.707
2018-07-07 16:00:00,12601.0,19821.0,12580.356,11789.627
2018-07-07 17:00:00,12934.0,19937.0,12544.865,11761.729
2018-07-07 18:00:00,13277.0,19954.0,12301.817,11627.274
2018-07-07 19:00:00,13302.0,19790.0,11967.417,11781.882
2018-07-07 20:00:00,13043.0,19376.0,11483.787,11477.868
2018-07-07 21:00:00,12489.0,18709.0,11375.234,11365.86
2018-07-07 22:00:00,11924.0,18086.0,11368.685,12149.386
2018-07-07 23:00:00,11603.0,17611.0,11260.538,12334.421
2018-07-08 00:00:00,10929.0,16600.0,10820.162,12357.238
2018-07-08 01:00:00,10198.0,15466.0,10150.557,11300.885
2018-07-08 02:00:00,9532.0,14452.0,9373.781,10182.095
2018-07-08 03:00:00,9072.0,13586.0,8968.893,9567.075
2018-07-08 04:00:00,8691.0,12906.0,8576.842,9201.058
2018-07-08 05:00:00,8466.0,12416.0,8455.75,8939.6
2018-07-08 06:00:00,8339.0,12099.0,8376.99,8746.065
2018-07-08 07:00:00,8228.0,11849.0,8344.816,8635.621
2018-07-08 08:00:00,8334.0,11960.0,8697.64,8942.744
2018-07-08 09:00:00,8914.0,12831.0,9358.721,9727.911
2018-07-08 10:00:00,9667.0,14181.0,10784.757,10931.656
2018-07-08 11:00:00,10550.0,15384.0,11890.634,11891.287
2018-07-08 12:00:00,11297.0,16494.0,13228.652,13122.6455
2018-07-08 13:00:00,12028.0,17474.0,13455.984,12945.6045
2018-07-08 14:00:00,12625.0,18150.0,13669.138,12774.112
2018-07-08 15:00:00,13232.0,18634.0,14205.362,13070.887
2018-07-08 16:00:00,13855.0,18932.0,14594.404,13022.664
2018-07-08 17:00:00,14422.0,18909.0,14682.25,13158.0
2018-07-08 18:00:00,14933.0,18056.0,14583.392,13367.205
2018-07-08 19:00:00,15116.0,16710.0,14518.059,13291.24
2018-07-08 20:00:00,14988.0,15828.0,13980.334,13264.8
2018-07-08 21:00:00,14546.0,15320.0,13154.128,13467.734
2018-07-08 22:00:00,13953.0,14968.0,13131.82,13798.628
2018-07-08 23:00:00,13635.0,14812.0,12377.613,13536.379
2018-07-09 00:00:00,12699.0,14068.0,12302.039,13093.4
2018-07-09 01:00:00,11660.0,13134.0,11267.197,12125.092
2018-07-09 02:00:00,10817.0,12278.0,10747.452,11031.815
2018-07-09 03:00:00,10213.0,11615.0,10262.166,10726.607
2018-07-09 04:00:00,9759.0,11131.0,9864.7295,10311.541
2018-07-09 05:00:00,9588.0,10787.0,9608.784,10150.879
2018-07-09 06:00:00,9715.0,10806.0,9643.154,10013.199
2018-07-09 07:00:00,10140.0,11065.0,10486.635,10592.28
2018-07-09 08:00:00,11073.0,11845.0,12128.168,11479.406
2018-07-09 09:00:00,12453.0,13042.0,13566.997,12805.742
2018-07-09 10:00:00,13593.0,13947.0,14757.14,13558.65
2018-07-09 11:00:00,14683.0,14665.0,15410.831,14435.617
2018-07-09 12:00:00,15689.0,15322.0,16627.17,15099.63
2018-07-09 13:00:00,16510.0,15786.0,17742.271,15882.717
2018-07-09 14:00:00,17248.0,16229.0,19404.309,16478.932
2018-07-09 15:00:00,17951.0,16688.0,20578.06,17235.578
2018-07-09 16:00:00,18528.0,17072.0,20684.408,17782.252
2018-07-09 17:00:00,19037.0,17356.0,20570.053,18074.217
2018-07-09 18:00:00,19325.0,17486.0,20334.785,17865.219
2018-07-09 19:00:00,19096.0,17413.0,19873.508,18170.527
2018-07-09 20:00:00,18642.0,16871.0,19339.998,17372.562
2018-07-09 21:00:00,18103.0,15962.0,17634.135,16599.234
2018-07-09 22:00:00,17393.0,14964.0,17149.824,16436.219
2018-07-09 23:00:00,16777.0,14266.0,16245.799,15889.832
2018-07-10 00:00:00,15533.0,13017.0,14946.79,14567.346
2018-07-10 01:00:00,14232.0,11743.0,13500.223,13243.022
2018-07-10 02:00:00,13214.0,10726.0,12481.79,12139.82
2018-07-10 03:00:00,12485.0,10103.0,11912.782,11587.134
2018-07-10 04:00:00,11964.0,9653.0,11136.3955,11430.684
2018-07-10 05:00:00,11681.0,9461.0,11085.0205,11797.4375
2018-07-10 06:00:00,11702.0,9557.0,11007.694,11294.739
2018-07-10 07:00:00,12098.0,9977.0,12395.004,11779.83
2018-07-10 08:00:00,13077.0,10947.0,12882.956,12439.849
2018-07-10 09:00:00,14477.0,12122.0,14078.479,13428.404
2018-07-10 10:00:00,15589.0,13286.0,14262.93,14348.712
2018-07-10 11:00:00,16496.0,14391.0,14985.176,15516.288
2018-07-10 12:00:00,17310.0,15475.0,15822.189,16382.069
2018-07-10 13:00:00,17793.0,16418.0,17076.77,18322.098
2018-07-10 14:00:00,18121.0,17310.0,18465.379,18674.033
2018-07-10 15:00:00,18420.0,18058.0,19178.434,19260.191
2018-07-10 16:00:00,18515.0,18492.0,19261.785,19494.82
2018-07-10 17:00:00,18514.0,18765.0,19162.521,19202.627
2018-07-10 18:00:00,18318.0,19005.0,18798.31,19146.588
2018-07-10 19:00:00,17850.0,18939.0,17921.348,18955.248
2018-07-10 20:00:00,16923.0,18328.0,16509.615,18248.502
2018-07-10 21:00:00,15969.0,17483.0,15955.439,17155.732
2018-07-10 22:00:00,15217.0,16798.0,15205.045,16863.58
2018-07-10 23:00:00,14704.0,16263.0,14745.429,15937.688
2018-07-11 00:00:00,13596.0,15221.0,13794.933,14548.269
2018-07-11 01:00:00,12391.0,14123.0,12807.336,13078.641
2018-07-11 02:00:00,11420.0,13088.0,11836.764,12355.947
2018-07-11 03:00:00,10721.0,12394.0,11045.372,11534.419
2018-07-11 04:00:00,10242.0,11815.0,10517.826,11196.127
2018-07-11 05:00:00,9981.0,11435.0,10284.431,11082.465
2018-07-11 06:00:00,10003.0,11185.0,10601.844,11018.585
2018-07-11 07:00:00,10420.0,11026.0,11033.199,11348.138
2018-07-11 08:00:00,11328.0,11339.0,12135.606,12114.6455
2018-07-11 09:00:00,12551.0,12266.0,13095.654,12906.547
2018-07-11 10:00:00,13566.0,13470.0,14693.759,13792.949
2018-07-11 11:00:00,14482.0,14834.0,15289.627,14356.443
2018-07-11 12:00:00,15374.0,16089.0,15929.385,14995.098
2018-07-11 13:00:00,16066.0,16913.0,16726.521,15412.052
2018-07-11 14:00:00,16712.0,17377.0,16976.947,15664.202
2018-07-11 15:00:00,17347.0,17818.0,17494.19,16281.511
2018-07-11 16:00:00,17782.0,17984.0,17415.695,16385.518
2018-07-11 17:00:00,18084.0,18021.0,17674.32,16765.96
2018-07-11 18:00:00,18135.0,17834.0,17501.268,16840.893
2018-07-11 19:00:00,17944.0,17700.0,16806.69,16698.09
2018-07-11 20:00:00,17327.0,17134.0,16153.135,16292.19
2018-07-11 21:00:00,16450.0,16365.0,15525.909,15932.434
2018-07-11 22:00:00,15621.0,15949.0,15474.826,15802.149
2018-07-11 23:00:00,15012.0,15347.0,14852.894,15205.009
2018-07-12 00:00:00,13895.0,14424.0,13690.052,13735.868
2018-07-12 01:00:00,12715.0,13451.0,12517.238,13056.511
2018-07-12 02:00:00,11750.0,12563.0,11535.272,11868.301
2018-07-12 03:00:00,11046.0,11826.0,10827.823,11056.054
2018-07-12 04:00:00,10513.0,11305.0,10387.674,10615.54
2018-07-12 05:00:00,10231.0,11086.0,9957.506,10452.723
2018-07-12 06:00:00,10299.0,11140.0,10044.141,10478.699
2018-07-12 07:00:00,10760.0,11533.0,10933.121,10860.4
2018-07-12 08:00:00,11643.0,12568.0,12007.368,11855.05
2018-07-12 09:00:00,12805.0,14000.0,13720.535,12615.162
2018-07-12 10:00:00,13811.0,15428.0,15376.678,13889.697
2018-07-12 11:00:00,14568.0,16799.0,16395.137,14757.005
2018-07-12 12:00:00,15421.0,18001.0,17044.242,15321.018
2018-07-12 13:00:00,16236.0,18945.0,17086.41,16044.142
2018-07-12 14:00:00,16855.0,19530.0,18026.928,16668.65
2018-07-12 15:00:00,17366.0,19488.0,19311.496,16879.797
2018-07-12 16:00:00,17581.0,18228.0,19933.156,17115.639
2018-07-12 17:00:00,17713.0,17390.0,20059.293,17518.03
2018-07-12 18:00:00,17751.0,17069.0,20108.473,17519.232
2018-07-12 19:00:00,17622.0,16812.0,18784.053,17371.479
2018-07-12 20:00:00,17173.0,16374.0,18068.404,16550.99
2018-07-12 21:00:00,16594.0,16103.0,17215.105,15986.018
2018-07-12 22:00:00,16067.0,15679.0,16640.271,15811.013
2018-07-12 23:00:00,15557.0,15347.0,15722.895,15305.144
2018-07-13 00:00:00,14475.0,14329.0,14731.631,13992.435
2018-07-13 01:00:00,13357.0,13178.0,13039.673,12801.401
2018-07-13 02:00:00,12296.0,12136.0,12312.479,11758.946
2018-07-13 03:00:00,11618.0,11303.0,11330.372,11186.662
2018-07-13 04:00:00,11076.0,10677.0,10908.978,10598.261
2018-07-13 05:00:00,10709.0,10317.0,10548.305,10219.949
2018-07-13 06:00:00,10699.0,10275.0,10300.45,10245.115
2018-07-13 07:00:00,11080.0,10455.0,11268.789,10966.633
2018-07-13 08:00:00,11937.0,11248.0,12152.024,11769.651
2018-07-13 09:00:00,13237.0,12290.0,13806.505,12614.1455
2018-07-13 10:00:00,14347.0,13028.0,15221.045,13839.37
2018-07-13 11:00:00,15396.0,13513.0,16305.6455,14505.429
2018-07-13 12:00:00,16430.0,13875.0,17323.098,15386.131
2018-07-13 13:00:00,17257.0,13973.0,18482.24,16123.512
2018-07-13 14:00:00,18027.0,14025.0,19510.025,16740.79
2018-07-13 15:00:00,18756.0,14200.0,19737.102,17023.047
2018-07-13 16:00:00,19279.0,14286.0,20454.87,18006.895
2018-07-13 17:00:00,19599.0,14381.0,20708.906,18237.93
2018-07-13 18:00:00,19773.0,14375.0,20636.268,18287.6
2018-07-13 19:00:00,19682.0,14183.0,20720.496,17979.344
2018-07-13 20:00:00,19208.0,13590.0,18481.248,17267.033
2018-07-13 21:00:00,18332.0,12901.0,17308.877,16860.383
2018-07-13 22:00:00,17525.0,12191.0,16970.229,16872.582
2018-07-13 23:00:00,16735.0,11826.0,16632.975,16364.3
2018-07-14 00:00:00,15608.0,11082.0,15116.299,15103.48
2018-07-14 01:00:00,14362.0,10248.0,13849.606,13834.809
2018-07-14 02:00:00,13304.0,9600.0,13094.8125,12533.3545
2018-07-14 03:00:00,12420.0,9144.0,12994.741,12075.233
2018-07-14 04:00:00,11830.0,8806.0,12122.852,11316.124
2018-07-14 05:00:00,11500.0,8626.0,11907.077,11003.206
2018-07-14 06:00:00,11260.0,8599.0,11218.436,10933.998
2018-07-14 07:00:00,11353.0,8517.0,10723.836,10958.767
2018-07-14 08:00:00,11505.0,8858.0,10764.141,11339.306
2018-07-14 09:00:00,11851.0,9497.0,11660.005,11996.666
2018-07-14 10:00:00,12354.0,10171.0,12221.131,12873.911
2018-07-14 11:00:00,12940.0,10731.0,12933.238,14075.752
2018-07-14 12:00:00,13414.0,11283.0,14065.985,14841.179
2018-07-14 13:00:00,13515.0,11668.0,14493.425,15467.409
2018-07-14 14:00:00,13508.0,12011.0,14702.56,16108.312
2018-07-14 15:00:00,13642.0,12201.0,15667.191,16007.888
2018-07-14 16:00:00,13788.0,12601.0,15711.838,15525.661
2018-07-14 17:00:00,14180.0,12934.0,15436.226,15966.601
2018-07-14 18:00:00,14653.0,13277.0,14996.823,14956.298
2018-07-14 19:00:00,14905.0,13302.0,14574.051,14268.791
2018-07-14 20:00:00,14664.0,13043.0,14055.682,13967.446
2018-07-14 21:00:00,14315.0,12489.0,14061.586,13508.086
2018-07-14 22:00:00,14013.0,11924.0,13805.403,13900.964
2018-07-14 23:00:00,13841.0,11603.0,13411.674,13489.267
2018-07-15 00:00:00,13186.0,10929.0,12668.01,12673.992
2018-07-15 01:00:00,12381.0,10198.0,11481.28,11630.268
2018-07-15 02:00:00,11527.0,9532.0,10976.616,10837.336
2018-07-15 03:00:00,10870.0,9072.0,10510.361,10212.927
2018-07-15 04:00:00,10413.0,8691.0,10109.183,9820.588
2018-07-15 05:00:00,10183.0,8466.0,9845.93,9682.985
2018-07-15 06:00:00,9966.0,8339.0,9702.698,9550.524
2018-07-15 07:00:00,9875.0,8228.0,9747.4,9518.159
2018-07-15 08:00:00,10025.0,8334.0,10264.985,9675.841
2018-07-15 09:00:00,10940.0,8914.0,11003.305,10143.3545
2018-07-15 10:00:00,12192.0,9667.0,11839.053,11035.557
2018-07-15 11:00:00,13439.0,10550.0,13371.928,12083.693
2018-07-15 12:00:00,14594.0,11297.0,14527.635,13354.129
2018-07-15 13:00:00,15497.0,12028.0,15102.04,14075.2
2018-07-15 14:00:00,16147.0,12625.0,15339.063,14852.818
2018-07-15 15:00:00,16558.0,13232.0,16218.128,15699.588
2018-07-15 16:00:00,16976.0,13855.0,16863.543,16223.428
2018-07-15 17:00:00,17224.0,14422.0,17142.133,16653.9
2018-07-15 18:00:00,17320.0,14933.0,16997.22,17193.664
2018-07-15 19:00:00,17307.0,15116.0,17069.299,17188.527
2018-07-15 20:00:00,17092.0,14988.0,16414.967,16654.357
2018-07-15 21:00:00,16663.0,14546.0,16204.869,16071.28
2018-07-15 22:00:00,16199.0,13953.0,16036.917,16171.342
2018-07-15 23:00:00,15806.0,13635.0,15698.935,15820.357
2018-07-16 00:00:00,14879.0,12699.0,14625.798,14493.976
2018-07-16 01:00:00,13757.0,11660.0,13675.443,13296.869
2018-07-16 02:00:00,12869.0,10817.0,12331.602,12176.169
2018-07-16 03:00:00,12186.0,10213.0,11893.338,11460.828
2018-07-16 04:00:00,11721.0,9759.0,11552.718,11101.142
2018-07-16 05:00:00,11532.0,9588.0,11242.806,11210.173
2018-07-16 06:00:00,11621.0,9715.0,11461.251,11295.789
2018-07-16 07:00:00,12155.0,10140.0,12030.56,11552.524
2018-07-16 08:00:00,13133.0,11073.0,12625.76,12820.173
2018-07-16 09:00:00,14504.0,12453.0,14581.623,14516.97
2018-07-16 10:00:00,15832.0,13593.0,15903.777,15431.776
2018-07-16 11:00:00,16988.0,14683.0,17350.807,16821.41
2018-07-16 12:00:00,17964.0,15689.0,17072.832,18001.67
2018-07-16 13:00:00,18857.0,16510.0,17480.016,18036.303
2018-07-16 14:00:00,19167.0,17248.0,18047.422,18715.533
2018-07-16 15:00:00,19266.0,17951.0,18588.92,18915.303
2018-07-16 16:00:00,19005.0,18528.0,19042.67,19184.92
2018-07-16 17:00:00,18960.0,19037.0,18696.803,19208.393
2018-07-16 18:00:00,19032.0,19325.0,18680.867,19767.252
2018-07-16 19:00:00,18990.0,19096.0,18778.174,19484.105
2018-07-16 20:00:00,18568.0,18642.0,18403.809,19061.227
2018-07-16 21:00:00,17710.0,18103.0,17566.688,18322.832
2018-07-16 22:00:00,16736.0,17393.0,16994.363,18324.207
2018-07-16 23:00:00,15925.0,16777.0,16580.762,17783.025
2018-07-17 00:00:00,14540.0,15533.0,15032.627,16320.026
2018-07-17 01:00:00,13173.0,14232.0,13441.482,14103.632
2018-07-17 02:00:00,12050.0,13214.0,12083.015,13000.163
2018-07-17 03:00:00,11198.0,12485.0,11467.31,12135.101
2018-07-17 04:00:00,10633.0,11964.0,11074.627,11767.41
2018-07-17 05:00:00,10296.0,11681.0,10843.986,11637.966
2018-07-17 06:00:00,10340.0,11702.0,10903.64,11613.329
2018-07-17 07:00:00,10731.0,12098.0,11582.68,11814.995
2018-07-17 08:00:00,11660.0,13077.0,12387.401,12742.666
2018-07-17 09:00:00,12802.0,14477.0,13432.724,13583.126
2018-07-17 10:00:00,13830.0,15589.0,14672.56,14299.832
2018-07-17 11:00:00,14677.0,16496.0,14364.713,14987.781
2018-07-17 12:00:00,15477.0,17310.0,15008.461,15970.463
2018-07-17 13:00:00,16073.0,17793.0,15614.177,16641.188
2018-07-17 14:00:00,16426.0,18121.0,15414.403,16449.166
2018-07-17 15:00:00,16643.0,18420.0,15881.0205,16559.596
2018-07-17 16:00:00,16780.0,18515.0,16021.531,16483.123
2018-07-17 17:00:00,16879.0,18514.0,16130.195,17204.727
2018-07-17 18:00:00,16834.0,18318.0,16281.3955,17205.93
2018-07-17 19:00:00,16534.0,17850.0,16007.382,16727.629
2018-07-17 20:00:00,15873.0,16923.0,14996.484,16195.977
2018-07-17 21:00:00,14938.0,15969.0,14735.4,15478.964
2018-07-17 22:00:00,14160.0,15217.0,14257.233,15074.143
2018-07-17 23:00:00,13569.0,14704.0,13828.822,14691.18
2018-07-18 00:00:00,12504.0,13596.0,12517.316,13221.627
2018-07-18 01:00:00,11393.0,12391.0,11637.887,12325.083
2018-07-18 02:00:00,10572.0,11420.0,10722.671,11484.651
2018-07-18 03:00:00,9976.0,10721.0,10096.006,10787.468
2018-07-18 04:00:00,9556.0,10242.0,9772.688,10184.913
2018-07-18 05:00:00,9338.0,9981.0,9586.411,9993.816
2018-07-18 06:00:00,9380.0,10003.0,9780.167,10076.681
2018-07-18 07:00:00,9755.0,10420.0,10819.43,10596.88
2018-07-18 08:00:00,10616.0,11328.0,11509.829,11320.861
2018-07-18 09:00:00,11699.0,12551.0,12374.263,12478.7
2018-07-18 10:00:00,12532.0,13566.0,13215.358,13172.243
2018-07-18 11:00:00,13118.0,14482.0,13562.518,13266.324
2018-07-18 12:00:00,13684.0,15374.0,14354.851,13815.673
2018-07-18 13:00:00,14098.0,16066.0,14657.572,14388.158
2018-07-18 14:00:00,14512.0,16712.0,14688.647,14283.186
2018-07-18 15:00:00,14891.0,17347.0,15198.773,14683.202
2018-07-18 16:00:00,15188.0,17782.0,15420.25,15141.095
2018-07-18 17:00:00,15387.0,18084.0,15307.8545,14730.291
2018-07-18 18:00:00,15486.0,18135.0,15194.609,14693.482
2018-07-18 19:00:00,15311.0,17944.0,15262.407,14520.696
2018-07-18 20:00:00,14717.0,17327.0,14472.756,13776.016
2018-07-18 21:00:00,13832.0,16450.0,13563.377,13584.759
2018-07-18 22:00:00,13416.0,15621.0,13614.466,13961.922
2018-07-18 23:00:00,12990.0,15012.0,13312.946,13491.698
2018-07-19 00:00:00,12111.0,13895.0,12532.728,12294.63
2018-07-19 01:00:00,11089.0,12715.0,11107.023,11173.898
2018-07-19 02:00:00,10331.0,11750.0,10436.37,10483.121
2018-07-19 03:00:00,9791.0,11046.0,9896.404,9947.766
2018-07-19 04:00:00,9422.0,10513.0,9341.807,9519.885
2018-07-19 05:00:00,9209.0,10231.0,9316.019,9462.501
2018-07-19 06:00:00,9287.0,10299.0,9470.114,9522.937
2018-07-19 07:00:00,9746.0,10760.0,9976.309,9821.59
2018-07-19 08:00:00,10560.0,11643.0,11013.655,10846.641
2018-07-19 09:00:00,11705.0,12805.0,12232.385,11889.4
2018-07-19 10:00:00,12536.0,13811.0,13381.285,12723.841
2018-07-19 11:00:00,13275.0,14568.0,13971.448,12890.009
2018-07-19 12:00:00,14133.0,15421.0,14976.401,13899.747
2018-07-19 13:00:00,14881.0,16236.0,16082.906,14445.429
2018-07-19 14:00:00,15420.0,16855.0,16948.97,14783.192
2018-07-19 15:00:00,15988.0,17366.0,17702.012,15166.518
2018-07-19 16:00:00,16323.0,17581.0,17677.912,15619.937
2018-07-19 17:00:00,16236.0,17713.0,17079.865,15584.96
2018-07-19 18:00:00,15929.0,17751.0,16917.7,15238.245
2018-07-19 19:00:00,15534.0,17622.0,15869.176,15780.336
2018-07-19 20:00:00,15171.0,17173.0,15410.421,15011.654
2018-07-19 21:00:00,14879.0,16594.0,15276.851,14898.177
2018-07-19 22:00:00,14729.0,16067.0,15481.425,14909.228
2018-07-19 23:00:00,14495.0,15557.0,15213.469,14268.161
2018-07-20 00:00:00,13645.0,14475.0,13927.689,12925.304
2018-07-20 01:00:00,12682.0,13357.0,11738.228,11659.767
2018-07-20 02:00:00,11929.0,12296.0,10740.2705,10868.078
2018-07-20 03:00:00,11327.0,11618.0,10281.108,10250.848
2018-07-20 04:00:00,10895.0,11076.0,9821.337,9963.297
2018-07-20 05:00:00,10676.0,10709.0,9590.39,9571.25
2018-07-20 06:00:00,10784.0,10699.0,9716.376,9725.024
2018-07-20 07:00:00,11178.0,11080.0,10325.134,10289.989
2018-07-20 08:00:00,11930.0,11937.0,11267.2705,11208.0625
2018-07-20 09:00:00,13035.0,13237.0,12688.504,12240.602
2018-07-20 10:00:00,13687.0,14347.0,12848.142,13390.377
2018-07-20 11:00:00,14158.0,15396.0,13804.274,13987.604
2018-07-20 12:00:00,14361.0,16430.0,14913.053,15606.24
2018-07-20 13:00:00,14404.0,17257.0,15074.764,15682.529
2018-07-20 14:00:00,14491.0,18027.0,16208.275,15896.38
2018-07-20 15:00:00,14456.0,18756.0,15905.836,15945.76
2018-07-20 16:00:00,14420.0,19279.0,15568.98,16024.094
2018-07-20 17:00:00,14242.0,19599.0,15899.344,16291.356
2018-07-20 18:00:00,14080.0,19773.0,15775.178,15840.752
2018-07-20 19:00:00,13773.0,19682.0,14822.789,15765.247
2018-07-20 20:00:00,13333.0,19208.0,14340.722,15132.994
2018-07-20 21:00:00,12964.0,18332.0,14259.108,14445.88
2018-07-20 22:00:00,12896.0,17525.0,14019.606,14276.041
2018-07-20 23:00:00,12687.0,16735.0,13581.846,13407.047
2018-07-21 00:00:00,12004.0,15608.0,12393.829,12442.12
2018-07-21 01:00:00,11256.0,14362.0,11526.634,11430.676
2018-07-21 02:00:00,10581.0,13304.0,10775.667,10767.404
2018-07-21 03:00:00,10058.0,12420.0,10406.175,10158.043
2018-07-21 04:00:00,9708.0,11830.0,10255.358,9875.337
2018-07-21 05:00:00,9558.0,11500.0,9817.795,9764.414
2018-07-21 06:00:00,9504.0,11260.0,9799.331,9701.6455
2018-07-21 07:00:00,9666.0,11353.0,9816.557,9976.741
2018-07-21 08:00:00,9915.0,11505.0,10026.017,10226.079
2018-07-21 09:00:00,10364.0,11851.0,10405.373,10604.123
2018-07-21 10:00:00,10912.0,12354.0,10810.042,11004.234
2018-07-21 11:00:00,11395.0,12940.0,11618.232,11403.452
2018-07-21 12:00:00,11717.0,13414.0,11955.901,12209.41
2018-07-21 13:00:00,12027.0,13515.0,11871.199,12416.587
2018-07-21 14:00:00,12205.0,13508.0,12179.837,12950.297
2018-07-21 15:00:00,12395.0,13642.0,12432.608,13169.31
2018-07-21 16:00:00,12447.0,13788.0,12624.034,13152.203
2018-07-21 17:00:00,12571.0,14180.0,12276.254,13375.582
2018-07-21 18:00:00,12589.0,14653.0,12729.137,13515.723
2018-07-21 19:00:00,12460.0,14905.0,13163.696,13397.413
2018-07-21 20:00:00,12184.0,14664.0,12493.622,13054.145
2018-07-21 21:00:00,11836.0,14315.0,12319.59,12488.188
2018-07-21 22:00:00,11783.0,14013.0,12076.218,12293.236
2018-07-21 23:00:00,11645.0,13841.0,11889.999,12169.366
2018-07-22 00:00:00,11107.0,13186.0,11281.423,11169.715
2018-07-22 01:00:00,10520.0,12381.0,10527.059,10711.179
2018-07-22 02:00:00,9947.0,11527.0,9742.221,9835.21
2018-07-22 03:00:00,9501.0,10870.0,9342.139,9396.132
2018-07-22 04:00:00,9236.0,10413.0,8969.193,9200.809
2018-07-22 05:00:00,9034.0,10183.0,8812.185,9122.806
2018-07-22 06:00:00,9028.0,9966.0,8793.694,9062.996
2018-07-22 07:00:00,9003.0,9875.0,8933.316,9075.689
2018-07-22 08:00:00,9022.0,10025.0,8979.395,9362.108
2018-07-22 09:00:00,9283.0,10940.0,9190.971,9698.585
2018-07-22 10:00:00,9727.0,12192.0,9953.087,10551.689
2018-07-22 11:00:00,10121.0,13439.0,10365.457,11569.063
2018-07-22 12:00:00,10485.0,14594.0,11200.438,12403.878
2018-07-22 13:00:00,10747.0,15497.0,11603.355,12432.38
2018-07-22 14:00:00,11045.0,16147.0,12054.1,12414.703
2018-07-22 15:00:00,11193.0,16558.0,12114.282,12454.409
2018-07-22 16:00:00,11379.0,16976.0,12120.804,12397.166
2018-07-22 17:00:00,11611.0,17224.0,11786.875,12449.81
2018-07-22 18:00:00,11776.0,17320.0,11964.782,12480.745
2018-07-22 19:00:00,11797.0,17307.0,12409.517,12339.274
2018-07-22 20:00:00,11722.0,17092.0,12036.444,12162.927
2018-07-22 21:00:00,11513.0,16663.0,11964.227,12571.392
2018-07-22 22:00:00,11451.0,16199.0,11840.611,12542.948
2018-07-22 23:00:00,11357.0,15806.0,11554.526,12224.193
2018-07-23 00:00:00,10824.0,14879.0,11102.077,11291.542
2018-07-23 01:00:00,10092.0,13757.0,10318.137,10310.835
2018-07-23 02:00:00,9581.0,12869.0,9768.499,9615.144
2018-07-23 03:00:00,9196.0,12186.0,9480.245,9459.29
2018-07-23 04:00:00,8962.0,11721.0,9229.711,9382.275
2018-07-23 05:00:00,8901.0,11532.0,9118.491,9395.936
2018-07-23 06:00:00,9085.0,11621.0,9237.401,9466.365
2018-07-23 07:00:00,9635.0,12155.0,9902.259,10107.426
2018-07-23 08:00:00,10393.0,13133.0,11064.883,11165.662
2018-07-23 09:00:00,11480.0,14504.0,12106.187,12074.451
2018-07-23 10:00:00,12309.0,15832.0,13124.9795,12445.363
2018-07-23 11:00:00,13075.0,16988.0,13325.385,12906.483
2018-07-23 12:00:00,13802.0,17964.0,13717.366,13692.489
2018-07-23 13:00:00,14405.0,18857.0,13926.023,13777.792
2018-07-23 14:00:00,15004.0,19167.0,14219.573,14027.22
2018-07-23 15:00:00,15405.0,19266.0,14355.953,14392.184
2018-07-23 16:00:00,15542.0,19005.0,14339.948,14675.117
2018-07-23 17:00:00,15439.0,18960.0,14412.256,15117.973
2018-07-23 18:00:00,15217.0,19032.0,14459.322,15512.256
2018-07-23 19:00:00,14927.0,18990.0,14635.226,15638.09
2018-07-23 20:00:00,14490.0,18568.0,14575.13,15066.791
2018-07-23 21:00:00,13991.0,17710.0,14497.446,14863.992
2018-07-23 22:00:00,13725.0,16736.0,14430.488,14786.674
2018-07-23 23:00:00,13347.0,15925.0,13461.537,14246.89
2018-07-24 00:00:00,12381.0,14540.0,12449.198,13086.759
2018-07-24 01:00:00,11311.0,13173.0,11496.091,11676.401
2018-07-24 02:00:00,10550.0,12050.0,10689.123,11012.644
2018-07-24 03:00:00,9981.0,11198.0,10042.517,10500.812
2018-07-24 04:00:00,9576.0,10633.0,9517.289,9928.128
2018-07-24 05:00:00,9428.0,10296.0,9402.006,9642.012
2018-07-24 06:00:00,9538.0,10340.0,9427.84,9716.322
2018-07-24 07:00:00,10024.0,10731.0,10141.065,10122.1
2018-07-24 08:00:00,10798.0,11660.0,11354.454,11243.203
2018-07-24 09:00:00,11869.0,12802.0,12821.511,12341.557
2018-07-24 10:00:00,12803.0,13830.0,13836.278,12659.262
2018-07-24 11:00:00,13679.0,14677.0,14487.945,13191.079
2018-07-24 12:00:00,14676.0,15477.0,15019.301,14104.057
2018-07-24 13:00:00,15478.0,16073.0,15251.87,14245.947
2018-07-24 14:00:00,16100.0,16426.0,15368.593,14281.77
2018-07-24 15:00:00,16671.0,16643.0,15912.115,14491.51
2018-07-24 16:00:00,17067.0,16780.0,16200.324,14987.028
2018-07-24 17:00:00,17317.0,16879.0,16502.72,15774.173
2018-07-24 18:00:00,17371.0,16834.0,17069.777,16519.553
2018-07-24 19:00:00,17194.0,16534.0,17284.861,16180.239
2018-07-24 20:00:00,16678.0,15873.0,16555.055,15663.662
2018-07-24 21:00:00,15973.0,14938.0,16158.821,15531.296
2018-07-24 22:00:00,15443.0,14160.0,15501.467,15129.256
2018-07-24 23:00:00,14873.0,13569.0,15016.043,14704.69
2018-07-25 00:00:00,13701.0,12504.0,13585.024,13102.399
2018-07-25 01:00:00,12425.0,11393.0,12678.716,12272.4375
2018-07-25 02:00:00,11506.0,10572.0,11479.511,11213.809
2018-07-25 03:00:00,10763.0,9976.0,10899.017,10724.035
2018-07-25 04:00:00,10251.0,9556.0,10412.83,10437.664
2018-07-25 05:00:00,9907.0,9338.0,10223.352,10246.782
2018-07-25 06:00:00,9939.0,9380.0,10300.024,10289.927
2018-07-25 07:00:00,10312.0,9755.0,11239.286,10732.488
2018-07-25 08:00:00,11117.0,10616.0,12140.231,11481.885
2018-07-25 09:00:00,12191.0,11699.0,13173.125,12551.325
2018-07-25 10:00:00,13179.0,12532.0,14361.513,13548.496
2018-07-25 11:00:00,14081.0,13118.0,14989.798,14273.314
2018-07-25 12:00:00,15008.0,13684.0,15607.521,15065.065
2018-07-25 13:00:00,15677.0,14098.0,16363.836,15648.194
2018-07-25 14:00:00,16225.0,14512.0,16909.695,16111.423
2018-07-25 15:00:00,16943.0,14891.0,17417.287,16407.344
2018-07-25 16:00:00,17465.0,15188.0,17774.6,16383.776
2018-07-25 17:00:00,17846.0,15387.0,18398.818,16650.303
2018-07-25 18:00:00,18050.0,15486.0,18657.346,16776.568
2018-07-25 19:00:00,17927.0,15311.0,18416.422,16568.457
2018-07-25 20:00:00,17313.0,14717.0,17390.01,16385.305
2018-07-25 21:00:00,16532.0,13832.0,16777.512,15816.241
2018-07-25 22:00:00,15997.0,13416.0,16220.891,15579.291
2018-07-25 23:00:00,15321.0,12990.0,15187.999,15020.22
2018-07-26 00:00:00,14185.0,12111.0,13948.679,13590.46
2018-07-26 01:00:00,13054.0,11089.0,12775.941,12617.572
2018-07-26 02:00:00,12096.0,10331.0,11907.747,11617.457
2018-07-26 03:00:00,11432.0,9791.0,11141.363,11006.47
2018-07-26 04:00:00,10929.0,9422.0,10388.019,10488.727
2018-07-26 05:00:00,10600.0,9209.0,10329.308,10340.006
2018-07-26 06:00:00,10645.0,9287.0,10037.304,10466.767
2018-07-26 07:00:00,11085.0,9746.0,10509.474,10764.351
2018-07-26 08:00:00,11769.0,10560.0,11632.555,11578.269
2018-07-26 09:00:00,12686.0,11705.0,12620.338,12573.827
2018-07-26 10:00:00,13498.0,12536.0,13821.413,13579.988
2018-07-26 11:00:00,14258.0,13275.0,14730.434,14415.92
2018-07-26 12:00:00,14902.0,14133.0,15565.05,15174.884
2018-07-26 13:00:00,15314.0,14881.0,16141.4375,16083.028
2018-07-26 14:00:00,15585.0,15420.0,16636.83,16768.332
2018-07-26 15:00:00,15810.0,15988.0,17049.088,17147.262
2018-07-26 16:00:00,15942.0,16323.0,17124.67,17154.96
2018-07-26 17:00:00,15924.0,16236.0,17433.668,17059.684
2018-07-26 18:00:00,15715.0,15929.0,17303.523,16834.178
2018-07-26 19:00:00,15244.0,15534.0,16389.832,16484.475
2018-07-26 20:00:00,14579.0,15171.0,15626.715,15636.789
2018-07-26 21:00:00,13945.0,14879.0,14903.22,15318.529
2018-07-26 22:00:00,13626.0,14729.0,14405.696,14894.8125
2018-07-26 23:00:00,13174.0,14495.0,13865.829,14288.975
2018-07-27 00:00:00,12206.0,13645.0,12398.978,12928.213
2018-07-27 01:00:00,11143.0,12682.0,11241.524,11937.352
2018-07-27 02:00:00,10307.0,11929.0,10418.117,10976.291
2018-07-27 03:00:00,9719.0,11327.0,10081.275,10562.091
2018-07-27 04:00:00,9325.0,10895.0,9770.647,10381.069
2018-07-27 05:00:00,9142.0,10676.0,9497.867,10109.438
2018-07-27 06:00:00,9167.0,10784.0,9613.207,10181.89
2018-07-27 07:00:00,9610.0,11178.0,10135.925,10671.199
2018-07-27 08:00:00,10224.0,11930.0,10828.85,11190.574
2018-07-27 09:00:00,11121.0,13035.0,12106.71,12268.168
2018-07-27 10:00:00,11791.0,13687.0,12892.239,12740.822
2018-07-27 11:00:00,12345.0,14158.0,13215.6455,12878.942
2018-07-27 12:00:00,12845.0,14361.0,14006.865,13467.863
2018-07-27 13:00:00,13219.0,14404.0,14393.264,13287.59
2018-07-27 14:00:00,13483.0,14491.0,14476.165,13780.199
2018-07-27 15:00:00,13674.0,14456.0,14871.985,13916.923
2018-07-27 16:00:00,13781.0,14420.0,14979.121,14192.91
2018-07-27 17:00:00,13827.0,14242.0,15106.37,14116.2295
2018-07-27 18:00:00,13799.0,14080.0,15060.478,14066.675
2018-07-27 19:00:00,13586.0,13773.0,14493.683,14202.654
2018-07-27 20:00:00,13179.0,13333.0,13777.192,13233.444
2018-07-27 21:00:00,12672.0,12964.0,13333.572,13077.194
2018-07-27 22:00:00,12502.0,12896.0,13300.21,13167.06
2018-07-27 23:00:00,12155.0,12687.0,12853.505,12980.396
2018-07-28 00:00:00,11383.0,12004.0,11461.671,11374.93
2018-07-28 01:00:00,10501.0,11256.0,10524.858,10550.411
2018-07-28 02:00:00,9727.0,10581.0,9708.098,9746.098
2018-07-28 03:00:00,9251.0,10058.0,9261.5205,9318.55
2018-07-28 04:00:00,8865.0,9708.0,8875.686,9043.299
2018-07-28 05:00:00,8644.0,9558.0,8750.989,8915.229
2018-07-28 06:00:00,8606.0,9504.0,8691.435,8946.324
2018-07-28 07:00:00,8672.0,9666.0,8834.922,9004.036
2018-07-28 08:00:00,8834.0,9915.0,9102.766,9291.388
2018-07-28 09:00:00,9375.0,10364.0,10128.972,9847.581
2018-07-28 10:00:00,10152.0,10912.0,11074.595,10343.979
2018-07-28 11:00:00,10872.0,11395.0,11795.64,11054.338
2018-07-28 12:00:00,11418.0,11717.0,12287.624,11449.418
2018-07-28 13:00:00,11796.0,12027.0,12650.235,11915.334
2018-07-28 14:00:00,12111.0,12205.0,12709.3545,12098.65
2018-07-28 15:00:00,12382.0,12395.0,13012.592,12153.451
2018-07-28 16:00:00,12520.0,12447.0,13144.578,12132.595
2018-07-28 17:00:00,12665.0,12571.0,13237.462,12302.576
2018-07-28 18:00:00,12546.0,12589.0,13002.131,12353.555
2018-07-28 19:00:00,12369.0,12460.0,13029.559,12376.243
2018-07-28 20:00:00,12035.0,12184.0,12294.491,11811.606
2018-07-28 21:00:00,11714.0,11836.0,12013.779,11901.901
2018-07-28 22:00:00,11591.0,11783.0,11863.285,11849.688
2018-07-28 23:00:00,11384.0,11645.0,11453.769,11784.966
2018-07-29 00:00:00,10728.0,11107.0,10860.504,10926.483
2018-07-29 01:00:00,10031.0,10520.0,10099.068,10137.909
2018-07-29 02:00:00,9400.0,9947.0,9405.022,9682.018
2018-07-29 03:00:00,8950.0,9501.0,8849.333,9015.942
2018-07-29 04:00:00,8587.0,9236.0,8491.866,8715.4375
2018-07-29 05:00:00,8325.0,9034.0,8305.231,8545.487
2018-07-29 06:00:00,8255.0,9028.0,8171.0327,8536.544
2018-07-29 07:00:00,8205.0,9003.0,8364.251,8520.994
2018-07-29 08:00:00,8172.0,9022.0,8502.242,8626.201
2018-07-29 09:00:00,8629.0,9283.0,8732.861,8962.384
2018-07-29 10:00:00,9353.0,9727.0,10136.232,9809.135
2018-07-29 11:00:00,10143.0,10121.0,10643.787,10625.45
2018-07-29 12:00:00,10853.0,10485.0,11661.175,11256.169
2018-07-29 13:00:00,11423.0,10747.0,12098.635,11523.966
2018-07-29 14:00:00,11856.0,11045.0,12358.69,11891.099
2018-07-29 15:00:00,12252.0,11193.0,12640.182,12230.998
2018-07-29 16:00:00,12384.0,11379.0,13118.422,12353.884
2018-07-29 17:00:00,12520.0,11611.0,13400.447,12371.194
2018-07-29 18:00:00,12455.0,11776.0,13307.557,12549.124
2018-07-29 19:00:00,12448.0,11797.0,13229.836,12601.4
2018-07-29 20:00:00,12186.0,11722.0,13040.434,12712.094
2018-07-29 21:00:00,11845.0,11513.0,12701.004,12474.633
2018-07-29 22:00:00,11809.0,11451.0,12412.6455,12402.824
2018-07-29 23:00:00,11569.0,11357.0,11963.033,12092.888
2018-07-30 00:00:00,10989.0,10824.0,11427.772,11382.36
2018-07-30 01:00:00,10223.0,10092.0,10175.064,10418.96
2018-07-30 02:00:00,9632.0,9581.0,9408.173,9508.517
2018-07-30 03:00:00,9140.0,9196.0,8978.678,9155.716
2018-07-30 04:00:00,8872.0,8962.0,8755.684,8922.443
2018-07-30 05:00:00,8700.0,8901.0,8932.476,8832.416
2018-07-30 06:00:00,8921.0,9085.0,8733.203,8919.21
2018-07-30 07:00:00,9472.0,9635.0,9182.798,9535.742
2018-07-30 08:00:00,10201.0,10393.0,11098.906,11182.606
2018-07-30 09:00:00,11180.0,11480.0,12076.64,12067.167
2018-07-30 10:00:00,12085.0,12309.0,13013.703,12565.071
2018-07-30 11:00:00,12792.0,13075.0,13381.648,12976.06
2018-07-30 12:00:00,13417.0,13802.0,14324.964,13711.77
2018-07-30 13:00:00,13960.0,14405.0,14802.568,13915.143
2018-07-30 14:00:00,14386.0,15004.0,15006.262,14435.913
2018-07-30 15:00:00,14900.0,15405.0,15269.302,14316.92
2018-07-30 16:00:00,15242.0,15542.0,15313.85,14464.5205
2018-07-30 17:00:00,15414.0,15439.0,15128.248,14792.9795
2018-07-30 18:00:00,15532.0,15217.0,14779.675,14887.449
2018-07-30 19:00:00,15434.0,14927.0,14879.384,15138.244
2018-07-30 20:00:00,14930.0,14490.0,14332.746,15020.457
2018-07-30 21:00:00,14168.0,13991.0,14346.055,14825.225
2018-07-30 22:00:00,13735.0,13725.0,13912.778,14598.534
2018-07-30 23:00:00,13194.0,13347.0,13494.354,14008.186
2018-07-31 00:00:00,12223.0,12381.0,12308.336,12641.47
2018-07-31 01:00:00,11206.0,11311.0,11304.792,11513.047
2018-07-31 02:00:00,10442.0,10550.0,10246.091,10441.056
2018-07-31 03:00:00,9918.0,9981.0,9854.775,10158.039
2018-07-31 04:00:00,9548.0,9576.0,9575.49,9624.975
2018-07-31 05:00:00,9391.0,9428.0,9538.966,9444.686
2018-07-31 06:00:00,9511.0,9538.0,9721.909,9583.579
2018-07-31 07:00:00,10119.0,10024.0,10829.045,10063.863
2018-07-31 08:00:00,10896.0,10798.0,11560.254,11012.034
2018-07-31 09:00:00,11737.0,11869.0,12411.759,12524.228
2018-07-31 10:00:00,12272.0,12803.0,12639.509,12860.462
2018-07-31 11:00:00,12716.0,13679.0,13337.306,13234.37
2018-07-31 12:00:00,13366.0,14676.0,14156.747,14072.035
2018-07-31 13:00:00,13826.0,15478.0,14617.835,14317.565
2018-07-31 14:00:00,14103.0,16100.0,15088.422,14733.637
2018-07-31 15:00:00,14435.0,16671.0,15225.312,14622.742
2018-07-31 16:00:00,14484.0,17067.0,15257.651,14380.531
2018-07-31 17:00:00,14501.0,17317.0,15427.231,14172.835
2018-07-31 18:00:00,14242.0,17371.0,15010.996,13743.153
2018-07-31 19:00:00,13921.0,17194.0,14979.602,13685.525
2018-07-31 20:00:00,13532.0,16678.0,14189.468,13738.982
2018-07-31 21:00:00,13300.0,15973.0,14091.857,13931.953
2018-07-31 22:00:00,13346.0,15443.0,13916.15,13591.806
2018-07-31 23:00:00,12898.0,14873.0,13186.255,13259.717
2018-08-01 00:00:00,11945.0,13701.0,11734.998,11713.335
2018-08-01 01:00:00,10975.0,12425.0,10599.263,10890.773
2018-08-01 02:00:00,10233.0,11506.0,9804.893,10003.533
2018-08-01 03:00:00,9734.0,10763.0,9357.054,9496.374
2018-08-01 04:00:00,9374.0,10251.0,9215.9,9360.903
2018-08-01 05:00:00,9156.0,9907.0,9181.601,9324.446
2018-08-01 06:00:00,9270.0,9939.0,9304.765,9411.523
2018-08-01 07:00:00,9753.0,10312.0,9937.554,9930.047
2018-08-01 08:00:00,10466.0,11117.0,11080.513,10719.811
2018-08-01 09:00:00,11424.0,12191.0,12300.138,11583.962
2018-08-01 10:00:00,12294.0,13179.0,13853.781,12178.618
2018-08-01 11:00:00,13025.0,14081.0,14293.017,12675.901
2018-08-01 12:00:00,13814.0,15008.0,15274.129,13457.721
2018-08-01 13:00:00,14516.0,15677.0,15993.412,13881.929
2018-08-01 14:00:00,15203.0,16225.0,16928.947,14557.319
2018-08-01 15:00:00,15881.0,16943.0,17233.082,14833.106
2018-08-01 16:00:00,16123.0,17465.0,17403.123,15359.243
2018-08-01 17:00:00,15766.0,17846.0,17142.662,15487.463
2018-08-01 18:00:00,15574.0,18050.0,16628.027,15611.412
2018-08-01 19:00:00,15569.0,17927.0,15944.163,15716.747
2018-08-01 20:00:00,15122.0,17313.0,15351.421,15227.004
2018-08-01 21:00:00,14449.0,16532.0,14602.313,14770.181
2018-08-01 22:00:00,14246.0,15997.0,14399.222,14535.036
2018-08-01 23:00:00,13778.0,15321.0,13950.885,13964.798
2018-08-02 00:00:00,12892.0,14185.0,12577.83,12676.579
2018-08-02 01:00:00,11916.0,13054.0,11450.493,11595.644
2018-08-02 02:00:00,11095.0,12096.0,10630.847,10814.458
2018-08-02 03:00:00,10530.0,11432.0,9939.966,10219.24
2018-08-02 04:00:00,10165.0,10929.0,9539.763,9855.309
2018-08-02 05:00:00,9931.0,10600.0,9238.347,9455.849
2018-08-02 06:00:00,9996.0,10645.0,9388.133,9513.755
2018-08-02 07:00:00,10482.0,11085.0,10308.33,10094.202
2018-08-02 08:00:00,11200.0,11769.0,11326.026,10984.076
2018-08-02 09:00:00,12179.0,12686.0,12742.0205,11944.748
2018-08-02 10:00:00,13042.0,13498.0,14113.96,12806.72
2018-08-02 11:00:00,13828.0,14258.0,14665.427,13527.952
2018-08-02 12:00:00,14790.0,14902.0,16010.418,14381.53
2018-08-02 13:00:00,15527.0,15314.0,16770.953,14999.769
2018-08-02 14:00:00,16074.0,15585.0,17242.38,15537.179
2018-08-02 15:00:00,16584.0,15810.0,17058.244,16026.956
2018-08-02 16:00:00,16869.0,15942.0,17134.219,16430.236
2018-08-02 17:00:00,17015.0,15924.0,17559.51,16750.277
2018-08-02 18:00:00,17068.0,15715.0,17683.754,17027.049
2018-08-02 19:00:00,16897.0,15244.0,16710.512,16818.87
2018-08-02 20:00:00,16437.0,14579.0,15610.256,16056.952
2018-08-02 21:00:00,15590.0,13945.0,15016.105,15475.855
2018-08-02 22:00:00,15086.0,13626.0,14982.006,15319.29
2018-08-02 23:00:00,14448.0,13174.0,14482.212,14862.388
2018-08-03 00:00:00,13335.0,12206.0,12935.571,13767.914
